[2026-04-08 15:08:06,713] INFO e96a404f-c71c-479f-a206-9908091431b9 Request Log Address(host='127.0.0.1', port=49772) POST http://127.0.0.1:8000/api/system/login Headers({'user-agent': 'PostmanRuntime/7.53.0', 'accept': '*/*', 'postman-token': '83ae118e-4f06-47e4-9c21-7bbcf0cbf4ee', 'host': '127.0.0.1:8000', 'accept-encoding': 'gzip, deflate, br', 'connection': 'keep-alive', 'content-length': '0'})
 b''
[2026-04-08 15:08:38,508] INFO e29ab8ab-5231-4949-b92d-f357808eea20 Request Log Address(host='127.0.0.1', port=49900) GET http://127.0.0.1:8000/api/system/role Headers({'user-agent': 'PostmanRuntime/7.53.0', 'accept': '*/*', 'postman-token': 'fbacb0aa-1483-40cd-99cf-00ba960b5d9e', 'host': '127.0.0.1:8000', 'accept-encoding': 'gzip, deflate, br', 'connection': 'keep-alive'})
 b''
[2026-04-08 15:08:38,520] INFO e29ab8ab-5231-4949-b92d-f357808eea20 Response Log 0.011196136474609375s MutableHeaders({'content-length': '63', 'content-type': 'application/json', 'x-response-time': '0.011196136474609375'})
 {"code":200,"data":{"total":0,"items":[]},"msg":"请求成功"}
[2026-04-08 15:10:02,452] INFO 42ce5f9d-a477-4ba1-b63b-a1a5e98f8b5c Request Log Address(host='127.0.0.1', port=50207) GET http://127.0.0.1:8000/api/system/user Headers({'user-agent': 'PostmanRuntime/7.53.0', 'accept': '*/*', 'postman-token': 'c2453473-a5a4-451d-bcc8-cc731d4ed1e0', 'host': '127.0.0.1:8000', 'accept-encoding': 'gzip, deflate, br', 'connection': 'keep-alive'})
 b''
[2026-04-08 15:10:02,456] INFO 42ce5f9d-a477-4ba1-b63b-a1a5e98f8b5c Response Log 0.003368854522705078s MutableHeaders({'content-length': '63', 'content-type': 'application/json', 'x-response-time': '0.003368854522705078'})
 {"code":200,"data":{"total":0,"items":[]},"msg":"请求成功"}
[2026-04-08 15:10:12,200] INFO beb6e2f4-d027-4ec5-90f1-354796619d57 Request Log Address(host='127.0.0.1', port=50247) GET http://127.0.0.1:8000/api/system/menu Headers({'user-agent': 'PostmanRuntime/7.53.0', 'accept': '*/*', 'postman-token': '7edfebfa-809a-4f81-8105-11547c162061', 'host': '127.0.0.1:8000', 'accept-encoding': 'gzip, deflate, br', 'connection': 'keep-alive'})
 b''
[2026-04-08 15:10:12,203] INFO beb6e2f4-d027-4ec5-90f1-354796619d57 Response Log 0.002669811248779297s MutableHeaders({'content-length': '43', 'content-type': 'application/json', 'x-response-time': '0.002669811248779297'})
 {"code":200,"data":[],"msg":"请求成功"}
[2026-04-08 15:12:29,860] INFO 2a915b85-a5ed-40ad-a663-964f0c0df4b0 Request Log Address(host='127.0.0.1', port=50761) POST http://127.0.0.1:8000/api/system/login Headers({'user-agent': 'PostmanRuntime/7.53.0', 'accept': '*/*', 'postman-token': '9a363501-9c25-4aca-88c2-692474a4d37a', 'host': '127.0.0.1:8000', 'accept-encoding': 'gzip, deflate, br', 'connection': 'keep-alive', 'content-length': '0'})
 b''
[2026-04-08 15:14:23,626] INFO 3afc81de-9cbc-4fd5-bbe3-2197008679c5 Request Log Address(host='127.0.0.1', port=51151) POST http://127.0.0.1:8000/api/system/login?curl%20-X%20POST%20%22http=//127.0.0.1:8000/api/system/login%22%20\&-H%20%22Content-Type=%20application/json%22%20\&-d%20%27{=&%22username%22=%20%22admin%22,&%22password%22=%20%22123456%22&}%27= Headers({'user-agent': 'PostmanRuntime/7.53.0', 'accept': '*/*', 'postman-token': 'a40a35a6-797c-49a7-aaaf-5ed63be09c2b', 'host': '127.0.0.1:8000', 'accept-encoding': 'gzip, deflate, br', 'connection': 'keep-alive', 'content-length': '0'})
 b''
[2026-04-08 15:14:25,713] INFO 28053d9f-1937-4aae-899e-b23ef37bdf77 Request Log Address(host='127.0.0.1', port=51151) POST http://127.0.0.1:8000/api/system/login?curl%20-X%20POST%20%22http=//127.0.0.1:8000/api/system/login%22%20\&-H%20%22Content-Type=%20application/json%22%20\&-d%20%27{=&%22username%22=%20%22admin%22,&%22password%22=%20%22123456%22&}%27= Headers({'user-agent': 'PostmanRuntime/7.53.0', 'accept': '*/*', 'postman-token': '9f618718-5c40-4297-9b27-987593a3d273', 'host': '127.0.0.1:8000', 'accept-encoding': 'gzip, deflate, br', 'connection': 'keep-alive', 'content-length': '0'})
 b''
[2026-04-08 15:14:26,417] INFO 5c097bbc-90a5-4b5f-936d-be343f8ef0a8 Request Log Address(host='127.0.0.1', port=51151) POST http://127.0.0.1:8000/api/system/login?curl%20-X%20POST%20%22http=//127.0.0.1:8000/api/system/login%22%20\&-H%20%22Content-Type=%20application/json%22%20\&-d%20%27{=&%22username%22=%20%22admin%22,&%22password%22=%20%22123456%22&}%27= Headers({'user-agent': 'PostmanRuntime/7.53.0', 'accept': '*/*', 'postman-token': '162baffa-700b-4786-b3bd-3231bf1a6c27', 'host': '127.0.0.1:8000', 'accept-encoding': 'gzip, deflate, br', 'connection': 'keep-alive', 'content-length': '0'})
 b''
[2026-04-08 15:14:46,918] INFO b455619c-987d-493f-8fec-ccf6fa2cb8c3 Request Log Address(host='127.0.0.1', port=51232) POST http://127.0.0.1:8000/api/system/login Headers({'user-agent': 'PostmanRuntime/7.53.0', 'accept': '*/*', 'postman-token': '972a4ba1-bb37-47fd-a9ba-aa3e0acef2e7', 'host': '127.0.0.1:8000', 'accept-encoding': 'gzip, deflate, br', 'connection': 'keep-alive', 'content-length': '0'})
 b''
[2026-04-08 15:15:22,436] INFO b2e987cd-9337-40d3-960f-ac44f4b9c125 Request Log Address(host='127.0.0.1', port=51347) POST http://127.0.0.1:8000/api/system/login Headers({'content-type': 'application/json', 'user-agent': 'PostmanRuntime/7.53.0', 'accept': '*/*', 'postman-token': 'bff15816-8793-487f-8aa9-6a6402b15ecc', 'host': '127.0.0.1:8000', 'accept-encoding': 'gzip, deflate, br', 'connection': 'keep-alive', 'content-length': '1774'})
 b'{"query":"\\n    query IntrospectionQuery {\\n      __schema {\\n        \\n        queryType { name }\\n        mutationType { name }\\n        subscriptionType { name }\\n        types {\\n          ...FullType\\n        }\\n        directives {\\n          name\\n          description\\n          \\n          locations\\n          args {\\n            ...InputValue\\n          }\\n        }\\n      }\\n    }\\n\\n    fragment FullType on __Type {\\n      kind\\n      name\\n      description\\n      \\n      fields(includeDeprecated: true) {\\n        name\\n        description\\n        args {\\n          ...InputValue\\n        }\\n        type {\\n          ...TypeRef\\n        }\\n        isDeprecated\\n        deprecationReason\\n      }\\n      inputFields {\\n        ...InputValue\\n      }\\n      interfaces {\\n        ...TypeRef\\n      }\\n      enumValues(includeDeprecated: true) {\\n        name\\n        description\\n        isDeprecated\\n        deprecationReason\\n      }\\n      possibleTypes {\\n        ...TypeRef\\n      }\\n    }\\n\\n    fragment InputValue on __InputValue {\\n      name\\n      description\\n      type { ...TypeRef }\\n      defaultValue\\n      \\n      \\n    }\\n\\n    fragment TypeRef on __Type {\\n      kind\\n      name\\n      ofType {\\n        kind\\n        name\\n        ofType {\\n          kind\\n          name\\n          ofType {\\n            kind\\n            name\\n            ofType {\\n              kind\\n              name\\n              ofType {\\n                kind\\n                name\\n                ofType {\\n                  kind\\n                  name\\n                  ofType {\\n                    kind\\n                    name\\n                  }\\n                }\\n              }\\n            }\\n          }\\n        }\\n      }\\n    }\\n  "}'
[2026-04-08 15:15:22,451] ERROR b2e987cd-9337-40d3-960f-ac44f4b9c125 Exception Log: 1 validation error:
  {'type': 'missing', 'loc': ('response', 'data'), 'msg': 'Field required', 'input': {'code': 400, 'msg': '账号或密码错误'}}

  File "/Users/alpha-macstudio/Documents/work/AUDIT_PROJECT/backend/modules/system/api/auth_api.py", line 13, in login
    POST /api/system/login
Traceback (most recent call last):
  File "/opt/homebrew/Caskroom/miniforge/base/envs/audit-project/lib/python3.11/site-packages/starlette/middleware/errors.py", line 164, in __call__
    await self.app(scope, receive, _send)
  File "/opt/homebrew/Caskroom/miniforge/base/envs/audit-project/lib/python3.11/site-packages/starlette/middleware/cors.py", line 88, in __call__
    await self.app(scope, receive, send)
  File "/opt/homebrew/Caskroom/miniforge/base/envs/audit-project/lib/python3.11/site-packages/starlette/middleware/exceptions.py", line 63, in __call__
    await wrap_app_handling_exceptions(self.app, conn)(scope, receive, send)
  File "/opt/homebrew/Caskroom/miniforge/base/envs/audit-project/lib/python3.11/site-packages/starlette/_exception_handler.py", line 53, in wrapped_app
    raise exc
  File "/opt/homebrew/Caskroom/miniforge/base/envs/audit-project/lib/python3.11/site-packages/starlette/_exception_handler.py", line 42, in wrapped_app
    await app(scope, receive, sender)
  File "/opt/homebrew/Caskroom/miniforge/base/envs/audit-project/lib/python3.11/site-packages/fastapi/middleware/asyncexitstack.py", line 18, in __call__
    await self.app(scope, receive, send)
  File "/opt/homebrew/Caskroom/miniforge/base/envs/audit-project/lib/python3.11/site-packages/starlette/routing.py", line 660, in __call__
    await self.middleware_stack(scope, receive, send)
  File "/opt/homebrew/Caskroom/miniforge/base/envs/audit-project/lib/python3.11/site-packages/starlette/routing.py", line 680, in app
    await route.handle(scope, receive, send)
  File "/opt/homebrew/Caskroom/miniforge/base/envs/audit-project/lib/python3.11/site-packages/starlette/routing.py", line 276, in handle
    await self.app(scope, receive, send)
  File "/opt/homebrew/Caskroom/miniforge/base/envs/audit-project/lib/python3.11/site-packages/fastapi/routing.py", line 134, in app
    await wrap_app_handling_exceptions(app, request)(scope, receive, send)
  File "/opt/homebrew/Caskroom/miniforge/base/envs/audit-project/lib/python3.11/site-packages/starlette/_exception_handler.py", line 53, in wrapped_app
    raise exc
  File "/opt/homebrew/Caskroom/miniforge/base/envs/audit-project/lib/python3.11/site-packages/starlette/_exception_handler.py", line 42, in wrapped_app
    await app(scope, receive, sender)
  File "/opt/homebrew/Caskroom/miniforge/base/envs/audit-project/lib/python3.11/site-packages/fastapi/routing.py", line 120, in app
    response = await f(request)
               ^^^^^^^^^^^^^^^^
  File "/Users/alpha-macstudio/Documents/work/AUDIT_PROJECT/backend/app/core/middleware.py", line 37, in custom_route_handler
    response: Response = await original_route_handler(request)
                         ^^^^^^^^^^^^^^^^^^^^^^^^^^^^^^^^^^^^^
  File "/opt/homebrew/Caskroom/miniforge/base/envs/audit-project/lib/python3.11/site-packages/fastapi/routing.py", line 695, in app
    content = await serialize_response(
              ^^^^^^^^^^^^^^^^^^^^^^^^^
  File "/opt/homebrew/Caskroom/miniforge/base/envs/audit-project/lib/python3.11/site-packages/fastapi/routing.py", line 300, in serialize_response
    raise ResponseValidationError(
fastapi.exceptions.ResponseValidationError: 1 validation error:
  {'type': 'missing', 'loc': ('response', 'data'), 'msg': 'Field required', 'input': {'code': 400, 'msg': '账号或密码错误'}}

  File "/Users/alpha-macstudio/Documents/work/AUDIT_PROJECT/backend/modules/system/api/auth_api.py", line 13, in login
    POST /api/system/login
[2026-04-08 15:16:43,432] INFO 5d06de23-2842-433a-9a00-ba17a6277543 Request Log Address(host='127.0.0.1', port=51708) POST http://127.0.0.1:8000/api/system/login Headers({'content-type': 'text/plain', 'user-agent': 'PostmanRuntime/7.53.0', 'accept': '*/*', 'postman-token': '88b6a32c-3e39-4472-8270-92d69e384b3a', 'host': '127.0.0.1:8000', 'accept-encoding': 'gzip, deflate, br', 'connection': 'keep-alive', 'content-length': '158'})
 b'curl -X POST "http://127.0.0.1:8000/api/system/login" \\\n  -H "Content-Type: application/json" \\\n  -d \'{\n    "username": "admin",\n    "password": "123456"\n  }\''
[2026-04-08 15:17:58,398] INFO d96495b0-af38-413e-b217-e817f40df1a0 Request Log Address(host='127.0.0.1', port=51981) POST http://127.0.0.1:8000/api/system/login Headers({'content-type': 'application/json', 'user-agent': 'PostmanRuntime/7.53.0', 'accept': '*/*', 'postman-token': 'abf28fd8-988d-4700-8e18-657a538bf09b', 'host': '127.0.0.1:8000', 'accept-encoding': 'gzip, deflate, br', 'connection': 'keep-alive', 'content-length': '53'})
 b'{\n    "username": "admin",\n    "password": "123456"\n}'
[2026-04-08 15:17:58,399] ERROR d96495b0-af38-413e-b217-e817f40df1a0 Exception Log: 1 validation error:
  {'type': 'missing', 'loc': ('response', 'data'), 'msg': 'Field required', 'input': {'code': 400, 'msg': '账号或密码错误'}}

  File "/Users/alpha-macstudio/Documents/work/AUDIT_PROJECT/backend/modules/system/api/auth_api.py", line 13, in login
    POST /api/system/login
Traceback (most recent call last):
  File "/opt/homebrew/Caskroom/miniforge/base/envs/audit-project/lib/python3.11/site-packages/starlette/middleware/errors.py", line 164, in __call__
    await self.app(scope, receive, _send)
  File "/opt/homebrew/Caskroom/miniforge/base/envs/audit-project/lib/python3.11/site-packages/starlette/middleware/cors.py", line 88, in __call__
    await self.app(scope, receive, send)
  File "/opt/homebrew/Caskroom/miniforge/base/envs/audit-project/lib/python3.11/site-packages/starlette/middleware/exceptions.py", line 63, in __call__
    await wrap_app_handling_exceptions(self.app, conn)(scope, receive, send)
  File "/opt/homebrew/Caskroom/miniforge/base/envs/audit-project/lib/python3.11/site-packages/starlette/_exception_handler.py", line 53, in wrapped_app
    raise exc
  File "/opt/homebrew/Caskroom/miniforge/base/envs/audit-project/lib/python3.11/site-packages/starlette/_exception_handler.py", line 42, in wrapped_app
    await app(scope, receive, sender)
  File "/opt/homebrew/Caskroom/miniforge/base/envs/audit-project/lib/python3.11/site-packages/fastapi/middleware/asyncexitstack.py", line 18, in __call__
    await self.app(scope, receive, send)
  File "/opt/homebrew/Caskroom/miniforge/base/envs/audit-project/lib/python3.11/site-packages/starlette/routing.py", line 660, in __call__
    await self.middleware_stack(scope, receive, send)
  File "/opt/homebrew/Caskroom/miniforge/base/envs/audit-project/lib/python3.11/site-packages/starlette/routing.py", line 680, in app
    await route.handle(scope, receive, send)
  File "/opt/homebrew/Caskroom/miniforge/base/envs/audit-project/lib/python3.11/site-packages/starlette/routing.py", line 276, in handle
    await self.app(scope, receive, send)
  File "/opt/homebrew/Caskroom/miniforge/base/envs/audit-project/lib/python3.11/site-packages/fastapi/routing.py", line 134, in app
    await wrap_app_handling_exceptions(app, request)(scope, receive, send)
  File "/opt/homebrew/Caskroom/miniforge/base/envs/audit-project/lib/python3.11/site-packages/starlette/_exception_handler.py", line 53, in wrapped_app
    raise exc
  File "/opt/homebrew/Caskroom/miniforge/base/envs/audit-project/lib/python3.11/site-packages/starlette/_exception_handler.py", line 42, in wrapped_app
    await app(scope, receive, sender)
  File "/opt/homebrew/Caskroom/miniforge/base/envs/audit-project/lib/python3.11/site-packages/fastapi/routing.py", line 120, in app
    response = await f(request)
               ^^^^^^^^^^^^^^^^
  File "/Users/alpha-macstudio/Documents/work/AUDIT_PROJECT/backend/app/core/middleware.py", line 37, in custom_route_handler
    response: Response = await original_route_handler(request)
                         ^^^^^^^^^^^^^^^^^^^^^^^^^^^^^^^^^^^^^
  File "/opt/homebrew/Caskroom/miniforge/base/envs/audit-project/lib/python3.11/site-packages/fastapi/routing.py", line 695, in app
    content = await serialize_response(
              ^^^^^^^^^^^^^^^^^^^^^^^^^
  File "/opt/homebrew/Caskroom/miniforge/base/envs/audit-project/lib/python3.11/site-packages/fastapi/routing.py", line 300, in serialize_response
    raise ResponseValidationError(
fastapi.exceptions.ResponseValidationError: 1 validation error:
  {'type': 'missing', 'loc': ('response', 'data'), 'msg': 'Field required', 'input': {'code': 400, 'msg': '账号或密码错误'}}

  File "/Users/alpha-macstudio/Documents/work/AUDIT_PROJECT/backend/modules/system/api/auth_api.py", line 13, in login
    POST /api/system/login
[2026-04-08 16:07:15,519] INFO 6de08e54-ee60-49f8-9684-bc78f3b429bd Request Log Address(host='127.0.0.1', port=50125) POST http://localhost:8000/api/system/login Headers({'accept-language': 'en-US,en;q=0.9,zh-CN;q=0.8,zh;q=0.7', 'accept-encoding': 'gzip, deflate, br, zstd', 'referer': 'http://localhost:5173/login', 'sec-fetch-dest': 'empty', 'sec-fetch-mode': 'cors', 'sec-fetch-site': 'same-origin', 'origin': 'http://localhost:5173', 'sec-ch-ua-mobile': '?0', 'content-type': 'application/json', 'sec-ch-ua': '"Chromium";v="146", "Not-A.Brand";v="24", "Google Chrome";v="146"', 'accept': 'application/json, text/plain, */*', 'user-agent': 'Mozilla/5.0 (Macintosh; Intel Mac OS X 10_15_7) AppleWebKit/537.36 (KHTML, like Gecko) Chrome/146.0.0.0 Safari/537.36', 'authorization': 'Bearer', 'sec-ch-ua-platform': '"macOS"', 'content-length': '40', 'connection': 'close', 'host': 'localhost:8000'})
 b'{"username":"admin","password":"123456"}'
[2026-04-08 16:07:15,525] ERROR 6de08e54-ee60-49f8-9684-bc78f3b429bd Exception Log: 1 validation error:
  {'type': 'missing', 'loc': ('response', 'data'), 'msg': 'Field required', 'input': {'code': 400, 'msg': '账号或密码错误'}}

  File "/Users/alpha-macstudio/Documents/work/AUDIT_PROJECT/backend/modules/system/api/auth_api.py", line 13, in login
    POST /api/system/login
Traceback (most recent call last):
  File "/opt/homebrew/Caskroom/miniforge/base/envs/audit-project/lib/python3.11/site-packages/starlette/middleware/errors.py", line 164, in __call__
    await self.app(scope, receive, _send)
  File "/opt/homebrew/Caskroom/miniforge/base/envs/audit-project/lib/python3.11/site-packages/starlette/middleware/cors.py", line 96, in __call__
    await self.simple_response(scope, receive, send, request_headers=headers)
  File "/opt/homebrew/Caskroom/miniforge/base/envs/audit-project/lib/python3.11/site-packages/starlette/middleware/cors.py", line 154, in simple_response
    await self.app(scope, receive, send)
  File "/opt/homebrew/Caskroom/miniforge/base/envs/audit-project/lib/python3.11/site-packages/starlette/middleware/exceptions.py", line 63, in __call__
    await wrap_app_handling_exceptions(self.app, conn)(scope, receive, send)
  File "/opt/homebrew/Caskroom/miniforge/base/envs/audit-project/lib/python3.11/site-packages/starlette/_exception_handler.py", line 53, in wrapped_app
    raise exc
  File "/opt/homebrew/Caskroom/miniforge/base/envs/audit-project/lib/python3.11/site-packages/starlette/_exception_handler.py", line 42, in wrapped_app
    await app(scope, receive, sender)
  File "/opt/homebrew/Caskroom/miniforge/base/envs/audit-project/lib/python3.11/site-packages/fastapi/middleware/asyncexitstack.py", line 18, in __call__
    await self.app(scope, receive, send)
  File "/opt/homebrew/Caskroom/miniforge/base/envs/audit-project/lib/python3.11/site-packages/starlette/routing.py", line 660, in __call__
    await self.middleware_stack(scope, receive, send)
  File "/opt/homebrew/Caskroom/miniforge/base/envs/audit-project/lib/python3.11/site-packages/starlette/routing.py", line 680, in app
    await route.handle(scope, receive, send)
  File "/opt/homebrew/Caskroom/miniforge/base/envs/audit-project/lib/python3.11/site-packages/starlette/routing.py", line 276, in handle
    await self.app(scope, receive, send)
  File "/opt/homebrew/Caskroom/miniforge/base/envs/audit-project/lib/python3.11/site-packages/fastapi/routing.py", line 134, in app
    await wrap_app_handling_exceptions(app, request)(scope, receive, send)
  File "/opt/homebrew/Caskroom/miniforge/base/envs/audit-project/lib/python3.11/site-packages/starlette/_exception_handler.py", line 53, in wrapped_app
    raise exc
  File "/opt/homebrew/Caskroom/miniforge/base/envs/audit-project/lib/python3.11/site-packages/starlette/_exception_handler.py", line 42, in wrapped_app
    await app(scope, receive, sender)
  File "/opt/homebrew/Caskroom/miniforge/base/envs/audit-project/lib/python3.11/site-packages/fastapi/routing.py", line 120, in app
    response = await f(request)
               ^^^^^^^^^^^^^^^^
  File "/Users/alpha-macstudio/Documents/work/AUDIT_PROJECT/backend/app/core/middleware.py", line 37, in custom_route_handler
    response: Response = await original_route_handler(request)
                         ^^^^^^^^^^^^^^^^^^^^^^^^^^^^^^^^^^^^^
  File "/opt/homebrew/Caskroom/miniforge/base/envs/audit-project/lib/python3.11/site-packages/fastapi/routing.py", line 695, in app
    content = await serialize_response(
              ^^^^^^^^^^^^^^^^^^^^^^^^^
  File "/opt/homebrew/Caskroom/miniforge/base/envs/audit-project/lib/python3.11/site-packages/fastapi/routing.py", line 300, in serialize_response
    raise ResponseValidationError(
fastapi.exceptions.ResponseValidationError: 1 validation error:
  {'type': 'missing', 'loc': ('response', 'data'), 'msg': 'Field required', 'input': {'code': 400, 'msg': '账号或密码错误'}}

  File "/Users/alpha-macstudio/Documents/work/AUDIT_PROJECT/backend/modules/system/api/auth_api.py", line 13, in login
    POST /api/system/login
[2026-04-08 16:40:42,382] INFO 9d799795-263f-4c3a-877b-08b72c23a3f9 Request Log Address(host='127.0.0.1', port=64172) POST http://localhost:8000/api/system/login Headers({'accept-language': 'en-US,en;q=0.9,zh-CN;q=0.8,zh;q=0.7', 'accept-encoding': 'gzip, deflate, br, zstd', 'referer': 'http://localhost:5173/login', 'sec-fetch-dest': 'empty', 'sec-fetch-mode': 'cors', 'sec-fetch-site': 'same-origin', 'origin': 'http://localhost:5173', 'sec-ch-ua-mobile': '?0', 'content-type': 'application/json', 'sec-ch-ua': '"Chromium";v="146", "Not-A.Brand";v="24", "Google Chrome";v="146"', 'accept': 'application/json, text/plain, */*', 'user-agent': 'Mozilla/5.0 (Macintosh; Intel Mac OS X 10_15_7) AppleWebKit/537.36 (KHTML, like Gecko) Chrome/146.0.0.0 Safari/537.36', 'authorization': 'Bearer', 'sec-ch-ua-platform': '"macOS"', 'content-length': '40', 'connection': 'close', 'host': 'localhost:8000'})
 b'{"username":"admin","password":"123456"}'
[2026-04-08 16:40:42,630] INFO 9d799795-263f-4c3a-877b-08b72c23a3f9 Response Log 0.24768304824829102s MutableHeaders({'content-length': '206', 'content-type': 'application/json', 'x-response-time': '0.24768304824829102'})
 {"code":200,"data":{"id":1,"token":"eyJhbGciOiJIUzI1NiIsInR5cCI6IkpXVCJ9.eyJzdWIiOiJhZG1pbiIsImV4cCI6MTc3NjI0MjQ0Mn0.Nn0tIT3TJRZ9is0JISjCEPy1QbB_BwxHEdYxkSy5qsY","token_type":"Bearer"},"msg":"请求成功"}
[2026-04-08 16:40:42,637] INFO 491af9ad-bc3e-4105-abfc-10ff251d0a78 Request Log Address(host='127.0.0.1', port=64175) GET http://localhost:8000/api/system/user/1 Headers({'accept-language': 'en-US,en;q=0.9,zh-CN;q=0.8,zh;q=0.7', 'accept-encoding': 'gzip, deflate, br, zstd', 'referer': 'http://localhost:5173/login', 'sec-fetch-dest': 'empty', 'sec-fetch-mode': 'cors', 'sec-fetch-site': 'same-origin', 'sec-ch-ua-mobile': '?0', 'sec-ch-ua': '"Chromium";v="146", "Not-A.Brand";v="24", "Google Chrome";v="146"', 'accept': 'application/json, text/plain, */*', 'user-agent': 'Mozilla/5.0 (Macintosh; Intel Mac OS X 10_15_7) AppleWebKit/537.36 (KHTML, like Gecko) Chrome/146.0.0.0 Safari/537.36', 'authorization': 'Bearer eyJhbGciOiJIUzI1NiIsInR5cCI6IkpXVCJ9.eyJzdWIiOiJhZG1pbiIsImV4cCI6MTc3NjI0MjQ0Mn0.Nn0tIT3TJRZ9is0JISjCEPy1QbB_BwxHEdYxkSy5qsY', 'sec-ch-ua-platform': '"macOS"', 'connection': 'close', 'host': 'localhost:8000'})
 b''
[2026-04-08 16:40:42,639] ERROR 491af9ad-bc3e-4105-abfc-10ff251d0a78 Exception Log: syntax error at or near ")"
Traceback (most recent call last):
  File "/opt/homebrew/Caskroom/miniforge/base/envs/audit-project/lib/python3.11/site-packages/tortoise/backends/asyncpg/client.py", line 89, in _translate_exceptions
    return await func(self, *args, **kwargs)
           ^^^^^^^^^^^^^^^^^^^^^^^^^^^^^^^^^
  File "/opt/homebrew/Caskroom/miniforge/base/envs/audit-project/lib/python3.11/site-packages/tortoise/backends/asyncpg/client.py", line 153, in execute_query_dict
    return list(map(dict, await connection.fetch(query, *values)))
                          ^^^^^^^^^^^^^^^^^^^^^^^^^^^^^^^^^^^^^^
  File "/opt/homebrew/Caskroom/miniforge/base/envs/audit-project/lib/python3.11/site-packages/asyncpg/connection.py", line 694, in fetch
    return await self._execute(
           ^^^^^^^^^^^^^^^^^^^^
  File "/opt/homebrew/Caskroom/miniforge/base/envs/audit-project/lib/python3.11/site-packages/asyncpg/connection.py", line 1873, in _execute
    result, _ = await self.__execute(
                ^^^^^^^^^^^^^^^^^^^^^
  File "/opt/homebrew/Caskroom/miniforge/base/envs/audit-project/lib/python3.11/site-packages/asyncpg/connection.py", line 1970, in __execute
    result, stmt = await self._do_execute(
                   ^^^^^^^^^^^^^^^^^^^^^^^
  File "/opt/homebrew/Caskroom/miniforge/base/envs/audit-project/lib/python3.11/site-packages/asyncpg/connection.py", line 2013, in _do_execute
    stmt = await self._get_statement(
           ^^^^^^^^^^^^^^^^^^^^^^^^^^
  File "/opt/homebrew/Caskroom/miniforge/base/envs/audit-project/lib/python3.11/site-packages/asyncpg/connection.py", line 443, in _get_statement
    statement = await self._protocol.prepare(
                ^^^^^^^^^^^^^^^^^^^^^^^^^^^^^
  File "asyncpg/protocol/protocol.pyx", line 165, in prepare
asyncpg.exceptions.PostgresSyntaxError: syntax error at or near ")"

During handling of the above exception, another exception occurred:

Traceback (most recent call last):
  File "/opt/homebrew/Caskroom/miniforge/base/envs/audit-project/lib/python3.11/site-packages/starlette/middleware/errors.py", line 164, in __call__
    await self.app(scope, receive, _send)
  File "/opt/homebrew/Caskroom/miniforge/base/envs/audit-project/lib/python3.11/site-packages/starlette/middleware/cors.py", line 88, in __call__
    await self.app(scope, receive, send)
  File "/opt/homebrew/Caskroom/miniforge/base/envs/audit-project/lib/python3.11/site-packages/starlette/middleware/exceptions.py", line 63, in __call__
    await wrap_app_handling_exceptions(self.app, conn)(scope, receive, send)
  File "/opt/homebrew/Caskroom/miniforge/base/envs/audit-project/lib/python3.11/site-packages/starlette/_exception_handler.py", line 53, in wrapped_app
    raise exc
  File "/opt/homebrew/Caskroom/miniforge/base/envs/audit-project/lib/python3.11/site-packages/starlette/_exception_handler.py", line 42, in wrapped_app
    await app(scope, receive, sender)
  File "/opt/homebrew/Caskroom/miniforge/base/envs/audit-project/lib/python3.11/site-packages/fastapi/middleware/asyncexitstack.py", line 18, in __call__
    await self.app(scope, receive, send)
  File "/opt/homebrew/Caskroom/miniforge/base/envs/audit-project/lib/python3.11/site-packages/starlette/routing.py", line 660, in __call__
    await self.middleware_stack(scope, receive, send)
  File "/opt/homebrew/Caskroom/miniforge/base/envs/audit-project/lib/python3.11/site-packages/starlette/routing.py", line 680, in app
    await route.handle(scope, receive, send)
  File "/opt/homebrew/Caskroom/miniforge/base/envs/audit-project/lib/python3.11/site-packages/starlette/routing.py", line 276, in handle
    await self.app(scope, receive, send)
  File "/opt/homebrew/Caskroom/miniforge/base/envs/audit-project/lib/python3.11/site-packages/fastapi/routing.py", line 134, in app
    await wrap_app_handling_exceptions(app, request)(scope, receive, send)
  File "/opt/homebrew/Caskroom/miniforge/base/envs/audit-project/lib/python3.11/site-packages/starlette/_exception_handler.py", line 53, in wrapped_app
    raise exc
  File "/opt/homebrew/Caskroom/miniforge/base/envs/audit-project/lib/python3.11/site-packages/starlette/_exception_handler.py", line 42, in wrapped_app
    await app(scope, receive, sender)
  File "/opt/homebrew/Caskroom/miniforge/base/envs/audit-project/lib/python3.11/site-packages/fastapi/routing.py", line 120, in app
    response = await f(request)
               ^^^^^^^^^^^^^^^^
  File "/Users/alpha-macstudio/Documents/work/AUDIT_PROJECT/backend/app/core/middleware.py", line 37, in custom_route_handler
    response: Response = await original_route_handler(request)
                         ^^^^^^^^^^^^^^^^^^^^^^^^^^^^^^^^^^^^^
  File "/opt/homebrew/Caskroom/miniforge/base/envs/audit-project/lib/python3.11/site-packages/fastapi/routing.py", line 674, in app
    raw_response = await run_endpoint_function(
                   ^^^^^^^^^^^^^^^^^^^^^^^^^^^^
  File "/opt/homebrew/Caskroom/miniforge/base/envs/audit-project/lib/python3.11/site-packages/fastapi/routing.py", line 328, in run_endpoint_function
    return await dependant.call(**values)
           ^^^^^^^^^^^^^^^^^^^^^^^^^^^^^^
  File "/Users/alpha-macstudio/Documents/work/AUDIT_PROJECT/backend/modules/system/api/user_api.py", line 41, in user_info
    return await UserService.get_item(pk)
           ^^^^^^^^^^^^^^^^^^^^^^^^^^^^^^
  File "/Users/alpha-macstudio/Documents/work/AUDIT_PROJECT/backend/modules/system/services/user.py", line 38, in get_item
    roles = await has_roles(user_obj.id)
            ^^^^^^^^^^^^^^^^^^^^^^^^^^^^
  File "/Users/alpha-macstudio/Documents/work/AUDIT_PROJECT/backend/app/core/dbhelper.py", line 128, in has_roles
    return await UserRoleDao.raw_sql(sql, [uid])
           ^^^^^^^^^^^^^^^^^^^^^^^^^^^^^^^^^^^^^
  File "/Users/alpha-macstudio/Documents/work/AUDIT_PROJECT/backend/app/core/dbhelper.py", line 109, in raw_sql
    return await db.execute_query_dict(sql, args)
           ^^^^^^^^^^^^^^^^^^^^^^^^^^^^^^^^^^^^^^
  File "/opt/homebrew/Caskroom/miniforge/base/envs/audit-project/lib/python3.11/site-packages/tortoise/backends/base_postgres/client.py", line 33, in _translate_exceptions
    return await self._translate_exceptions(func, *args, **kwargs)
           ^^^^^^^^^^^^^^^^^^^^^^^^^^^^^^^^^^^^^^^^^^^^^^^^^^^^^^^
  File "/opt/homebrew/Caskroom/miniforge/base/envs/audit-project/lib/python3.11/site-packages/tortoise/backends/asyncpg/client.py", line 91, in _translate_exceptions
    raise OperationalError(exc)
tortoise.exceptions.OperationalError: syntax error at or near ")"
[2026-04-08 16:40:44,714] INFO fde786ab-3f83-42bf-88c5-2074c967fb82 Request Log Address(host='127.0.0.1', port=64182) POST http://localhost:8000/api/system/login Headers({'accept-language': 'en-US,en;q=0.9,zh-CN;q=0.8,zh;q=0.7', 'accept-encoding': 'gzip, deflate, br, zstd', 'referer': 'http://localhost:5173/login', 'sec-fetch-dest': 'empty', 'sec-fetch-mode': 'cors', 'sec-fetch-site': 'same-origin', 'origin': 'http://localhost:5173', 'sec-ch-ua-mobile': '?0', 'content-type': 'application/json', 'sec-ch-ua': '"Chromium";v="146", "Not-A.Brand";v="24", "Google Chrome";v="146"', 'accept': 'application/json, text/plain, */*', 'user-agent': 'Mozilla/5.0 (Macintosh; Intel Mac OS X 10_15_7) AppleWebKit/537.36 (KHTML, like Gecko) Chrome/146.0.0.0 Safari/537.36', 'authorization': 'Bearer eyJhbGciOiJIUzI1NiIsInR5cCI6IkpXVCJ9.eyJzdWIiOiJhZG1pbiIsImV4cCI6MTc3NjI0MjQ0Mn0.Nn0tIT3TJRZ9is0JISjCEPy1QbB_BwxHEdYxkSy5qsY', 'sec-ch-ua-platform': '"macOS"', 'content-length': '40', 'connection': 'close', 'host': 'localhost:8000'})
 b'{"username":"admin","password":"123456"}'
[2026-04-08 16:40:44,940] INFO fde786ab-3f83-42bf-88c5-2074c967fb82 Response Log 0.22560787200927734s MutableHeaders({'content-length': '206', 'content-type': 'application/json', 'x-response-time': '0.22560787200927734'})
 {"code":200,"data":{"id":1,"token":"eyJhbGciOiJIUzI1NiIsInR5cCI6IkpXVCJ9.eyJzdWIiOiJhZG1pbiIsImV4cCI6MTc3NjI0MjQ0NH0.kZjyV7yl-7DK789BpCERGfQvhjvw9QhbQz4edB0O4RY","token_type":"Bearer"},"msg":"请求成功"}
[2026-04-08 16:40:44,945] INFO 48c5a2eb-ecd7-4eb3-ab77-cc9ca563a0d8 Request Log Address(host='127.0.0.1', port=64184) GET http://localhost:8000/api/system/user/1 Headers({'accept-language': 'en-US,en;q=0.9,zh-CN;q=0.8,zh;q=0.7', 'accept-encoding': 'gzip, deflate, br, zstd', 'referer': 'http://localhost:5173/login', 'sec-fetch-dest': 'empty', 'sec-fetch-mode': 'cors', 'sec-fetch-site': 'same-origin', 'sec-ch-ua-mobile': '?0', 'sec-ch-ua': '"Chromium";v="146", "Not-A.Brand";v="24", "Google Chrome";v="146"', 'accept': 'application/json, text/plain, */*', 'user-agent': 'Mozilla/5.0 (Macintosh; Intel Mac OS X 10_15_7) AppleWebKit/537.36 (KHTML, like Gecko) Chrome/146.0.0.0 Safari/537.36', 'authorization': 'Bearer eyJhbGciOiJIUzI1NiIsInR5cCI6IkpXVCJ9.eyJzdWIiOiJhZG1pbiIsImV4cCI6MTc3NjI0MjQ0NH0.kZjyV7yl-7DK789BpCERGfQvhjvw9QhbQz4edB0O4RY', 'sec-ch-ua-platform': '"macOS"', 'connection': 'close', 'host': 'localhost:8000'})
 b''
[2026-04-08 16:40:44,946] ERROR 48c5a2eb-ecd7-4eb3-ab77-cc9ca563a0d8 Exception Log: syntax error at or near ")"
Traceback (most recent call last):
  File "/opt/homebrew/Caskroom/miniforge/base/envs/audit-project/lib/python3.11/site-packages/tortoise/backends/asyncpg/client.py", line 89, in _translate_exceptions
    return await func(self, *args, **kwargs)
           ^^^^^^^^^^^^^^^^^^^^^^^^^^^^^^^^^
  File "/opt/homebrew/Caskroom/miniforge/base/envs/audit-project/lib/python3.11/site-packages/tortoise/backends/asyncpg/client.py", line 153, in execute_query_dict
    return list(map(dict, await connection.fetch(query, *values)))
                          ^^^^^^^^^^^^^^^^^^^^^^^^^^^^^^^^^^^^^^
  File "/opt/homebrew/Caskroom/miniforge/base/envs/audit-project/lib/python3.11/site-packages/asyncpg/connection.py", line 694, in fetch
    return await self._execute(
           ^^^^^^^^^^^^^^^^^^^^
  File "/opt/homebrew/Caskroom/miniforge/base/envs/audit-project/lib/python3.11/site-packages/asyncpg/connection.py", line 1873, in _execute
    result, _ = await self.__execute(
                ^^^^^^^^^^^^^^^^^^^^^
  File "/opt/homebrew/Caskroom/miniforge/base/envs/audit-project/lib/python3.11/site-packages/asyncpg/connection.py", line 1970, in __execute
    result, stmt = await self._do_execute(
                   ^^^^^^^^^^^^^^^^^^^^^^^
  File "/opt/homebrew/Caskroom/miniforge/base/envs/audit-project/lib/python3.11/site-packages/asyncpg/connection.py", line 2013, in _do_execute
    stmt = await self._get_statement(
           ^^^^^^^^^^^^^^^^^^^^^^^^^^
  File "/opt/homebrew/Caskroom/miniforge/base/envs/audit-project/lib/python3.11/site-packages/asyncpg/connection.py", line 443, in _get_statement
    statement = await self._protocol.prepare(
                ^^^^^^^^^^^^^^^^^^^^^^^^^^^^^
  File "asyncpg/protocol/protocol.pyx", line 165, in prepare
asyncpg.exceptions.PostgresSyntaxError: syntax error at or near ")"

During handling of the above exception, another exception occurred:

Traceback (most recent call last):
  File "/opt/homebrew/Caskroom/miniforge/base/envs/audit-project/lib/python3.11/site-packages/starlette/middleware/errors.py", line 164, in __call__
    await self.app(scope, receive, _send)
  File "/opt/homebrew/Caskroom/miniforge/base/envs/audit-project/lib/python3.11/site-packages/starlette/middleware/cors.py", line 88, in __call__
    await self.app(scope, receive, send)
  File "/opt/homebrew/Caskroom/miniforge/base/envs/audit-project/lib/python3.11/site-packages/starlette/middleware/exceptions.py", line 63, in __call__
    await wrap_app_handling_exceptions(self.app, conn)(scope, receive, send)
  File "/opt/homebrew/Caskroom/miniforge/base/envs/audit-project/lib/python3.11/site-packages/starlette/_exception_handler.py", line 53, in wrapped_app
    raise exc
  File "/opt/homebrew/Caskroom/miniforge/base/envs/audit-project/lib/python3.11/site-packages/starlette/_exception_handler.py", line 42, in wrapped_app
    await app(scope, receive, sender)
  File "/opt/homebrew/Caskroom/miniforge/base/envs/audit-project/lib/python3.11/site-packages/fastapi/middleware/asyncexitstack.py", line 18, in __call__
    await self.app(scope, receive, send)
  File "/opt/homebrew/Caskroom/miniforge/base/envs/audit-project/lib/python3.11/site-packages/starlette/routing.py", line 660, in __call__
    await self.middleware_stack(scope, receive, send)
  File "/opt/homebrew/Caskroom/miniforge/base/envs/audit-project/lib/python3.11/site-packages/starlette/routing.py", line 680, in app
    await route.handle(scope, receive, send)
  File "/opt/homebrew/Caskroom/miniforge/base/envs/audit-project/lib/python3.11/site-packages/starlette/routing.py", line 276, in handle
    await self.app(scope, receive, send)
  File "/opt/homebrew/Caskroom/miniforge/base/envs/audit-project/lib/python3.11/site-packages/fastapi/routing.py", line 134, in app
    await wrap_app_handling_exceptions(app, request)(scope, receive, send)
  File "/opt/homebrew/Caskroom/miniforge/base/envs/audit-project/lib/python3.11/site-packages/starlette/_exception_handler.py", line 53, in wrapped_app
    raise exc
  File "/opt/homebrew/Caskroom/miniforge/base/envs/audit-project/lib/python3.11/site-packages/starlette/_exception_handler.py", line 42, in wrapped_app
    await app(scope, receive, sender)
  File "/opt/homebrew/Caskroom/miniforge/base/envs/audit-project/lib/python3.11/site-packages/fastapi/routing.py", line 120, in app
    response = await f(request)
               ^^^^^^^^^^^^^^^^
  File "/Users/alpha-macstudio/Documents/work/AUDIT_PROJECT/backend/app/core/middleware.py", line 37, in custom_route_handler
    response: Response = await original_route_handler(request)
                         ^^^^^^^^^^^^^^^^^^^^^^^^^^^^^^^^^^^^^
  File "/opt/homebrew/Caskroom/miniforge/base/envs/audit-project/lib/python3.11/site-packages/fastapi/routing.py", line 674, in app
    raw_response = await run_endpoint_function(
                   ^^^^^^^^^^^^^^^^^^^^^^^^^^^^
  File "/opt/homebrew/Caskroom/miniforge/base/envs/audit-project/lib/python3.11/site-packages/fastapi/routing.py", line 328, in run_endpoint_function
    return await dependant.call(**values)
           ^^^^^^^^^^^^^^^^^^^^^^^^^^^^^^
  File "/Users/alpha-macstudio/Documents/work/AUDIT_PROJECT/backend/modules/system/api/user_api.py", line 41, in user_info
    return await UserService.get_item(pk)
           ^^^^^^^^^^^^^^^^^^^^^^^^^^^^^^
  File "/Users/alpha-macstudio/Documents/work/AUDIT_PROJECT/backend/modules/system/services/user.py", line 38, in get_item
    roles = await has_roles(user_obj.id)
            ^^^^^^^^^^^^^^^^^^^^^^^^^^^^
  File "/Users/alpha-macstudio/Documents/work/AUDIT_PROJECT/backend/app/core/dbhelper.py", line 128, in has_roles
    return await UserRoleDao.raw_sql(sql, [uid])
           ^^^^^^^^^^^^^^^^^^^^^^^^^^^^^^^^^^^^^
  File "/Users/alpha-macstudio/Documents/work/AUDIT_PROJECT/backend/app/core/dbhelper.py", line 109, in raw_sql
    return await db.execute_query_dict(sql, args)
           ^^^^^^^^^^^^^^^^^^^^^^^^^^^^^^^^^^^^^^
  File "/opt/homebrew/Caskroom/miniforge/base/envs/audit-project/lib/python3.11/site-packages/tortoise/backends/base_postgres/client.py", line 33, in _translate_exceptions
    return await self._translate_exceptions(func, *args, **kwargs)
           ^^^^^^^^^^^^^^^^^^^^^^^^^^^^^^^^^^^^^^^^^^^^^^^^^^^^^^^
  File "/opt/homebrew/Caskroom/miniforge/base/envs/audit-project/lib/python3.11/site-packages/tortoise/backends/asyncpg/client.py", line 91, in _translate_exceptions
    raise OperationalError(exc)
tortoise.exceptions.OperationalError: syntax error at or near ")"
[2026-04-08 16:44:39,728] INFO 70f743ad-a1ab-49df-a54f-edcbdfd4e1e6 Request Log Address(host='127.0.0.1', port=64982) POST http://localhost:8000/api/system/login Headers({'accept-language': 'en-US,en;q=0.9,zh-CN;q=0.8,zh;q=0.7', 'accept-encoding': 'gzip, deflate, br, zstd', 'referer': 'http://localhost:5173/login', 'sec-fetch-dest': 'empty', 'sec-fetch-mode': 'cors', 'sec-fetch-site': 'same-origin', 'origin': 'http://localhost:5173', 'sec-ch-ua-mobile': '?0', 'content-type': 'application/json', 'sec-ch-ua': '"Chromium";v="146", "Not-A.Brand";v="24", "Google Chrome";v="146"', 'accept': 'application/json, text/plain, */*', 'user-agent': 'Mozilla/5.0 (Macintosh; Intel Mac OS X 10_15_7) AppleWebKit/537.36 (KHTML, like Gecko) Chrome/146.0.0.0 Safari/537.36', 'authorization': 'Bearer eyJhbGciOiJIUzI1NiIsInR5cCI6IkpXVCJ9.eyJzdWIiOiJhZG1pbiIsImV4cCI6MTc3NjI0MjQ0NH0.kZjyV7yl-7DK789BpCERGfQvhjvw9QhbQz4edB0O4RY', 'sec-ch-ua-platform': '"macOS"', 'content-length': '40', 'connection': 'close', 'host': 'localhost:8000'})
 b'{"username":"admin","password":"123456"}'
[2026-04-08 16:44:39,977] INFO 70f743ad-a1ab-49df-a54f-edcbdfd4e1e6 Response Log 0.2489910125732422s MutableHeaders({'content-length': '206', 'content-type': 'application/json', 'x-response-time': '0.2489910125732422'})
 {"code":200,"data":{"id":1,"token":"eyJhbGciOiJIUzI1NiIsInR5cCI6IkpXVCJ9.eyJzdWIiOiJhZG1pbiIsImV4cCI6MTc3NjI0MjY3OX0.8FX3pcW5rJODw2brpiHkMG_-ydlXW7xlGLSK63a-UAA","token_type":"Bearer"},"msg":"请求成功"}
[2026-04-08 16:44:39,981] INFO 448cbd5b-3639-42fc-84b0-b119b5fa8b49 Request Log Address(host='127.0.0.1', port=64987) GET http://localhost:8000/api/system/user/1 Headers({'accept-language': 'en-US,en;q=0.9,zh-CN;q=0.8,zh;q=0.7', 'accept-encoding': 'gzip, deflate, br, zstd', 'referer': 'http://localhost:5173/login', 'sec-fetch-dest': 'empty', 'sec-fetch-mode': 'cors', 'sec-fetch-site': 'same-origin', 'sec-ch-ua-mobile': '?0', 'sec-ch-ua': '"Chromium";v="146", "Not-A.Brand";v="24", "Google Chrome";v="146"', 'accept': 'application/json, text/plain, */*', 'user-agent': 'Mozilla/5.0 (Macintosh; Intel Mac OS X 10_15_7) AppleWebKit/537.36 (KHTML, like Gecko) Chrome/146.0.0.0 Safari/537.36', 'authorization': 'Bearer eyJhbGciOiJIUzI1NiIsInR5cCI6IkpXVCJ9.eyJzdWIiOiJhZG1pbiIsImV4cCI6MTc3NjI0MjY3OX0.8FX3pcW5rJODw2brpiHkMG_-ydlXW7xlGLSK63a-UAA', 'sec-ch-ua-platform': '"macOS"', 'connection': 'close', 'host': 'localhost:8000'})
 b''
[2026-04-08 16:44:39,986] INFO 448cbd5b-3639-42fc-84b0-b119b5fa8b49 Response Log 0.004506111145019531s MutableHeaders({'content-length': '228', 'content-type': 'application/json', 'x-response-time': '0.004506111145019531'})
 {"code":200,"data":{"id":1,"status":1,"created":"2026-04-08T08:37:44.993827Z","modified":"2026-04-08T08:37:44.993827Z","username":"admin","nickname":"管理员","roles":[{"id":1,"name":"admin","status":5}]},"msg":"请求成功"}
[2026-04-08 16:44:39,996] INFO e3dff1ee-1cbd-4cae-a67b-a9584fa49ef2 Request Log Address(host='127.0.0.1', port=64990) GET http://localhost:8000/api/system/role/1/menu Headers({'accept-language': 'en-US,en;q=0.9,zh-CN;q=0.8,zh;q=0.7', 'accept-encoding': 'gzip, deflate, br, zstd', 'referer': 'http://localhost:5173/login', 'sec-fetch-dest': 'empty', 'sec-fetch-mode': 'cors', 'sec-fetch-site': 'same-origin', 'sec-ch-ua-mobile': '?0', 'sec-ch-ua': '"Chromium";v="146", "Not-A.Brand";v="24", "Google Chrome";v="146"', 'accept': 'application/json, text/plain, */*', 'user-agent': 'Mozilla/5.0 (Macintosh; Intel Mac OS X 10_15_7) AppleWebKit/537.36 (KHTML, like Gecko) Chrome/146.0.0.0 Safari/537.36', 'authorization': 'Bearer eyJhbGciOiJIUzI1NiIsInR5cCI6IkpXVCJ9.eyJzdWIiOiJhZG1pbiIsImV4cCI6MTc3NjI0MjY3OX0.8FX3pcW5rJODw2brpiHkMG_-ydlXW7xlGLSK63a-UAA', 'sec-ch-ua-platform': '"macOS"', 'connection': 'close', 'host': 'localhost:8000'})
 b''
[2026-04-08 16:44:39,999] INFO e3dff1ee-1cbd-4cae-a67b-a9584fa49ef2 Response Log 0.0025060176849365234s MutableHeaders({'content-length': '1477', 'content-type': 'application/json', 'x-response-time': '0.0025060176849365234'})
 {"code":200,"data":[{"id":1,"name":"系统管理","icon":"SettingOutlined","path":"/main/system","type":0,"component":null,"pid":0,"identifier":null,"api":null,"method":null,"children":[{"id":2,"name":"用户管理","icon":"UserOutlined","path":"/main/system/user","type":1,"component":"user/user","pid":1,"identifier":null,"api":"/api/system/user","method":"GET"},{"id":3,"name":"角色管理","icon":"TeamOutlined","path":"/main/system/role","type":1,"component":"role/role","pid":1,"identifier":null,"api":"/api/system/role","method":"GET"},{"id":4,"name":"菜单管理","icon":"MenuOutlined","path":"/main/system/menu","type":1,"component":"menu/menu","pid":1,"identifier":null,"api":"/api/system/menu","method":"GET"}]},{"id":10,"name":"审核中心","icon":"AuditOutlined","path":"/main/audit","type":0,"component":null,"pid":0,"identifier":null,"api":null,"method":null,"children":[{"id":11,"name":"规则库","icon":"DatabaseOutlined","path":"/main/audit/rules","type":1,"component":"audit/rules","pid":10,"identifier":null,"api":"/api/audit/rules","method":"GET"},{"id":12,"name":"规则检索","icon":"SearchOutlined","path":"/main/audit/search","type":1,"component":"audit/search","pid":10,"identifier":null,"api":"/api/audit/search","method":"POST"},{"id":13,"name":"合规判定","icon":"CheckCircleOutlined","path":"/main/audit/judge","type":1,"component":"audit/judge","pid":10,"identifier":null,"api":"/api/audit/judge","method":"POST"}]}],"msg":"请求成功"}
[2026-04-08 16:44:45,847] INFO e950f58b-ffea-4f08-bb36-ae154fbb91b2 Request Log Address(host='127.0.0.1', port=65036) POST http://localhost:8000/api/system/login Headers({'accept-language': 'en-US,en;q=0.9,zh-CN;q=0.8,zh;q=0.7', 'accept-encoding': 'gzip, deflate, br, zstd', 'referer': 'http://localhost:5173/login', 'sec-fetch-dest': 'empty', 'sec-fetch-mode': 'cors', 'sec-fetch-site': 'same-origin', 'origin': 'http://localhost:5173', 'sec-ch-ua-mobile': '?0', 'content-type': 'application/json', 'sec-ch-ua': '"Chromium";v="146", "Not-A.Brand";v="24", "Google Chrome";v="146"', 'accept': 'application/json, text/plain, */*', 'user-agent': 'Mozilla/5.0 (Macintosh; Intel Mac OS X 10_15_7) AppleWebKit/537.36 (KHTML, like Gecko) Chrome/146.0.0.0 Safari/537.36', 'authorization': 'Bearer eyJhbGciOiJIUzI1NiIsInR5cCI6IkpXVCJ9.eyJzdWIiOiJhZG1pbiIsImV4cCI6MTc3NjI0MjY3OX0.8FX3pcW5rJODw2brpiHkMG_-ydlXW7xlGLSK63a-UAA', 'sec-ch-ua-platform': '"macOS"', 'content-length': '40', 'connection': 'close', 'host': 'localhost:8000'})
 b'{"username":"admin","password":"123456"}'
[2026-04-08 16:44:46,063] INFO e950f58b-ffea-4f08-bb36-ae154fbb91b2 Response Log 0.21612977981567383s MutableHeaders({'content-length': '206', 'content-type': 'application/json', 'x-response-time': '0.21612977981567383'})
 {"code":200,"data":{"id":1,"token":"eyJhbGciOiJIUzI1NiIsInR5cCI6IkpXVCJ9.eyJzdWIiOiJhZG1pbiIsImV4cCI6MTc3NjI0MjY4Nn0.S7-SIggMKClQYgxQezEZa_2xdn-efKnQhwOJR52fZ_0","token_type":"Bearer"},"msg":"请求成功"}
[2026-04-08 16:44:46,070] INFO b07d9c15-e935-40ff-8df8-a6c8b952b528 Request Log Address(host='127.0.0.1', port=65040) GET http://localhost:8000/api/system/user/1 Headers({'accept-language': 'en-US,en;q=0.9,zh-CN;q=0.8,zh;q=0.7', 'accept-encoding': 'gzip, deflate, br, zstd', 'referer': 'http://localhost:5173/login', 'sec-fetch-dest': 'empty', 'sec-fetch-mode': 'cors', 'sec-fetch-site': 'same-origin', 'sec-ch-ua-mobile': '?0', 'sec-ch-ua': '"Chromium";v="146", "Not-A.Brand";v="24", "Google Chrome";v="146"', 'accept': 'application/json, text/plain, */*', 'user-agent': 'Mozilla/5.0 (Macintosh; Intel Mac OS X 10_15_7) AppleWebKit/537.36 (KHTML, like Gecko) Chrome/146.0.0.0 Safari/537.36', 'authorization': 'Bearer eyJhbGciOiJIUzI1NiIsInR5cCI6IkpXVCJ9.eyJzdWIiOiJhZG1pbiIsImV4cCI6MTc3NjI0MjY4Nn0.S7-SIggMKClQYgxQezEZa_2xdn-efKnQhwOJR52fZ_0', 'sec-ch-ua-platform': '"macOS"', 'connection': 'close', 'host': 'localhost:8000'})
 b''
[2026-04-08 16:44:46,072] INFO b07d9c15-e935-40ff-8df8-a6c8b952b528 Response Log 0.0016551017761230469s MutableHeaders({'content-length': '228', 'content-type': 'application/json', 'x-response-time': '0.0016551017761230469'})
 {"code":200,"data":{"id":1,"status":1,"created":"2026-04-08T08:37:44.993827Z","modified":"2026-04-08T08:37:44.993827Z","username":"admin","nickname":"管理员","roles":[{"id":1,"name":"admin","status":5}]},"msg":"请求成功"}
[2026-04-08 16:44:46,076] INFO 97ef69f3-0368-4bc3-b630-2d28d96f43ed Request Log Address(host='127.0.0.1', port=65042) GET http://localhost:8000/api/system/role/1/menu Headers({'accept-language': 'en-US,en;q=0.9,zh-CN;q=0.8,zh;q=0.7', 'accept-encoding': 'gzip, deflate, br, zstd', 'referer': 'http://localhost:5173/login', 'sec-fetch-dest': 'empty', 'sec-fetch-mode': 'cors', 'sec-fetch-site': 'same-origin', 'sec-ch-ua-mobile': '?0', 'sec-ch-ua': '"Chromium";v="146", "Not-A.Brand";v="24", "Google Chrome";v="146"', 'accept': 'application/json, text/plain, */*', 'user-agent': 'Mozilla/5.0 (Macintosh; Intel Mac OS X 10_15_7) AppleWebKit/537.36 (KHTML, like Gecko) Chrome/146.0.0.0 Safari/537.36', 'authorization': 'Bearer eyJhbGciOiJIUzI1NiIsInR5cCI6IkpXVCJ9.eyJzdWIiOiJhZG1pbiIsImV4cCI6MTc3NjI0MjY4Nn0.S7-SIggMKClQYgxQezEZa_2xdn-efKnQhwOJR52fZ_0', 'sec-ch-ua-platform': '"macOS"', 'connection': 'close', 'host': 'localhost:8000'})
 b''
[2026-04-08 16:44:46,077] INFO 97ef69f3-0368-4bc3-b630-2d28d96f43ed Response Log 0.0009222030639648438s MutableHeaders({'content-length': '1477', 'content-type': 'application/json', 'x-response-time': '0.0009222030639648438'})
 {"code":200,"data":[{"id":1,"name":"系统管理","icon":"SettingOutlined","path":"/main/system","type":0,"component":null,"pid":0,"identifier":null,"api":null,"method":null,"children":[{"id":2,"name":"用户管理","icon":"UserOutlined","path":"/main/system/user","type":1,"component":"user/user","pid":1,"identifier":null,"api":"/api/system/user","method":"GET"},{"id":3,"name":"角色管理","icon":"TeamOutlined","path":"/main/system/role","type":1,"component":"role/role","pid":1,"identifier":null,"api":"/api/system/role","method":"GET"},{"id":4,"name":"菜单管理","icon":"MenuOutlined","path":"/main/system/menu","type":1,"component":"menu/menu","pid":1,"identifier":null,"api":"/api/system/menu","method":"GET"}]},{"id":10,"name":"审核中心","icon":"AuditOutlined","path":"/main/audit","type":0,"component":null,"pid":0,"identifier":null,"api":null,"method":null,"children":[{"id":11,"name":"规则库","icon":"DatabaseOutlined","path":"/main/audit/rules","type":1,"component":"audit/rules","pid":10,"identifier":null,"api":"/api/audit/rules","method":"GET"},{"id":12,"name":"规则检索","icon":"SearchOutlined","path":"/main/audit/search","type":1,"component":"audit/search","pid":10,"identifier":null,"api":"/api/audit/search","method":"POST"},{"id":13,"name":"合规判定","icon":"CheckCircleOutlined","path":"/main/audit/judge","type":1,"component":"audit/judge","pid":10,"identifier":null,"api":"/api/audit/judge","method":"POST"}]}],"msg":"请求成功"}
[2026-04-08 16:50:41,335] INFO 06a24a04-ddfe-40a1-af31-8fb36539727d Request Log Address(host='127.0.0.1', port=49837) GET http://localhost:8000/api/system/user?offset=1&limit=5 Headers({'accept-language': 'en-US,en;q=0.9,zh-CN;q=0.8,zh;q=0.7', 'accept-encoding': 'gzip, deflate, br, zstd', 'referer': 'http://localhost:5173/main/system/user', 'sec-fetch-dest': 'empty', 'sec-fetch-mode': 'cors', 'sec-fetch-site': 'same-origin', 'sec-ch-ua-mobile': '?0', 'sec-ch-ua': '"Chromium";v="146", "Not-A.Brand";v="24", "Google Chrome";v="146"', 'accept': 'application/json, text/plain, */*', 'user-agent': 'Mozilla/5.0 (Macintosh; Intel Mac OS X 10_15_7) AppleWebKit/537.36 (KHTML, like Gecko) Chrome/146.0.0.0 Safari/537.36', 'authorization': 'Bearer eyJhbGciOiJIUzI1NiIsInR5cCI6IkpXVCJ9.eyJzdWIiOiJhZG1pbiIsImV4cCI6MTc3NjI0MjY4Nn0.S7-SIggMKClQYgxQezEZa_2xdn-efKnQhwOJR52fZ_0', 'sec-ch-ua-platform': '"macOS"', 'connection': 'close', 'host': 'localhost:8000'})
 b''
[2026-04-08 16:50:41,344] INFO 06a24a04-ddfe-40a1-af31-8fb36539727d Response Log 0.00948190689086914s MutableHeaders({'content-length': '205', 'content-type': 'application/json', 'x-response-time': '0.00948190689086914'})
 {"code":200,"data":{"total":1,"items":[{"id":1,"status":1,"created":"2026-04-08T08:37:44.993827Z","modified":"2026-04-08T08:37:44.993827Z","username":"admin","nickname":"管理员"}]},"msg":"请求成功"}
[2026-04-08 16:54:07,104] INFO 538f00e0-46e3-4b90-accd-e72a49f1d148 Request Log Address(host='127.0.0.1', port=50546) GET http://localhost:8000/api/system/user?offset=1&limit=5 Headers({'accept-language': 'en-US,en;q=0.9,zh-CN;q=0.8,zh;q=0.7', 'accept-encoding': 'gzip, deflate, br, zstd', 'referer': 'http://localhost:5173/main/system/user', 'sec-fetch-dest': 'empty', 'sec-fetch-mode': 'cors', 'sec-fetch-site': 'same-origin', 'sec-ch-ua-mobile': '?0', 'sec-ch-ua': '"Chromium";v="146", "Not-A.Brand";v="24", "Google Chrome";v="146"', 'accept': 'application/json, text/plain, */*', 'user-agent': 'Mozilla/5.0 (Macintosh; Intel Mac OS X 10_15_7) AppleWebKit/537.36 (KHTML, like Gecko) Chrome/146.0.0.0 Safari/537.36', 'authorization': 'Bearer eyJhbGciOiJIUzI1NiIsInR5cCI6IkpXVCJ9.eyJzdWIiOiJhZG1pbiIsImV4cCI6MTc3NjI0MjY4Nn0.S7-SIggMKClQYgxQezEZa_2xdn-efKnQhwOJR52fZ_0', 'sec-ch-ua-platform': '"macOS"', 'connection': 'close', 'host': 'localhost:8000'})
 b''
[2026-04-08 16:54:07,107] INFO 538f00e0-46e3-4b90-accd-e72a49f1d148 Response Log 0.0022430419921875s MutableHeaders({'content-length': '205', 'content-type': 'application/json', 'x-response-time': '0.0022430419921875'})
 {"code":200,"data":{"total":1,"items":[{"id":1,"status":1,"created":"2026-04-08T08:37:44.993827Z","modified":"2026-04-08T08:37:44.993827Z","username":"admin","nickname":"管理员"}]},"msg":"请求成功"}
[2026-04-08 16:54:09,847] INFO d98fd35e-7ffe-4f2b-af80-017dcb1119a3 Request Log Address(host='127.0.0.1', port=50560) GET http://localhost:8000/api/system/role?offset=1&limit=5 Headers({'accept-language': 'en-US,en;q=0.9,zh-CN;q=0.8,zh;q=0.7', 'accept-encoding': 'gzip, deflate, br, zstd', 'referer': 'http://localhost:5173/main/system/role', 'sec-fetch-dest': 'empty', 'sec-fetch-mode': 'cors', 'sec-fetch-site': 'same-origin', 'sec-ch-ua-mobile': '?0', 'sec-ch-ua': '"Chromium";v="146", "Not-A.Brand";v="24", "Google Chrome";v="146"', 'accept': 'application/json, text/plain, */*', 'user-agent': 'Mozilla/5.0 (Macintosh; Intel Mac OS X 10_15_7) AppleWebKit/537.36 (KHTML, like Gecko) Chrome/146.0.0.0 Safari/537.36', 'authorization': 'Bearer eyJhbGciOiJIUzI1NiIsInR5cCI6IkpXVCJ9.eyJzdWIiOiJhZG1pbiIsImV4cCI6MTc3NjI0MjY4Nn0.S7-SIggMKClQYgxQezEZa_2xdn-efKnQhwOJR52fZ_0', 'sec-ch-ua-platform': '"macOS"', 'connection': 'close', 'host': 'localhost:8000'})
 b''
[2026-04-08 16:54:09,849] INFO d98fd35e-7ffe-4f2b-af80-017dcb1119a3 Response Log 0.0027337074279785156s MutableHeaders({'content-length': '205', 'content-type': 'application/json', 'x-response-time': '0.0027337074279785156'})
 {"code":200,"data":{"total":1,"items":[{"id":1,"status":1,"created":"2026-04-08T08:37:44.993827Z","modified":"2026-04-08T08:37:44.993827Z","name":"admin","remark":"系统管理员"}]},"msg":"请求成功"}
[2026-04-08 16:54:11,742] INFO 39d2b03b-ff81-4f48-a7c5-9e43bf3924f9 Request Log Address(host='127.0.0.1', port=50570) GET http://localhost:8000/api/system/menu Headers({'accept-language': 'en-US,en;q=0.9,zh-CN;q=0.8,zh;q=0.7', 'accept-encoding': 'gzip, deflate, br, zstd', 'referer': 'http://localhost:5173/main/system/menu', 'sec-fetch-dest': 'empty', 'sec-fetch-mode': 'cors', 'sec-fetch-site': 'same-origin', 'sec-ch-ua-mobile': '?0', 'sec-ch-ua': '"Chromium";v="146", "Not-A.Brand";v="24", "Google Chrome";v="146"', 'accept': 'application/json, text/plain, */*', 'user-agent': 'Mozilla/5.0 (Macintosh; Intel Mac OS X 10_15_7) AppleWebKit/537.36 (KHTML, like Gecko) Chrome/146.0.0.0 Safari/537.36', 'authorization': 'Bearer eyJhbGciOiJIUzI1NiIsInR5cCI6IkpXVCJ9.eyJzdWIiOiJhZG1pbiIsImV4cCI6MTc3NjI0MjY4Nn0.S7-SIggMKClQYgxQezEZa_2xdn-efKnQhwOJR52fZ_0', 'sec-ch-ua-platform': '"macOS"', 'connection': 'close', 'host': 'localhost:8000'})
 b''
[2026-04-08 16:54:11,744] INFO 39d2b03b-ff81-4f48-a7c5-9e43bf3924f9 Response Log 0.0016717910766601562s MutableHeaders({'content-length': '2213', 'content-type': 'application/json', 'x-response-time': '0.0016717910766601562'})
 {"code":200,"data":[{"id":1,"status":1,"created":"2026-04-08T08:37:44.993827Z","modified":"2026-04-08T08:37:44.993827Z","name":"系统管理","icon":"SettingOutlined","path":"/main/system","type":0,"component":null,"pid":0,"identifier":null,"api":null,"method":null,"children":[{"id":2,"status":1,"created":"2026-04-08T08:37:44.993827Z","modified":"2026-04-08T08:37:44.993827Z","name":"用户管理","icon":"UserOutlined","path":"/main/system/user","type":1,"component":"user/user","pid":1,"identifier":null,"api":"/api/system/user","method":"GET"},{"id":3,"status":1,"created":"2026-04-08T08:37:44.993827Z","modified":"2026-04-08T08:37:44.993827Z","name":"角色管理","icon":"TeamOutlined","path":"/main/system/role","type":1,"component":"role/role","pid":1,"identifier":null,"api":"/api/system/role","method":"GET"},{"id":4,"status":1,"created":"2026-04-08T08:37:44.993827Z","modified":"2026-04-08T08:37:44.993827Z","name":"菜单管理","icon":"MenuOutlined","path":"/main/system/menu","type":1,"component":"menu/menu","pid":1,"identifier":null,"api":"/api/system/menu","method":"GET"}]},{"id":10,"status":1,"created":"2026-04-08T08:37:44.993827Z","modified":"2026-04-08T08:37:44.993827Z","name":"审核中心","icon":"AuditOutlined","path":"/main/audit","type":0,"component":null,"pid":0,"identifier":null,"api":null,"method":null,"children":[{"id":11,"status":1,"created":"2026-04-08T08:37:44.993827Z","modified":"2026-04-08T08:37:44.993827Z","name":"规则库","icon":"DatabaseOutlined","path":"/main/audit/rules","type":1,"component":"audit/rules","pid":10,"identifier":null,"api":"/api/audit/rules","method":"GET"},{"id":12,"status":1,"created":"2026-04-08T08:37:44.993827Z","modified":"2026-04-08T08:37:44.993827Z","name":"规则检索","icon":"SearchOutlined","path":"/main/audit/search","type":1,"component":"audit/search","pid":10,"identifier":null,"api":"/api/audit/search","method":"POST"},{"id":13,"status":1,"created":"2026-04-08T08:37:44.993827Z","modified":"2026-04-08T08:37:44.993827Z","name":"合规判定","icon":"CheckCircleOutlined","path":"/main/audit/judge","type":1,"component":"audit/judge","pid":10,"identifier":null,"api":"/api/audit/judge","method":"POST"}]}],"msg":"请求成功"}
[2026-04-08 16:54:13,080] INFO 5dc4021b-08ba-4d59-bb46-fe56397c2b9e Request Log Address(host='127.0.0.1', port=50576) GET http://localhost:8000/api/system/role?offset=1&limit=5 Headers({'accept-language': 'en-US,en;q=0.9,zh-CN;q=0.8,zh;q=0.7', 'accept-encoding': 'gzip, deflate, br, zstd', 'referer': 'http://localhost:5173/main/system/role', 'sec-fetch-dest': 'empty', 'sec-fetch-mode': 'cors', 'sec-fetch-site': 'same-origin', 'sec-ch-ua-mobile': '?0', 'sec-ch-ua': '"Chromium";v="146", "Not-A.Brand";v="24", "Google Chrome";v="146"', 'accept': 'application/json, text/plain, */*', 'user-agent': 'Mozilla/5.0 (Macintosh; Intel Mac OS X 10_15_7) AppleWebKit/537.36 (KHTML, like Gecko) Chrome/146.0.0.0 Safari/537.36', 'authorization': 'Bearer eyJhbGciOiJIUzI1NiIsInR5cCI6IkpXVCJ9.eyJzdWIiOiJhZG1pbiIsImV4cCI6MTc3NjI0MjY4Nn0.S7-SIggMKClQYgxQezEZa_2xdn-efKnQhwOJR52fZ_0', 'sec-ch-ua-platform': '"macOS"', 'connection': 'close', 'host': 'localhost:8000'})
 b''
[2026-04-08 16:54:13,083] INFO 5dc4021b-08ba-4d59-bb46-fe56397c2b9e Response Log 0.0022590160369873047s MutableHeaders({'content-length': '205', 'content-type': 'application/json', 'x-response-time': '0.0022590160369873047'})
 {"code":200,"data":{"total":1,"items":[{"id":1,"status":1,"created":"2026-04-08T08:37:44.993827Z","modified":"2026-04-08T08:37:44.993827Z","name":"admin","remark":"系统管理员"}]},"msg":"请求成功"}
[2026-04-08 16:54:13,400] INFO 50e936f9-88da-4533-a34a-0cca2bfcaf6f Request Log Address(host='127.0.0.1', port=50578) GET http://localhost:8000/api/system/user?offset=1&limit=5 Headers({'accept-language': 'en-US,en;q=0.9,zh-CN;q=0.8,zh;q=0.7', 'accept-encoding': 'gzip, deflate, br, zstd', 'referer': 'http://localhost:5173/main/system/user', 'sec-fetch-dest': 'empty', 'sec-fetch-mode': 'cors', 'sec-fetch-site': 'same-origin', 'sec-ch-ua-mobile': '?0', 'sec-ch-ua': '"Chromium";v="146", "Not-A.Brand";v="24", "Google Chrome";v="146"', 'accept': 'application/json, text/plain, */*', 'user-agent': 'Mozilla/5.0 (Macintosh; Intel Mac OS X 10_15_7) AppleWebKit/537.36 (KHTML, like Gecko) Chrome/146.0.0.0 Safari/537.36', 'authorization': 'Bearer eyJhbGciOiJIUzI1NiIsInR5cCI6IkpXVCJ9.eyJzdWIiOiJhZG1pbiIsImV4cCI6MTc3NjI0MjY4Nn0.S7-SIggMKClQYgxQezEZa_2xdn-efKnQhwOJR52fZ_0', 'sec-ch-ua-platform': '"macOS"', 'connection': 'close', 'host': 'localhost:8000'})
 b''
[2026-04-08 16:54:13,403] INFO 50e936f9-88da-4533-a34a-0cca2bfcaf6f Response Log 0.0021219253540039062s MutableHeaders({'content-length': '205', 'content-type': 'application/json', 'x-response-time': '0.0021219253540039062'})
 {"code":200,"data":{"total":1,"items":[{"id":1,"status":1,"created":"2026-04-08T08:37:44.993827Z","modified":"2026-04-08T08:37:44.993827Z","username":"admin","nickname":"管理员"}]},"msg":"请求成功"}
[2026-04-08 16:54:13,853] INFO e6d71c4a-332c-4026-a579-ec9760805498 Request Log Address(host='127.0.0.1', port=50583) GET http://localhost:8000/api/system/menu Headers({'accept-language': 'en-US,en;q=0.9,zh-CN;q=0.8,zh;q=0.7', 'accept-encoding': 'gzip, deflate, br, zstd', 'referer': 'http://localhost:5173/main/system/menu', 'sec-fetch-dest': 'empty', 'sec-fetch-mode': 'cors', 'sec-fetch-site': 'same-origin', 'sec-ch-ua-mobile': '?0', 'sec-ch-ua': '"Chromium";v="146", "Not-A.Brand";v="24", "Google Chrome";v="146"', 'accept': 'application/json, text/plain, */*', 'user-agent': 'Mozilla/5.0 (Macintosh; Intel Mac OS X 10_15_7) AppleWebKit/537.36 (KHTML, like Gecko) Chrome/146.0.0.0 Safari/537.36', 'authorization': 'Bearer eyJhbGciOiJIUzI1NiIsInR5cCI6IkpXVCJ9.eyJzdWIiOiJhZG1pbiIsImV4cCI6MTc3NjI0MjY4Nn0.S7-SIggMKClQYgxQezEZa_2xdn-efKnQhwOJR52fZ_0', 'sec-ch-ua-platform': '"macOS"', 'connection': 'close', 'host': 'localhost:8000'})
 b''
[2026-04-08 16:54:13,855] INFO e6d71c4a-332c-4026-a579-ec9760805498 Response Log 0.001004934310913086s MutableHeaders({'content-length': '2213', 'content-type': 'application/json', 'x-response-time': '0.001004934310913086'})
 {"code":200,"data":[{"id":1,"status":1,"created":"2026-04-08T08:37:44.993827Z","modified":"2026-04-08T08:37:44.993827Z","name":"系统管理","icon":"SettingOutlined","path":"/main/system","type":0,"component":null,"pid":0,"identifier":null,"api":null,"method":null,"children":[{"id":2,"status":1,"created":"2026-04-08T08:37:44.993827Z","modified":"2026-04-08T08:37:44.993827Z","name":"用户管理","icon":"UserOutlined","path":"/main/system/user","type":1,"component":"user/user","pid":1,"identifier":null,"api":"/api/system/user","method":"GET"},{"id":3,"status":1,"created":"2026-04-08T08:37:44.993827Z","modified":"2026-04-08T08:37:44.993827Z","name":"角色管理","icon":"TeamOutlined","path":"/main/system/role","type":1,"component":"role/role","pid":1,"identifier":null,"api":"/api/system/role","method":"GET"},{"id":4,"status":1,"created":"2026-04-08T08:37:44.993827Z","modified":"2026-04-08T08:37:44.993827Z","name":"菜单管理","icon":"MenuOutlined","path":"/main/system/menu","type":1,"component":"menu/menu","pid":1,"identifier":null,"api":"/api/system/menu","method":"GET"}]},{"id":10,"status":1,"created":"2026-04-08T08:37:44.993827Z","modified":"2026-04-08T08:37:44.993827Z","name":"审核中心","icon":"AuditOutlined","path":"/main/audit","type":0,"component":null,"pid":0,"identifier":null,"api":null,"method":null,"children":[{"id":11,"status":1,"created":"2026-04-08T08:37:44.993827Z","modified":"2026-04-08T08:37:44.993827Z","name":"规则库","icon":"DatabaseOutlined","path":"/main/audit/rules","type":1,"component":"audit/rules","pid":10,"identifier":null,"api":"/api/audit/rules","method":"GET"},{"id":12,"status":1,"created":"2026-04-08T08:37:44.993827Z","modified":"2026-04-08T08:37:44.993827Z","name":"规则检索","icon":"SearchOutlined","path":"/main/audit/search","type":1,"component":"audit/search","pid":10,"identifier":null,"api":"/api/audit/search","method":"POST"},{"id":13,"status":1,"created":"2026-04-08T08:37:44.993827Z","modified":"2026-04-08T08:37:44.993827Z","name":"合规判定","icon":"CheckCircleOutlined","path":"/main/audit/judge","type":1,"component":"audit/judge","pid":10,"identifier":null,"api":"/api/audit/judge","method":"POST"}]}],"msg":"请求成功"}
[2026-04-08 16:55:05,247] INFO d9caf608-9784-4675-8829-04d2ab9fd851 Request Log Address(host='127.0.0.1', port=50744) GET http://localhost:8000/api/system/menu Headers({'accept-language': 'en-US,en;q=0.9,zh-CN;q=0.8,zh;q=0.7', 'accept-encoding': 'gzip, deflate, br, zstd', 'referer': 'http://localhost:5173/main/system/menu', 'sec-fetch-dest': 'empty', 'sec-fetch-mode': 'cors', 'sec-fetch-site': 'same-origin', 'sec-ch-ua-mobile': '?0', 'sec-ch-ua': '"Chromium";v="146", "Not-A.Brand";v="24", "Google Chrome";v="146"', 'accept': 'application/json, text/plain, */*', 'user-agent': 'Mozilla/5.0 (Macintosh; Intel Mac OS X 10_15_7) AppleWebKit/537.36 (KHTML, like Gecko) Chrome/146.0.0.0 Safari/537.36', 'authorization': 'Bearer eyJhbGciOiJIUzI1NiIsInR5cCI6IkpXVCJ9.eyJzdWIiOiJhZG1pbiIsImV4cCI6MTc3NjI0MjY4Nn0.S7-SIggMKClQYgxQezEZa_2xdn-efKnQhwOJR52fZ_0', 'sec-ch-ua-platform': '"macOS"', 'connection': 'close', 'host': 'localhost:8000'})
 b''
[2026-04-08 16:55:05,248] INFO d9caf608-9784-4675-8829-04d2ab9fd851 Response Log 0.001087188720703125s MutableHeaders({'content-length': '2213', 'content-type': 'application/json', 'x-response-time': '0.001087188720703125'})
 {"code":200,"data":[{"id":1,"status":1,"created":"2026-04-08T08:37:44.993827Z","modified":"2026-04-08T08:37:44.993827Z","name":"系统管理","icon":"SettingOutlined","path":"/main/system","type":0,"component":null,"pid":0,"identifier":null,"api":null,"method":null,"children":[{"id":2,"status":1,"created":"2026-04-08T08:37:44.993827Z","modified":"2026-04-08T08:37:44.993827Z","name":"用户管理","icon":"UserOutlined","path":"/main/system/user","type":1,"component":"user/user","pid":1,"identifier":null,"api":"/api/system/user","method":"GET"},{"id":3,"status":1,"created":"2026-04-08T08:37:44.993827Z","modified":"2026-04-08T08:37:44.993827Z","name":"角色管理","icon":"TeamOutlined","path":"/main/system/role","type":1,"component":"role/role","pid":1,"identifier":null,"api":"/api/system/role","method":"GET"},{"id":4,"status":1,"created":"2026-04-08T08:37:44.993827Z","modified":"2026-04-08T08:37:44.993827Z","name":"菜单管理","icon":"MenuOutlined","path":"/main/system/menu","type":1,"component":"menu/menu","pid":1,"identifier":null,"api":"/api/system/menu","method":"GET"}]},{"id":10,"status":1,"created":"2026-04-08T08:37:44.993827Z","modified":"2026-04-08T08:37:44.993827Z","name":"审核中心","icon":"AuditOutlined","path":"/main/audit","type":0,"component":null,"pid":0,"identifier":null,"api":null,"method":null,"children":[{"id":11,"status":1,"created":"2026-04-08T08:37:44.993827Z","modified":"2026-04-08T08:37:44.993827Z","name":"规则库","icon":"DatabaseOutlined","path":"/main/audit/rules","type":1,"component":"audit/rules","pid":10,"identifier":null,"api":"/api/audit/rules","method":"GET"},{"id":12,"status":1,"created":"2026-04-08T08:37:44.993827Z","modified":"2026-04-08T08:37:44.993827Z","name":"规则检索","icon":"SearchOutlined","path":"/main/audit/search","type":1,"component":"audit/search","pid":10,"identifier":null,"api":"/api/audit/search","method":"POST"},{"id":13,"status":1,"created":"2026-04-08T08:37:44.993827Z","modified":"2026-04-08T08:37:44.993827Z","name":"合规判定","icon":"CheckCircleOutlined","path":"/main/audit/judge","type":1,"component":"audit/judge","pid":10,"identifier":null,"api":"/api/audit/judge","method":"POST"}]}],"msg":"请求成功"}
[2026-04-08 16:55:05,849] INFO 86822ee6-edf1-477d-961e-22a39b6e363f Request Log Address(host='127.0.0.1', port=50749) GET http://localhost:8000/api/system/role?offset=1&limit=5 Headers({'accept-language': 'en-US,en;q=0.9,zh-CN;q=0.8,zh;q=0.7', 'accept-encoding': 'gzip, deflate, br, zstd', 'referer': 'http://localhost:5173/main/system/role', 'sec-fetch-dest': 'empty', 'sec-fetch-mode': 'cors', 'sec-fetch-site': 'same-origin', 'sec-ch-ua-mobile': '?0', 'sec-ch-ua': '"Chromium";v="146", "Not-A.Brand";v="24", "Google Chrome";v="146"', 'accept': 'application/json, text/plain, */*', 'user-agent': 'Mozilla/5.0 (Macintosh; Intel Mac OS X 10_15_7) AppleWebKit/537.36 (KHTML, like Gecko) Chrome/146.0.0.0 Safari/537.36', 'authorization': 'Bearer eyJhbGciOiJIUzI1NiIsInR5cCI6IkpXVCJ9.eyJzdWIiOiJhZG1pbiIsImV4cCI6MTc3NjI0MjY4Nn0.S7-SIggMKClQYgxQezEZa_2xdn-efKnQhwOJR52fZ_0', 'sec-ch-ua-platform': '"macOS"', 'connection': 'close', 'host': 'localhost:8000'})
 b''
[2026-04-08 16:55:05,852] INFO 86822ee6-edf1-477d-961e-22a39b6e363f Response Log 0.002679109573364258s MutableHeaders({'content-length': '205', 'content-type': 'application/json', 'x-response-time': '0.002679109573364258'})
 {"code":200,"data":{"total":1,"items":[{"id":1,"status":1,"created":"2026-04-08T08:37:44.993827Z","modified":"2026-04-08T08:37:44.993827Z","name":"admin","remark":"系统管理员"}]},"msg":"请求成功"}
[2026-04-08 16:55:06,750] INFO c9109686-bbf1-47b1-b01c-6630b7e693be Request Log Address(host='127.0.0.1', port=50754) GET http://localhost:8000/api/system/user?offset=1&limit=5 Headers({'accept-language': 'en-US,en;q=0.9,zh-CN;q=0.8,zh;q=0.7', 'accept-encoding': 'gzip, deflate, br, zstd', 'referer': 'http://localhost:5173/main/system/user', 'sec-fetch-dest': 'empty', 'sec-fetch-mode': 'cors', 'sec-fetch-site': 'same-origin', 'sec-ch-ua-mobile': '?0', 'sec-ch-ua': '"Chromium";v="146", "Not-A.Brand";v="24", "Google Chrome";v="146"', 'accept': 'application/json, text/plain, */*', 'user-agent': 'Mozilla/5.0 (Macintosh; Intel Mac OS X 10_15_7) AppleWebKit/537.36 (KHTML, like Gecko) Chrome/146.0.0.0 Safari/537.36', 'authorization': 'Bearer eyJhbGciOiJIUzI1NiIsInR5cCI6IkpXVCJ9.eyJzdWIiOiJhZG1pbiIsImV4cCI6MTc3NjI0MjY4Nn0.S7-SIggMKClQYgxQezEZa_2xdn-efKnQhwOJR52fZ_0', 'sec-ch-ua-platform': '"macOS"', 'connection': 'close', 'host': 'localhost:8000'})
 b''
[2026-04-08 16:55:06,752] INFO c9109686-bbf1-47b1-b01c-6630b7e693be Response Log 0.0020308494567871094s MutableHeaders({'content-length': '205', 'content-type': 'application/json', 'x-response-time': '0.0020308494567871094'})
 {"code":200,"data":{"total":1,"items":[{"id":1,"status":1,"created":"2026-04-08T08:37:44.993827Z","modified":"2026-04-08T08:37:44.993827Z","username":"admin","nickname":"管理员"}]},"msg":"请求成功"}
[2026-04-08 16:55:07,819] INFO 6a533eaa-63ee-4a6a-926e-e3b2128b5efa Request Log Address(host='127.0.0.1', port=50759) GET http://localhost:8000/api/system/role?offset=1&limit=5 Headers({'accept-language': 'en-US,en;q=0.9,zh-CN;q=0.8,zh;q=0.7', 'accept-encoding': 'gzip, deflate, br, zstd', 'referer': 'http://localhost:5173/main/system/role', 'sec-fetch-dest': 'empty', 'sec-fetch-mode': 'cors', 'sec-fetch-site': 'same-origin', 'sec-ch-ua-mobile': '?0', 'sec-ch-ua': '"Chromium";v="146", "Not-A.Brand";v="24", "Google Chrome";v="146"', 'accept': 'application/json, text/plain, */*', 'user-agent': 'Mozilla/5.0 (Macintosh; Intel Mac OS X 10_15_7) AppleWebKit/537.36 (KHTML, like Gecko) Chrome/146.0.0.0 Safari/537.36', 'authorization': 'Bearer eyJhbGciOiJIUzI1NiIsInR5cCI6IkpXVCJ9.eyJzdWIiOiJhZG1pbiIsImV4cCI6MTc3NjI0MjY4Nn0.S7-SIggMKClQYgxQezEZa_2xdn-efKnQhwOJR52fZ_0', 'sec-ch-ua-platform': '"macOS"', 'connection': 'close', 'host': 'localhost:8000'})
 b''
[2026-04-08 16:55:07,822] INFO 6a533eaa-63ee-4a6a-926e-e3b2128b5efa Response Log 0.003070354461669922s MutableHeaders({'content-length': '205', 'content-type': 'application/json', 'x-response-time': '0.003070354461669922'})
 {"code":200,"data":{"total":1,"items":[{"id":1,"status":1,"created":"2026-04-08T08:37:44.993827Z","modified":"2026-04-08T08:37:44.993827Z","name":"admin","remark":"系统管理员"}]},"msg":"请求成功"}
[2026-04-08 16:55:08,523] INFO 2a0b8a0a-f22f-41c3-b055-af3319fc91c1 Request Log Address(host='127.0.0.1', port=50765) GET http://localhost:8000/api/system/user?offset=1&limit=5 Headers({'accept-language': 'en-US,en;q=0.9,zh-CN;q=0.8,zh;q=0.7', 'accept-encoding': 'gzip, deflate, br, zstd', 'referer': 'http://localhost:5173/main/system/user', 'sec-fetch-dest': 'empty', 'sec-fetch-mode': 'cors', 'sec-fetch-site': 'same-origin', 'sec-ch-ua-mobile': '?0', 'sec-ch-ua': '"Chromium";v="146", "Not-A.Brand";v="24", "Google Chrome";v="146"', 'accept': 'application/json, text/plain, */*', 'user-agent': 'Mozilla/5.0 (Macintosh; Intel Mac OS X 10_15_7) AppleWebKit/537.36 (KHTML, like Gecko) Chrome/146.0.0.0 Safari/537.36', 'authorization': 'Bearer eyJhbGciOiJIUzI1NiIsInR5cCI6IkpXVCJ9.eyJzdWIiOiJhZG1pbiIsImV4cCI6MTc3NjI0MjY4Nn0.S7-SIggMKClQYgxQezEZa_2xdn-efKnQhwOJR52fZ_0', 'sec-ch-ua-platform': '"macOS"', 'connection': 'close', 'host': 'localhost:8000'})
 b''
[2026-04-08 16:55:08,526] INFO 2a0b8a0a-f22f-41c3-b055-af3319fc91c1 Response Log 0.002771139144897461s MutableHeaders({'content-length': '205', 'content-type': 'application/json', 'x-response-time': '0.002771139144897461'})
 {"code":200,"data":{"total":1,"items":[{"id":1,"status":1,"created":"2026-04-08T08:37:44.993827Z","modified":"2026-04-08T08:37:44.993827Z","username":"admin","nickname":"管理员"}]},"msg":"请求成功"}
[2026-04-08 16:55:08,970] INFO c590a260-42ca-4666-af64-73a29d5f9c56 Request Log Address(host='127.0.0.1', port=50769) GET http://localhost:8000/api/system/role?offset=1&limit=5 Headers({'accept-language': 'en-US,en;q=0.9,zh-CN;q=0.8,zh;q=0.7', 'accept-encoding': 'gzip, deflate, br, zstd', 'referer': 'http://localhost:5173/main/system/role', 'sec-fetch-dest': 'empty', 'sec-fetch-mode': 'cors', 'sec-fetch-site': 'same-origin', 'sec-ch-ua-mobile': '?0', 'sec-ch-ua': '"Chromium";v="146", "Not-A.Brand";v="24", "Google Chrome";v="146"', 'accept': 'application/json, text/plain, */*', 'user-agent': 'Mozilla/5.0 (Macintosh; Intel Mac OS X 10_15_7) AppleWebKit/537.36 (KHTML, like Gecko) Chrome/146.0.0.0 Safari/537.36', 'authorization': 'Bearer eyJhbGciOiJIUzI1NiIsInR5cCI6IkpXVCJ9.eyJzdWIiOiJhZG1pbiIsImV4cCI6MTc3NjI0MjY4Nn0.S7-SIggMKClQYgxQezEZa_2xdn-efKnQhwOJR52fZ_0', 'sec-ch-ua-platform': '"macOS"', 'connection': 'close', 'host': 'localhost:8000'})
 b''
[2026-04-08 16:55:08,973] INFO c590a260-42ca-4666-af64-73a29d5f9c56 Response Log 0.0026397705078125s MutableHeaders({'content-length': '205', 'content-type': 'application/json', 'x-response-time': '0.0026397705078125'})
 {"code":200,"data":{"total":1,"items":[{"id":1,"status":1,"created":"2026-04-08T08:37:44.993827Z","modified":"2026-04-08T08:37:44.993827Z","name":"admin","remark":"系统管理员"}]},"msg":"请求成功"}
[2026-04-08 16:55:09,386] INFO 43e67279-fb93-4239-a248-9bbb09b407f8 Request Log Address(host='127.0.0.1', port=50772) GET http://localhost:8000/api/system/user?offset=1&limit=5 Headers({'accept-language': 'en-US,en;q=0.9,zh-CN;q=0.8,zh;q=0.7', 'accept-encoding': 'gzip, deflate, br, zstd', 'referer': 'http://localhost:5173/main/system/user', 'sec-fetch-dest': 'empty', 'sec-fetch-mode': 'cors', 'sec-fetch-site': 'same-origin', 'sec-ch-ua-mobile': '?0', 'sec-ch-ua': '"Chromium";v="146", "Not-A.Brand";v="24", "Google Chrome";v="146"', 'accept': 'application/json, text/plain, */*', 'user-agent': 'Mozilla/5.0 (Macintosh; Intel Mac OS X 10_15_7) AppleWebKit/537.36 (KHTML, like Gecko) Chrome/146.0.0.0 Safari/537.36', 'authorization': 'Bearer eyJhbGciOiJIUzI1NiIsInR5cCI6IkpXVCJ9.eyJzdWIiOiJhZG1pbiIsImV4cCI6MTc3NjI0MjY4Nn0.S7-SIggMKClQYgxQezEZa_2xdn-efKnQhwOJR52fZ_0', 'sec-ch-ua-platform': '"macOS"', 'connection': 'close', 'host': 'localhost:8000'})
 b''
[2026-04-08 16:55:09,395] INFO 43e67279-fb93-4239-a248-9bbb09b407f8 Response Log 0.009194135665893555s MutableHeaders({'content-length': '205', 'content-type': 'application/json', 'x-response-time': '0.009194135665893555'})
 {"code":200,"data":{"total":1,"items":[{"id":1,"status":1,"created":"2026-04-08T08:37:44.993827Z","modified":"2026-04-08T08:37:44.993827Z","username":"admin","nickname":"管理员"}]},"msg":"请求成功"}
[2026-04-08 16:55:09,769] INFO 0c32f4e2-d015-430b-8892-eac116c6599d Request Log Address(host='127.0.0.1', port=50779) GET http://localhost:8000/api/system/role?offset=1&limit=5 Headers({'accept-language': 'en-US,en;q=0.9,zh-CN;q=0.8,zh;q=0.7', 'accept-encoding': 'gzip, deflate, br, zstd', 'referer': 'http://localhost:5173/main/system/role', 'sec-fetch-dest': 'empty', 'sec-fetch-mode': 'cors', 'sec-fetch-site': 'same-origin', 'sec-ch-ua-mobile': '?0', 'sec-ch-ua': '"Chromium";v="146", "Not-A.Brand";v="24", "Google Chrome";v="146"', 'accept': 'application/json, text/plain, */*', 'user-agent': 'Mozilla/5.0 (Macintosh; Intel Mac OS X 10_15_7) AppleWebKit/537.36 (KHTML, like Gecko) Chrome/146.0.0.0 Safari/537.36', 'authorization': 'Bearer eyJhbGciOiJIUzI1NiIsInR5cCI6IkpXVCJ9.eyJzdWIiOiJhZG1pbiIsImV4cCI6MTc3NjI0MjY4Nn0.S7-SIggMKClQYgxQezEZa_2xdn-efKnQhwOJR52fZ_0', 'sec-ch-ua-platform': '"macOS"', 'connection': 'close', 'host': 'localhost:8000'})
 b''
[2026-04-08 16:55:09,772] INFO 0c32f4e2-d015-430b-8892-eac116c6599d Response Log 0.0026099681854248047s MutableHeaders({'content-length': '205', 'content-type': 'application/json', 'x-response-time': '0.0026099681854248047'})
 {"code":200,"data":{"total":1,"items":[{"id":1,"status":1,"created":"2026-04-08T08:37:44.993827Z","modified":"2026-04-08T08:37:44.993827Z","name":"admin","remark":"系统管理员"}]},"msg":"请求成功"}
[2026-04-08 16:55:13,952] INFO d310e263-fc95-4714-a7e8-1b752402112c Request Log Address(host='127.0.0.1', port=50794) GET http://localhost:8000/api/system/user?offset=1&limit=5 Headers({'accept-language': 'en-US,en;q=0.9,zh-CN;q=0.8,zh;q=0.7', 'accept-encoding': 'gzip, deflate, br, zstd', 'referer': 'http://localhost:5173/main/system/user', 'sec-fetch-dest': 'empty', 'sec-fetch-mode': 'cors', 'sec-fetch-site': 'same-origin', 'sec-ch-ua-mobile': '?0', 'sec-ch-ua': '"Chromium";v="146", "Not-A.Brand";v="24", "Google Chrome";v="146"', 'accept': 'application/json, text/plain, */*', 'user-agent': 'Mozilla/5.0 (Macintosh; Intel Mac OS X 10_15_7) AppleWebKit/537.36 (KHTML, like Gecko) Chrome/146.0.0.0 Safari/537.36', 'authorization': 'Bearer eyJhbGciOiJIUzI1NiIsInR5cCI6IkpXVCJ9.eyJzdWIiOiJhZG1pbiIsImV4cCI6MTc3NjI0MjY4Nn0.S7-SIggMKClQYgxQezEZa_2xdn-efKnQhwOJR52fZ_0', 'sec-ch-ua-platform': '"macOS"', 'connection': 'close', 'host': 'localhost:8000'})
 b''
[2026-04-08 16:55:13,966] INFO d310e263-fc95-4714-a7e8-1b752402112c Response Log 0.012987136840820312s MutableHeaders({'content-length': '205', 'content-type': 'application/json', 'x-response-time': '0.012987136840820312'})
 {"code":200,"data":{"total":1,"items":[{"id":1,"status":1,"created":"2026-04-08T08:37:44.993827Z","modified":"2026-04-08T08:37:44.993827Z","username":"admin","nickname":"管理员"}]},"msg":"请求成功"}
[2026-04-08 16:55:14,686] INFO f59b2401-ffe0-4f2a-b26d-5b45ece78390 Request Log Address(host='127.0.0.1', port=50800) GET http://localhost:8000/api/system/role?offset=1&limit=5 Headers({'accept-language': 'en-US,en;q=0.9,zh-CN;q=0.8,zh;q=0.7', 'accept-encoding': 'gzip, deflate, br, zstd', 'referer': 'http://localhost:5173/main/system/role', 'sec-fetch-dest': 'empty', 'sec-fetch-mode': 'cors', 'sec-fetch-site': 'same-origin', 'sec-ch-ua-mobile': '?0', 'sec-ch-ua': '"Chromium";v="146", "Not-A.Brand";v="24", "Google Chrome";v="146"', 'accept': 'application/json, text/plain, */*', 'user-agent': 'Mozilla/5.0 (Macintosh; Intel Mac OS X 10_15_7) AppleWebKit/537.36 (KHTML, like Gecko) Chrome/146.0.0.0 Safari/537.36', 'authorization': 'Bearer eyJhbGciOiJIUzI1NiIsInR5cCI6IkpXVCJ9.eyJzdWIiOiJhZG1pbiIsImV4cCI6MTc3NjI0MjY4Nn0.S7-SIggMKClQYgxQezEZa_2xdn-efKnQhwOJR52fZ_0', 'sec-ch-ua-platform': '"macOS"', 'connection': 'close', 'host': 'localhost:8000'})
 b''
[2026-04-08 16:55:14,689] INFO f59b2401-ffe0-4f2a-b26d-5b45ece78390 Response Log 0.0024220943450927734s MutableHeaders({'content-length': '205', 'content-type': 'application/json', 'x-response-time': '0.0024220943450927734'})
 {"code":200,"data":{"total":1,"items":[{"id":1,"status":1,"created":"2026-04-08T08:37:44.993827Z","modified":"2026-04-08T08:37:44.993827Z","name":"admin","remark":"系统管理员"}]},"msg":"请求成功"}
[2026-04-08 16:56:01,342] INFO 5a57fe66-2648-4b7b-ab7f-cafc5854a08c Request Log Address(host='127.0.0.1', port=50944) GET http://localhost:8000/api/system/user?offset=1&limit=5 Headers({'accept-language': 'en-US,en;q=0.9,zh-CN;q=0.8,zh;q=0.7', 'accept-encoding': 'gzip, deflate, br, zstd', 'referer': 'http://localhost:5173/main/system/user', 'sec-fetch-dest': 'empty', 'sec-fetch-mode': 'cors', 'sec-fetch-site': 'same-origin', 'sec-ch-ua-mobile': '?0', 'sec-ch-ua': '"Chromium";v="146", "Not-A.Brand";v="24", "Google Chrome";v="146"', 'accept': 'application/json, text/plain, */*', 'user-agent': 'Mozilla/5.0 (Macintosh; Intel Mac OS X 10_15_7) AppleWebKit/537.36 (KHTML, like Gecko) Chrome/146.0.0.0 Safari/537.36', 'authorization': 'Bearer eyJhbGciOiJIUzI1NiIsInR5cCI6IkpXVCJ9.eyJzdWIiOiJhZG1pbiIsImV4cCI6MTc3NjI0MjY4Nn0.S7-SIggMKClQYgxQezEZa_2xdn-efKnQhwOJR52fZ_0', 'sec-ch-ua-platform': '"macOS"', 'connection': 'close', 'host': 'localhost:8000'})
 b''
[2026-04-08 16:56:01,347] INFO 5a57fe66-2648-4b7b-ab7f-cafc5854a08c Response Log 0.005296945571899414s MutableHeaders({'content-length': '205', 'content-type': 'application/json', 'x-response-time': '0.005296945571899414'})
 {"code":200,"data":{"total":1,"items":[{"id":1,"status":1,"created":"2026-04-08T08:37:44.993827Z","modified":"2026-04-08T08:37:44.993827Z","username":"admin","nickname":"管理员"}]},"msg":"请求成功"}
[2026-04-08 16:56:03,415] INFO 28fa5420-46bf-4b6a-84dd-a74e404d1e67 Request Log Address(host='127.0.0.1', port=50953) GET http://localhost:8000/api/system/role?offset=1&limit=5 Headers({'accept-language': 'en-US,en;q=0.9,zh-CN;q=0.8,zh;q=0.7', 'accept-encoding': 'gzip, deflate, br, zstd', 'referer': 'http://localhost:5173/main/system/role', 'sec-fetch-dest': 'empty', 'sec-fetch-mode': 'cors', 'sec-fetch-site': 'same-origin', 'sec-ch-ua-mobile': '?0', 'sec-ch-ua': '"Chromium";v="146", "Not-A.Brand";v="24", "Google Chrome";v="146"', 'accept': 'application/json, text/plain, */*', 'user-agent': 'Mozilla/5.0 (Macintosh; Intel Mac OS X 10_15_7) AppleWebKit/537.36 (KHTML, like Gecko) Chrome/146.0.0.0 Safari/537.36', 'authorization': 'Bearer eyJhbGciOiJIUzI1NiIsInR5cCI6IkpXVCJ9.eyJzdWIiOiJhZG1pbiIsImV4cCI6MTc3NjI0MjY4Nn0.S7-SIggMKClQYgxQezEZa_2xdn-efKnQhwOJR52fZ_0', 'sec-ch-ua-platform': '"macOS"', 'connection': 'close', 'host': 'localhost:8000'})
 b''
[2026-04-08 16:56:03,420] INFO 28fa5420-46bf-4b6a-84dd-a74e404d1e67 Response Log 0.004873037338256836s MutableHeaders({'content-length': '205', 'content-type': 'application/json', 'x-response-time': '0.004873037338256836'})
 {"code":200,"data":{"total":1,"items":[{"id":1,"status":1,"created":"2026-04-08T08:37:44.993827Z","modified":"2026-04-08T08:37:44.993827Z","name":"admin","remark":"系统管理员"}]},"msg":"请求成功"}
[2026-04-08 16:56:03,959] INFO 5c146805-ec09-4292-a9e9-1f483027022a Request Log Address(host='127.0.0.1', port=50958) GET http://localhost:8000/api/system/menu Headers({'accept-language': 'en-US,en;q=0.9,zh-CN;q=0.8,zh;q=0.7', 'accept-encoding': 'gzip, deflate, br, zstd', 'referer': 'http://localhost:5173/main/system/menu', 'sec-fetch-dest': 'empty', 'sec-fetch-mode': 'cors', 'sec-fetch-site': 'same-origin', 'sec-ch-ua-mobile': '?0', 'sec-ch-ua': '"Chromium";v="146", "Not-A.Brand";v="24", "Google Chrome";v="146"', 'accept': 'application/json, text/plain, */*', 'user-agent': 'Mozilla/5.0 (Macintosh; Intel Mac OS X 10_15_7) AppleWebKit/537.36 (KHTML, like Gecko) Chrome/146.0.0.0 Safari/537.36', 'authorization': 'Bearer eyJhbGciOiJIUzI1NiIsInR5cCI6IkpXVCJ9.eyJzdWIiOiJhZG1pbiIsImV4cCI6MTc3NjI0MjY4Nn0.S7-SIggMKClQYgxQezEZa_2xdn-efKnQhwOJR52fZ_0', 'sec-ch-ua-platform': '"macOS"', 'connection': 'close', 'host': 'localhost:8000'})
 b''
[2026-04-08 16:56:03,960] INFO 5c146805-ec09-4292-a9e9-1f483027022a Response Log 0.0009090900421142578s MutableHeaders({'content-length': '2213', 'content-type': 'application/json', 'x-response-time': '0.0009090900421142578'})
 {"code":200,"data":[{"id":1,"status":1,"created":"2026-04-08T08:37:44.993827Z","modified":"2026-04-08T08:37:44.993827Z","name":"系统管理","icon":"SettingOutlined","path":"/main/system","type":0,"component":null,"pid":0,"identifier":null,"api":null,"method":null,"children":[{"id":2,"status":1,"created":"2026-04-08T08:37:44.993827Z","modified":"2026-04-08T08:37:44.993827Z","name":"用户管理","icon":"UserOutlined","path":"/main/system/user","type":1,"component":"user/user","pid":1,"identifier":null,"api":"/api/system/user","method":"GET"},{"id":3,"status":1,"created":"2026-04-08T08:37:44.993827Z","modified":"2026-04-08T08:37:44.993827Z","name":"角色管理","icon":"TeamOutlined","path":"/main/system/role","type":1,"component":"role/role","pid":1,"identifier":null,"api":"/api/system/role","method":"GET"},{"id":4,"status":1,"created":"2026-04-08T08:37:44.993827Z","modified":"2026-04-08T08:37:44.993827Z","name":"菜单管理","icon":"MenuOutlined","path":"/main/system/menu","type":1,"component":"menu/menu","pid":1,"identifier":null,"api":"/api/system/menu","method":"GET"}]},{"id":10,"status":1,"created":"2026-04-08T08:37:44.993827Z","modified":"2026-04-08T08:37:44.993827Z","name":"审核中心","icon":"AuditOutlined","path":"/main/audit","type":0,"component":null,"pid":0,"identifier":null,"api":null,"method":null,"children":[{"id":11,"status":1,"created":"2026-04-08T08:37:44.993827Z","modified":"2026-04-08T08:37:44.993827Z","name":"规则库","icon":"DatabaseOutlined","path":"/main/audit/rules","type":1,"component":"audit/rules","pid":10,"identifier":null,"api":"/api/audit/rules","method":"GET"},{"id":12,"status":1,"created":"2026-04-08T08:37:44.993827Z","modified":"2026-04-08T08:37:44.993827Z","name":"规则检索","icon":"SearchOutlined","path":"/main/audit/search","type":1,"component":"audit/search","pid":10,"identifier":null,"api":"/api/audit/search","method":"POST"},{"id":13,"status":1,"created":"2026-04-08T08:37:44.993827Z","modified":"2026-04-08T08:37:44.993827Z","name":"合规判定","icon":"CheckCircleOutlined","path":"/main/audit/judge","type":1,"component":"audit/judge","pid":10,"identifier":null,"api":"/api/audit/judge","method":"POST"}]}],"msg":"请求成功"}
[2026-04-08 16:56:04,380] INFO bbfb168c-1066-4801-afde-184d4cd99b0f Request Log Address(host='127.0.0.1', port=50961) GET http://localhost:8000/api/system/user?offset=1&limit=5 Headers({'accept-language': 'en-US,en;q=0.9,zh-CN;q=0.8,zh;q=0.7', 'accept-encoding': 'gzip, deflate, br, zstd', 'referer': 'http://localhost:5173/main/system/user', 'sec-fetch-dest': 'empty', 'sec-fetch-mode': 'cors', 'sec-fetch-site': 'same-origin', 'sec-ch-ua-mobile': '?0', 'sec-ch-ua': '"Chromium";v="146", "Not-A.Brand";v="24", "Google Chrome";v="146"', 'accept': 'application/json, text/plain, */*', 'user-agent': 'Mozilla/5.0 (Macintosh; Intel Mac OS X 10_15_7) AppleWebKit/537.36 (KHTML, like Gecko) Chrome/146.0.0.0 Safari/537.36', 'authorization': 'Bearer eyJhbGciOiJIUzI1NiIsInR5cCI6IkpXVCJ9.eyJzdWIiOiJhZG1pbiIsImV4cCI6MTc3NjI0MjY4Nn0.S7-SIggMKClQYgxQezEZa_2xdn-efKnQhwOJR52fZ_0', 'sec-ch-ua-platform': '"macOS"', 'connection': 'close', 'host': 'localhost:8000'})
 b''
[2026-04-08 16:56:04,382] INFO bbfb168c-1066-4801-afde-184d4cd99b0f Response Log 0.0025169849395751953s MutableHeaders({'content-length': '205', 'content-type': 'application/json', 'x-response-time': '0.0025169849395751953'})
 {"code":200,"data":{"total":1,"items":[{"id":1,"status":1,"created":"2026-04-08T08:37:44.993827Z","modified":"2026-04-08T08:37:44.993827Z","username":"admin","nickname":"管理员"}]},"msg":"请求成功"}
[2026-04-08 16:56:06,480] INFO 738924e4-9bb2-47cd-a101-301aaf27a861 Request Log Address(host='127.0.0.1', port=50968) GET http://localhost:8000/api/system/role?offset=1&limit=5 Headers({'accept-language': 'en-US,en;q=0.9,zh-CN;q=0.8,zh;q=0.7', 'accept-encoding': 'gzip, deflate, br, zstd', 'referer': 'http://localhost:5173/main/system/role', 'sec-fetch-dest': 'empty', 'sec-fetch-mode': 'cors', 'sec-fetch-site': 'same-origin', 'sec-ch-ua-mobile': '?0', 'sec-ch-ua': '"Chromium";v="146", "Not-A.Brand";v="24", "Google Chrome";v="146"', 'accept': 'application/json, text/plain, */*', 'user-agent': 'Mozilla/5.0 (Macintosh; Intel Mac OS X 10_15_7) AppleWebKit/537.36 (KHTML, like Gecko) Chrome/146.0.0.0 Safari/537.36', 'authorization': 'Bearer eyJhbGciOiJIUzI1NiIsInR5cCI6IkpXVCJ9.eyJzdWIiOiJhZG1pbiIsImV4cCI6MTc3NjI0MjY4Nn0.S7-SIggMKClQYgxQezEZa_2xdn-efKnQhwOJR52fZ_0', 'sec-ch-ua-platform': '"macOS"', 'connection': 'close', 'host': 'localhost:8000'})
 b''
[2026-04-08 16:56:06,482] INFO 738924e4-9bb2-47cd-a101-301aaf27a861 Response Log 0.0016739368438720703s MutableHeaders({'content-length': '205', 'content-type': 'application/json', 'x-response-time': '0.0016739368438720703'})
 {"code":200,"data":{"total":1,"items":[{"id":1,"status":1,"created":"2026-04-08T08:37:44.993827Z","modified":"2026-04-08T08:37:44.993827Z","name":"admin","remark":"系统管理员"}]},"msg":"请求成功"}
[2026-04-08 16:56:12,780] INFO 47d7e7ac-8090-49d1-876a-c3973077dbb6 Request Log Address(host='127.0.0.1', port=50984) GET http://localhost:8000/api/system/menu Headers({'accept-language': 'en-US,en;q=0.9,zh-CN;q=0.8,zh;q=0.7', 'accept-encoding': 'gzip, deflate, br, zstd', 'referer': 'http://localhost:5173/main/system/menu', 'sec-fetch-dest': 'empty', 'sec-fetch-mode': 'cors', 'sec-fetch-site': 'same-origin', 'sec-ch-ua-mobile': '?0', 'sec-ch-ua': '"Chromium";v="146", "Not-A.Brand";v="24", "Google Chrome";v="146"', 'accept': 'application/json, text/plain, */*', 'user-agent': 'Mozilla/5.0 (Macintosh; Intel Mac OS X 10_15_7) AppleWebKit/537.36 (KHTML, like Gecko) Chrome/146.0.0.0 Safari/537.36', 'authorization': 'Bearer eyJhbGciOiJIUzI1NiIsInR5cCI6IkpXVCJ9.eyJzdWIiOiJhZG1pbiIsImV4cCI6MTc3NjI0MjY4Nn0.S7-SIggMKClQYgxQezEZa_2xdn-efKnQhwOJR52fZ_0', 'sec-ch-ua-platform': '"macOS"', 'connection': 'close', 'host': 'localhost:8000'})
 b''
[2026-04-08 16:56:12,781] INFO 47d7e7ac-8090-49d1-876a-c3973077dbb6 Response Log 0.0010209083557128906s MutableHeaders({'content-length': '2213', 'content-type': 'application/json', 'x-response-time': '0.0010209083557128906'})
 {"code":200,"data":[{"id":1,"status":1,"created":"2026-04-08T08:37:44.993827Z","modified":"2026-04-08T08:37:44.993827Z","name":"系统管理","icon":"SettingOutlined","path":"/main/system","type":0,"component":null,"pid":0,"identifier":null,"api":null,"method":null,"children":[{"id":2,"status":1,"created":"2026-04-08T08:37:44.993827Z","modified":"2026-04-08T08:37:44.993827Z","name":"用户管理","icon":"UserOutlined","path":"/main/system/user","type":1,"component":"user/user","pid":1,"identifier":null,"api":"/api/system/user","method":"GET"},{"id":3,"status":1,"created":"2026-04-08T08:37:44.993827Z","modified":"2026-04-08T08:37:44.993827Z","name":"角色管理","icon":"TeamOutlined","path":"/main/system/role","type":1,"component":"role/role","pid":1,"identifier":null,"api":"/api/system/role","method":"GET"},{"id":4,"status":1,"created":"2026-04-08T08:37:44.993827Z","modified":"2026-04-08T08:37:44.993827Z","name":"菜单管理","icon":"MenuOutlined","path":"/main/system/menu","type":1,"component":"menu/menu","pid":1,"identifier":null,"api":"/api/system/menu","method":"GET"}]},{"id":10,"status":1,"created":"2026-04-08T08:37:44.993827Z","modified":"2026-04-08T08:37:44.993827Z","name":"审核中心","icon":"AuditOutlined","path":"/main/audit","type":0,"component":null,"pid":0,"identifier":null,"api":null,"method":null,"children":[{"id":11,"status":1,"created":"2026-04-08T08:37:44.993827Z","modified":"2026-04-08T08:37:44.993827Z","name":"规则库","icon":"DatabaseOutlined","path":"/main/audit/rules","type":1,"component":"audit/rules","pid":10,"identifier":null,"api":"/api/audit/rules","method":"GET"},{"id":12,"status":1,"created":"2026-04-08T08:37:44.993827Z","modified":"2026-04-08T08:37:44.993827Z","name":"规则检索","icon":"SearchOutlined","path":"/main/audit/search","type":1,"component":"audit/search","pid":10,"identifier":null,"api":"/api/audit/search","method":"POST"},{"id":13,"status":1,"created":"2026-04-08T08:37:44.993827Z","modified":"2026-04-08T08:37:44.993827Z","name":"合规判定","icon":"CheckCircleOutlined","path":"/main/audit/judge","type":1,"component":"audit/judge","pid":10,"identifier":null,"api":"/api/audit/judge","method":"POST"}]}],"msg":"请求成功"}
[2026-04-08 16:56:14,685] INFO 74f979a2-2194-4dfa-96c7-ab1d6a60a9c4 Request Log Address(host='127.0.0.1', port=50991) GET http://localhost:8000/api/system/role?offset=1&limit=5 Headers({'accept-language': 'en-US,en;q=0.9,zh-CN;q=0.8,zh;q=0.7', 'accept-encoding': 'gzip, deflate, br, zstd', 'referer': 'http://localhost:5173/main/system/role', 'sec-fetch-dest': 'empty', 'sec-fetch-mode': 'cors', 'sec-fetch-site': 'same-origin', 'sec-ch-ua-mobile': '?0', 'sec-ch-ua': '"Chromium";v="146", "Not-A.Brand";v="24", "Google Chrome";v="146"', 'accept': 'application/json, text/plain, */*', 'user-agent': 'Mozilla/5.0 (Macintosh; Intel Mac OS X 10_15_7) AppleWebKit/537.36 (KHTML, like Gecko) Chrome/146.0.0.0 Safari/537.36', 'authorization': 'Bearer eyJhbGciOiJIUzI1NiIsInR5cCI6IkpXVCJ9.eyJzdWIiOiJhZG1pbiIsImV4cCI6MTc3NjI0MjY4Nn0.S7-SIggMKClQYgxQezEZa_2xdn-efKnQhwOJR52fZ_0', 'sec-ch-ua-platform': '"macOS"', 'connection': 'close', 'host': 'localhost:8000'})
 b''
[2026-04-08 16:56:14,693] INFO 74f979a2-2194-4dfa-96c7-ab1d6a60a9c4 Response Log 0.008023977279663086s MutableHeaders({'content-length': '205', 'content-type': 'application/json', 'x-response-time': '0.008023977279663086'})
 {"code":200,"data":{"total":1,"items":[{"id":1,"status":1,"created":"2026-04-08T08:37:44.993827Z","modified":"2026-04-08T08:37:44.993827Z","name":"admin","remark":"系统管理员"}]},"msg":"请求成功"}
[2026-04-08 16:56:15,083] INFO 52ff1ff3-6f84-4dfd-86ac-7b59b291b4c5 Request Log Address(host='127.0.0.1', port=50995) GET http://localhost:8000/api/system/user?offset=1&limit=5 Headers({'accept-language': 'en-US,en;q=0.9,zh-CN;q=0.8,zh;q=0.7', 'accept-encoding': 'gzip, deflate, br, zstd', 'referer': 'http://localhost:5173/main/system/user', 'sec-fetch-dest': 'empty', 'sec-fetch-mode': 'cors', 'sec-fetch-site': 'same-origin', 'sec-ch-ua-mobile': '?0', 'sec-ch-ua': '"Chromium";v="146", "Not-A.Brand";v="24", "Google Chrome";v="146"', 'accept': 'application/json, text/plain, */*', 'user-agent': 'Mozilla/5.0 (Macintosh; Intel Mac OS X 10_15_7) AppleWebKit/537.36 (KHTML, like Gecko) Chrome/146.0.0.0 Safari/537.36', 'authorization': 'Bearer eyJhbGciOiJIUzI1NiIsInR5cCI6IkpXVCJ9.eyJzdWIiOiJhZG1pbiIsImV4cCI6MTc3NjI0MjY4Nn0.S7-SIggMKClQYgxQezEZa_2xdn-efKnQhwOJR52fZ_0', 'sec-ch-ua-platform': '"macOS"', 'connection': 'close', 'host': 'localhost:8000'})
 b''
[2026-04-08 16:56:15,085] INFO 52ff1ff3-6f84-4dfd-86ac-7b59b291b4c5 Response Log 0.0022890567779541016s MutableHeaders({'content-length': '205', 'content-type': 'application/json', 'x-response-time': '0.0022890567779541016'})
 {"code":200,"data":{"total":1,"items":[{"id":1,"status":1,"created":"2026-04-08T08:37:44.993827Z","modified":"2026-04-08T08:37:44.993827Z","username":"admin","nickname":"管理员"}]},"msg":"请求成功"}
[2026-04-08 16:56:16,240] INFO be96c618-c656-4aa6-8d76-f4111d95804d Request Log Address(host='127.0.0.1', port=51000) GET http://localhost:8000/api/system/menu Headers({'accept-language': 'en-US,en;q=0.9,zh-CN;q=0.8,zh;q=0.7', 'accept-encoding': 'gzip, deflate, br, zstd', 'referer': 'http://localhost:5173/main/system/menu', 'sec-fetch-dest': 'empty', 'sec-fetch-mode': 'cors', 'sec-fetch-site': 'same-origin', 'sec-ch-ua-mobile': '?0', 'sec-ch-ua': '"Chromium";v="146", "Not-A.Brand";v="24", "Google Chrome";v="146"', 'accept': 'application/json, text/plain, */*', 'user-agent': 'Mozilla/5.0 (Macintosh; Intel Mac OS X 10_15_7) AppleWebKit/537.36 (KHTML, like Gecko) Chrome/146.0.0.0 Safari/537.36', 'authorization': 'Bearer eyJhbGciOiJIUzI1NiIsInR5cCI6IkpXVCJ9.eyJzdWIiOiJhZG1pbiIsImV4cCI6MTc3NjI0MjY4Nn0.S7-SIggMKClQYgxQezEZa_2xdn-efKnQhwOJR52fZ_0', 'sec-ch-ua-platform': '"macOS"', 'connection': 'close', 'host': 'localhost:8000'})
 b''
[2026-04-08 16:56:16,241] INFO be96c618-c656-4aa6-8d76-f4111d95804d Response Log 0.0007269382476806641s MutableHeaders({'content-length': '2213', 'content-type': 'application/json', 'x-response-time': '0.0007269382476806641'})
 {"code":200,"data":[{"id":1,"status":1,"created":"2026-04-08T08:37:44.993827Z","modified":"2026-04-08T08:37:44.993827Z","name":"系统管理","icon":"SettingOutlined","path":"/main/system","type":0,"component":null,"pid":0,"identifier":null,"api":null,"method":null,"children":[{"id":2,"status":1,"created":"2026-04-08T08:37:44.993827Z","modified":"2026-04-08T08:37:44.993827Z","name":"用户管理","icon":"UserOutlined","path":"/main/system/user","type":1,"component":"user/user","pid":1,"identifier":null,"api":"/api/system/user","method":"GET"},{"id":3,"status":1,"created":"2026-04-08T08:37:44.993827Z","modified":"2026-04-08T08:37:44.993827Z","name":"角色管理","icon":"TeamOutlined","path":"/main/system/role","type":1,"component":"role/role","pid":1,"identifier":null,"api":"/api/system/role","method":"GET"},{"id":4,"status":1,"created":"2026-04-08T08:37:44.993827Z","modified":"2026-04-08T08:37:44.993827Z","name":"菜单管理","icon":"MenuOutlined","path":"/main/system/menu","type":1,"component":"menu/menu","pid":1,"identifier":null,"api":"/api/system/menu","method":"GET"}]},{"id":10,"status":1,"created":"2026-04-08T08:37:44.993827Z","modified":"2026-04-08T08:37:44.993827Z","name":"审核中心","icon":"AuditOutlined","path":"/main/audit","type":0,"component":null,"pid":0,"identifier":null,"api":null,"method":null,"children":[{"id":11,"status":1,"created":"2026-04-08T08:37:44.993827Z","modified":"2026-04-08T08:37:44.993827Z","name":"规则库","icon":"DatabaseOutlined","path":"/main/audit/rules","type":1,"component":"audit/rules","pid":10,"identifier":null,"api":"/api/audit/rules","method":"GET"},{"id":12,"status":1,"created":"2026-04-08T08:37:44.993827Z","modified":"2026-04-08T08:37:44.993827Z","name":"规则检索","icon":"SearchOutlined","path":"/main/audit/search","type":1,"component":"audit/search","pid":10,"identifier":null,"api":"/api/audit/search","method":"POST"},{"id":13,"status":1,"created":"2026-04-08T08:37:44.993827Z","modified":"2026-04-08T08:37:44.993827Z","name":"合规判定","icon":"CheckCircleOutlined","path":"/main/audit/judge","type":1,"component":"audit/judge","pid":10,"identifier":null,"api":"/api/audit/judge","method":"POST"}]}],"msg":"请求成功"}
[2026-04-08 16:56:18,698] INFO 3022120f-432c-465d-9c80-2b28729c6c11 Request Log Address(host='127.0.0.1', port=51014) GET http://localhost:8000/api/system/role?offset=1&limit=5 Headers({'accept-language': 'en-US,en;q=0.9,zh-CN;q=0.8,zh;q=0.7', 'accept-encoding': 'gzip, deflate, br, zstd', 'referer': 'http://localhost:5173/main/system/role', 'sec-fetch-dest': 'empty', 'sec-fetch-mode': 'cors', 'sec-fetch-site': 'same-origin', 'sec-ch-ua-mobile': '?0', 'sec-ch-ua': '"Chromium";v="146", "Not-A.Brand";v="24", "Google Chrome";v="146"', 'accept': 'application/json, text/plain, */*', 'user-agent': 'Mozilla/5.0 (Macintosh; Intel Mac OS X 10_15_7) AppleWebKit/537.36 (KHTML, like Gecko) Chrome/146.0.0.0 Safari/537.36', 'authorization': 'Bearer eyJhbGciOiJIUzI1NiIsInR5cCI6IkpXVCJ9.eyJzdWIiOiJhZG1pbiIsImV4cCI6MTc3NjI0MjY4Nn0.S7-SIggMKClQYgxQezEZa_2xdn-efKnQhwOJR52fZ_0', 'sec-ch-ua-platform': '"macOS"', 'connection': 'close', 'host': 'localhost:8000'})
 b''
[2026-04-08 16:56:18,701] INFO 3022120f-432c-465d-9c80-2b28729c6c11 Response Log 0.0026493072509765625s MutableHeaders({'content-length': '205', 'content-type': 'application/json', 'x-response-time': '0.0026493072509765625'})
 {"code":200,"data":{"total":1,"items":[{"id":1,"status":1,"created":"2026-04-08T08:37:44.993827Z","modified":"2026-04-08T08:37:44.993827Z","name":"admin","remark":"系统管理员"}]},"msg":"请求成功"}
[2026-04-08 17:22:12,852] INFO 360d74c5-1489-458c-9673-55996adad847 Request Log Address(host='127.0.0.1', port=55888) GET http://localhost:8000/api/system/role?offset=1&limit=5 Headers({'accept-language': 'en-US,en;q=0.9,zh-CN;q=0.8,zh;q=0.7', 'accept-encoding': 'gzip, deflate, br, zstd', 'referer': 'http://localhost:5173/main/system/role', 'sec-fetch-dest': 'empty', 'sec-fetch-mode': 'cors', 'sec-fetch-site': 'same-origin', 'sec-ch-ua-mobile': '?0', 'sec-ch-ua': '"Chromium";v="146", "Not-A.Brand";v="24", "Google Chrome";v="146"', 'accept': 'application/json, text/plain, */*', 'user-agent': 'Mozilla/5.0 (Macintosh; Intel Mac OS X 10_15_7) AppleWebKit/537.36 (KHTML, like Gecko) Chrome/146.0.0.0 Safari/537.36', 'authorization': 'Bearer eyJhbGciOiJIUzI1NiIsInR5cCI6IkpXVCJ9.eyJzdWIiOiJhZG1pbiIsImV4cCI6MTc3NjI0MjY4Nn0.S7-SIggMKClQYgxQezEZa_2xdn-efKnQhwOJR52fZ_0', 'sec-ch-ua-platform': '"macOS"', 'connection': 'close', 'host': 'localhost:8000'})
 b''
[2026-04-08 17:22:12,859] INFO 360d74c5-1489-458c-9673-55996adad847 Response Log 0.00732111930847168s MutableHeaders({'content-length': '638', 'content-type': 'application/json', 'x-response-time': '0.00732111930847168'})
 {"code":200,"data":{"total":4,"items":[{"id":2,"status":1,"created":"2026-04-08T09:06:09.299353Z","modified":"2026-04-08T09:06:09.299353Z","name":"system_admin","remark":"系统管理员"},{"id":3,"status":1,"created":"2026-04-08T09:06:09.299353Z","modified":"2026-04-08T09:06:09.299353Z","name":"auditor","remark":"审核员"},{"id":4,"status":1,"created":"2026-04-08T09:06:09.299353Z","modified":"2026-04-08T09:06:09.299353Z","name":"viewer","remark":"查看员"},{"id":1,"status":1,"created":"2026-04-08T08:37:44.993827Z","modified":"2026-04-08T09:21:01.289251Z","name":"super_admin","remark":"系统管理员"}]},"msg":"请求成功"}
[2026-04-08 17:22:27,621] INFO a80f6eac-6509-4863-96ee-6eab46340ea3 Request Log Address(host='127.0.0.1', port=55935) POST http://localhost:8000/api/system/login Headers({'accept-language': 'en-US,en;q=0.9,zh-CN;q=0.8,zh;q=0.7', 'accept-encoding': 'gzip, deflate, br, zstd', 'referer': 'http://localhost:5173/login', 'sec-fetch-dest': 'empty', 'sec-fetch-mode': 'cors', 'sec-fetch-site': 'same-origin', 'origin': 'http://localhost:5173', 'sec-ch-ua-mobile': '?0', 'content-type': 'application/json', 'sec-ch-ua': '"Chromium";v="146", "Not-A.Brand";v="24", "Google Chrome";v="146"', 'accept': 'application/json, text/plain, */*', 'user-agent': 'Mozilla/5.0 (Macintosh; Intel Mac OS X 10_15_7) AppleWebKit/537.36 (KHTML, like Gecko) Chrome/146.0.0.0 Safari/537.36', 'authorization': 'Bearer', 'sec-ch-ua-platform': '"macOS"', 'content-length': '46', 'connection': 'close', 'host': 'localhost:8000'})
 b'{"username":"super_admin","password":"123456"}'
[2026-04-08 17:22:27,842] INFO a80f6eac-6509-4863-96ee-6eab46340ea3 Response Log 0.22076702117919922s MutableHeaders({'content-length': '214', 'content-type': 'application/json', 'x-response-time': '0.22076702117919922'})
 {"code":200,"data":{"id":1,"token":"eyJhbGciOiJIUzI1NiIsInR5cCI6IkpXVCJ9.eyJzdWIiOiJzdXBlcl9hZG1pbiIsImV4cCI6MTc3NjI0NDk0N30.qA6q3XHqJj-2QMMaFz3ua6Cg1bHWvMT1Rlcj7EJLxrM","token_type":"Bearer"},"msg":"请求成功"}
[2026-04-08 17:22:27,847] INFO 556c4d8c-619d-4246-aafc-40c2626c633e Request Log Address(host='127.0.0.1', port=55940) GET http://localhost:8000/api/system/user/1 Headers({'accept-language': 'en-US,en;q=0.9,zh-CN;q=0.8,zh;q=0.7', 'accept-encoding': 'gzip, deflate, br, zstd', 'referer': 'http://localhost:5173/login', 'sec-fetch-dest': 'empty', 'sec-fetch-mode': 'cors', 'sec-fetch-site': 'same-origin', 'sec-ch-ua-mobile': '?0', 'sec-ch-ua': '"Chromium";v="146", "Not-A.Brand";v="24", "Google Chrome";v="146"', 'accept': 'application/json, text/plain, */*', 'user-agent': 'Mozilla/5.0 (Macintosh; Intel Mac OS X 10_15_7) AppleWebKit/537.36 (KHTML, like Gecko) Chrome/146.0.0.0 Safari/537.36', 'authorization': 'Bearer eyJhbGciOiJIUzI1NiIsInR5cCI6IkpXVCJ9.eyJzdWIiOiJzdXBlcl9hZG1pbiIsImV4cCI6MTc3NjI0NDk0N30.qA6q3XHqJj-2QMMaFz3ua6Cg1bHWvMT1Rlcj7EJLxrM', 'sec-ch-ua-platform': '"macOS"', 'connection': 'close', 'host': 'localhost:8000'})
 b''
[2026-04-08 17:22:27,850] INFO 556c4d8c-619d-4246-aafc-40c2626c633e Response Log 0.0023810863494873047s MutableHeaders({'content-length': '240', 'content-type': 'application/json', 'x-response-time': '0.0023810863494873047'})
 {"code":200,"data":{"id":1,"status":1,"created":"2026-04-08T08:37:44.993827Z","modified":"2026-04-08T09:19:01.092659Z","username":"super_admin","nickname":"管理员","roles":[{"id":1,"name":"super_admin","status":5}]},"msg":"请求成功"}
[2026-04-08 17:22:27,856] INFO 3ccdfd3a-47d5-4466-897b-548100f371b4 Request Log Address(host='127.0.0.1', port=55943) GET http://localhost:8000/api/system/role/1/menu Headers({'accept-language': 'en-US,en;q=0.9,zh-CN;q=0.8,zh;q=0.7', 'accept-encoding': 'gzip, deflate, br, zstd', 'referer': 'http://localhost:5173/login', 'sec-fetch-dest': 'empty', 'sec-fetch-mode': 'cors', 'sec-fetch-site': 'same-origin', 'sec-ch-ua-mobile': '?0', 'sec-ch-ua': '"Chromium";v="146", "Not-A.Brand";v="24", "Google Chrome";v="146"', 'accept': 'application/json, text/plain, */*', 'user-agent': 'Mozilla/5.0 (Macintosh; Intel Mac OS X 10_15_7) AppleWebKit/537.36 (KHTML, like Gecko) Chrome/146.0.0.0 Safari/537.36', 'authorization': 'Bearer eyJhbGciOiJIUzI1NiIsInR5cCI6IkpXVCJ9.eyJzdWIiOiJzdXBlcl9hZG1pbiIsImV4cCI6MTc3NjI0NDk0N30.qA6q3XHqJj-2QMMaFz3ua6Cg1bHWvMT1Rlcj7EJLxrM', 'sec-ch-ua-platform': '"macOS"', 'connection': 'close', 'host': 'localhost:8000'})
 b''
[2026-04-08 17:22:27,858] INFO 3ccdfd3a-47d5-4466-897b-548100f371b4 Response Log 0.001730203628540039s MutableHeaders({'content-length': '1477', 'content-type': 'application/json', 'x-response-time': '0.001730203628540039'})
 {"code":200,"data":[{"id":1,"name":"系统管理","icon":"SettingOutlined","path":"/main/system","type":0,"component":null,"pid":0,"identifier":null,"api":null,"method":null,"children":[{"id":2,"name":"用户管理","icon":"UserOutlined","path":"/main/system/user","type":1,"component":"user/user","pid":1,"identifier":null,"api":"/api/system/user","method":"GET"},{"id":3,"name":"角色管理","icon":"TeamOutlined","path":"/main/system/role","type":1,"component":"role/role","pid":1,"identifier":null,"api":"/api/system/role","method":"GET"},{"id":4,"name":"菜单管理","icon":"MenuOutlined","path":"/main/system/menu","type":1,"component":"menu/menu","pid":1,"identifier":null,"api":"/api/system/menu","method":"GET"}]},{"id":10,"name":"审核中心","icon":"AuditOutlined","path":"/main/audit","type":0,"component":null,"pid":0,"identifier":null,"api":null,"method":null,"children":[{"id":11,"name":"规则库","icon":"DatabaseOutlined","path":"/main/audit/rules","type":1,"component":"audit/rules","pid":10,"identifier":null,"api":"/api/audit/rules","method":"GET"},{"id":12,"name":"规则检索","icon":"SearchOutlined","path":"/main/audit/search","type":1,"component":"audit/search","pid":10,"identifier":null,"api":"/api/audit/search","method":"POST"},{"id":13,"name":"合规判定","icon":"CheckCircleOutlined","path":"/main/audit/judge","type":1,"component":"audit/judge","pid":10,"identifier":null,"api":"/api/audit/judge","method":"POST"}]}],"msg":"请求成功"}
[2026-04-08 17:22:27,911] INFO 1e7f189a-b404-4f84-9e74-635a8ae86dc0 Request Log Address(host='127.0.0.1', port=55949) GET http://localhost:8000/api/system/user?offset=1&limit=5 Headers({'accept-language': 'en-US,en;q=0.9,zh-CN;q=0.8,zh;q=0.7', 'accept-encoding': 'gzip, deflate, br, zstd', 'referer': 'http://localhost:5173/main/system/user', 'sec-fetch-dest': 'empty', 'sec-fetch-mode': 'cors', 'sec-fetch-site': 'same-origin', 'sec-ch-ua-mobile': '?0', 'sec-ch-ua': '"Chromium";v="146", "Not-A.Brand";v="24", "Google Chrome";v="146"', 'accept': 'application/json, text/plain, */*', 'user-agent': 'Mozilla/5.0 (Macintosh; Intel Mac OS X 10_15_7) AppleWebKit/537.36 (KHTML, like Gecko) Chrome/146.0.0.0 Safari/537.36', 'authorization': 'Bearer eyJhbGciOiJIUzI1NiIsInR5cCI6IkpXVCJ9.eyJzdWIiOiJzdXBlcl9hZG1pbiIsImV4cCI6MTc3NjI0NDk0N30.qA6q3XHqJj-2QMMaFz3ua6Cg1bHWvMT1Rlcj7EJLxrM', 'sec-ch-ua-platform': '"macOS"', 'connection': 'close', 'host': 'localhost:8000'})
 b''
[2026-04-08 17:22:27,914] INFO 1e7f189a-b404-4f84-9e74-635a8ae86dc0 Response Log 0.002702951431274414s MutableHeaders({'content-length': '211', 'content-type': 'application/json', 'x-response-time': '0.002702951431274414'})
 {"code":200,"data":{"total":1,"items":[{"id":1,"status":1,"created":"2026-04-08T08:37:44.993827Z","modified":"2026-04-08T09:19:01.092659Z","username":"super_admin","nickname":"管理员"}]},"msg":"请求成功"}
[2026-04-08 17:22:35,803] INFO 42ba2ba7-3b6f-45f5-ad7d-887ce9779eda Request Log Address(host='127.0.0.1', port=55988) GET http://localhost:8000/api/system/menu Headers({'accept-language': 'en-US,en;q=0.9,zh-CN;q=0.8,zh;q=0.7', 'accept-encoding': 'gzip, deflate, br, zstd', 'referer': 'http://localhost:5173/main/system/menu', 'sec-fetch-dest': 'empty', 'sec-fetch-mode': 'cors', 'sec-fetch-site': 'same-origin', 'sec-ch-ua-mobile': '?0', 'sec-ch-ua': '"Chromium";v="146", "Not-A.Brand";v="24", "Google Chrome";v="146"', 'accept': 'application/json, text/plain, */*', 'user-agent': 'Mozilla/5.0 (Macintosh; Intel Mac OS X 10_15_7) AppleWebKit/537.36 (KHTML, like Gecko) Chrome/146.0.0.0 Safari/537.36', 'authorization': 'Bearer eyJhbGciOiJIUzI1NiIsInR5cCI6IkpXVCJ9.eyJzdWIiOiJzdXBlcl9hZG1pbiIsImV4cCI6MTc3NjI0NDk0N30.qA6q3XHqJj-2QMMaFz3ua6Cg1bHWvMT1Rlcj7EJLxrM', 'sec-ch-ua-platform': '"macOS"', 'connection': 'close', 'host': 'localhost:8000'})
 b''
[2026-04-08 17:22:35,804] INFO 42ba2ba7-3b6f-45f5-ad7d-887ce9779eda Response Log 0.0014269351959228516s MutableHeaders({'content-length': '2213', 'content-type': 'application/json', 'x-response-time': '0.0014269351959228516'})
 {"code":200,"data":[{"id":1,"status":1,"created":"2026-04-08T08:37:44.993827Z","modified":"2026-04-08T08:37:44.993827Z","name":"系统管理","icon":"SettingOutlined","path":"/main/system","type":0,"component":null,"pid":0,"identifier":null,"api":null,"method":null,"children":[{"id":2,"status":1,"created":"2026-04-08T08:37:44.993827Z","modified":"2026-04-08T08:37:44.993827Z","name":"用户管理","icon":"UserOutlined","path":"/main/system/user","type":1,"component":"user/user","pid":1,"identifier":null,"api":"/api/system/user","method":"GET"},{"id":3,"status":1,"created":"2026-04-08T08:37:44.993827Z","modified":"2026-04-08T08:37:44.993827Z","name":"角色管理","icon":"TeamOutlined","path":"/main/system/role","type":1,"component":"role/role","pid":1,"identifier":null,"api":"/api/system/role","method":"GET"},{"id":4,"status":1,"created":"2026-04-08T08:37:44.993827Z","modified":"2026-04-08T08:37:44.993827Z","name":"菜单管理","icon":"MenuOutlined","path":"/main/system/menu","type":1,"component":"menu/menu","pid":1,"identifier":null,"api":"/api/system/menu","method":"GET"}]},{"id":10,"status":1,"created":"2026-04-08T08:37:44.993827Z","modified":"2026-04-08T08:37:44.993827Z","name":"审核中心","icon":"AuditOutlined","path":"/main/audit","type":0,"component":null,"pid":0,"identifier":null,"api":null,"method":null,"children":[{"id":11,"status":1,"created":"2026-04-08T08:37:44.993827Z","modified":"2026-04-08T08:37:44.993827Z","name":"规则库","icon":"DatabaseOutlined","path":"/main/audit/rules","type":1,"component":"audit/rules","pid":10,"identifier":null,"api":"/api/audit/rules","method":"GET"},{"id":12,"status":1,"created":"2026-04-08T08:37:44.993827Z","modified":"2026-04-08T08:37:44.993827Z","name":"规则检索","icon":"SearchOutlined","path":"/main/audit/search","type":1,"component":"audit/search","pid":10,"identifier":null,"api":"/api/audit/search","method":"POST"},{"id":13,"status":1,"created":"2026-04-08T08:37:44.993827Z","modified":"2026-04-08T08:37:44.993827Z","name":"合规判定","icon":"CheckCircleOutlined","path":"/main/audit/judge","type":1,"component":"audit/judge","pid":10,"identifier":null,"api":"/api/audit/judge","method":"POST"}]}],"msg":"请求成功"}
[2026-04-08 17:22:36,614] INFO d88aad62-74f5-4bf1-a3d5-24d9c927175d Request Log Address(host='127.0.0.1', port=55993) GET http://localhost:8000/api/system/role?offset=1&limit=5 Headers({'accept-language': 'en-US,en;q=0.9,zh-CN;q=0.8,zh;q=0.7', 'accept-encoding': 'gzip, deflate, br, zstd', 'referer': 'http://localhost:5173/main/system/role', 'sec-fetch-dest': 'empty', 'sec-fetch-mode': 'cors', 'sec-fetch-site': 'same-origin', 'sec-ch-ua-mobile': '?0', 'sec-ch-ua': '"Chromium";v="146", "Not-A.Brand";v="24", "Google Chrome";v="146"', 'accept': 'application/json, text/plain, */*', 'user-agent': 'Mozilla/5.0 (Macintosh; Intel Mac OS X 10_15_7) AppleWebKit/537.36 (KHTML, like Gecko) Chrome/146.0.0.0 Safari/537.36', 'authorization': 'Bearer eyJhbGciOiJIUzI1NiIsInR5cCI6IkpXVCJ9.eyJzdWIiOiJzdXBlcl9hZG1pbiIsImV4cCI6MTc3NjI0NDk0N30.qA6q3XHqJj-2QMMaFz3ua6Cg1bHWvMT1Rlcj7EJLxrM', 'sec-ch-ua-platform': '"macOS"', 'connection': 'close', 'host': 'localhost:8000'})
 b''
[2026-04-08 17:22:36,616] INFO d88aad62-74f5-4bf1-a3d5-24d9c927175d Response Log 0.002115964889526367s MutableHeaders({'content-length': '638', 'content-type': 'application/json', 'x-response-time': '0.002115964889526367'})
 {"code":200,"data":{"total":4,"items":[{"id":2,"status":1,"created":"2026-04-08T09:06:09.299353Z","modified":"2026-04-08T09:06:09.299353Z","name":"system_admin","remark":"系统管理员"},{"id":3,"status":1,"created":"2026-04-08T09:06:09.299353Z","modified":"2026-04-08T09:06:09.299353Z","name":"auditor","remark":"审核员"},{"id":4,"status":1,"created":"2026-04-08T09:06:09.299353Z","modified":"2026-04-08T09:06:09.299353Z","name":"viewer","remark":"查看员"},{"id":1,"status":1,"created":"2026-04-08T08:37:44.993827Z","modified":"2026-04-08T09:21:01.289251Z","name":"super_admin","remark":"系统管理员"}]},"msg":"请求成功"}
[2026-04-08 17:22:36,869] INFO 31e113ce-e89c-46da-bf16-ff5bf53eeae9 Request Log Address(host='127.0.0.1', port=55996) GET http://localhost:8000/api/system/user?offset=1&limit=5 Headers({'accept-language': 'en-US,en;q=0.9,zh-CN;q=0.8,zh;q=0.7', 'accept-encoding': 'gzip, deflate, br, zstd', 'referer': 'http://localhost:5173/main/system/user', 'sec-fetch-dest': 'empty', 'sec-fetch-mode': 'cors', 'sec-fetch-site': 'same-origin', 'sec-ch-ua-mobile': '?0', 'sec-ch-ua': '"Chromium";v="146", "Not-A.Brand";v="24", "Google Chrome";v="146"', 'accept': 'application/json, text/plain, */*', 'user-agent': 'Mozilla/5.0 (Macintosh; Intel Mac OS X 10_15_7) AppleWebKit/537.36 (KHTML, like Gecko) Chrome/146.0.0.0 Safari/537.36', 'authorization': 'Bearer eyJhbGciOiJIUzI1NiIsInR5cCI6IkpXVCJ9.eyJzdWIiOiJzdXBlcl9hZG1pbiIsImV4cCI6MTc3NjI0NDk0N30.qA6q3XHqJj-2QMMaFz3ua6Cg1bHWvMT1Rlcj7EJLxrM', 'sec-ch-ua-platform': '"macOS"', 'connection': 'close', 'host': 'localhost:8000'})
 b''
[2026-04-08 17:22:36,871] INFO 31e113ce-e89c-46da-bf16-ff5bf53eeae9 Response Log 0.0015711784362792969s MutableHeaders({'content-length': '211', 'content-type': 'application/json', 'x-response-time': '0.0015711784362792969'})
 {"code":200,"data":{"total":1,"items":[{"id":1,"status":1,"created":"2026-04-08T08:37:44.993827Z","modified":"2026-04-08T09:19:01.092659Z","username":"super_admin","nickname":"管理员"}]},"msg":"请求成功"}
[2026-04-08 17:22:37,356] INFO 6af585ba-fa34-452c-89e5-0e83a00ef40e Request Log Address(host='127.0.0.1', port=56002) GET http://localhost:8000/api/system/role?offset=1&limit=5 Headers({'accept-language': 'en-US,en;q=0.9,zh-CN;q=0.8,zh;q=0.7', 'accept-encoding': 'gzip, deflate, br, zstd', 'referer': 'http://localhost:5173/main/system/role', 'sec-fetch-dest': 'empty', 'sec-fetch-mode': 'cors', 'sec-fetch-site': 'same-origin', 'sec-ch-ua-mobile': '?0', 'sec-ch-ua': '"Chromium";v="146", "Not-A.Brand";v="24", "Google Chrome";v="146"', 'accept': 'application/json, text/plain, */*', 'user-agent': 'Mozilla/5.0 (Macintosh; Intel Mac OS X 10_15_7) AppleWebKit/537.36 (KHTML, like Gecko) Chrome/146.0.0.0 Safari/537.36', 'authorization': 'Bearer eyJhbGciOiJIUzI1NiIsInR5cCI6IkpXVCJ9.eyJzdWIiOiJzdXBlcl9hZG1pbiIsImV4cCI6MTc3NjI0NDk0N30.qA6q3XHqJj-2QMMaFz3ua6Cg1bHWvMT1Rlcj7EJLxrM', 'sec-ch-ua-platform': '"macOS"', 'connection': 'close', 'host': 'localhost:8000'})
 b''
[2026-04-08 17:22:37,359] INFO 6af585ba-fa34-452c-89e5-0e83a00ef40e Response Log 0.002065896987915039s MutableHeaders({'content-length': '638', 'content-type': 'application/json', 'x-response-time': '0.002065896987915039'})
 {"code":200,"data":{"total":4,"items":[{"id":2,"status":1,"created":"2026-04-08T09:06:09.299353Z","modified":"2026-04-08T09:06:09.299353Z","name":"system_admin","remark":"系统管理员"},{"id":3,"status":1,"created":"2026-04-08T09:06:09.299353Z","modified":"2026-04-08T09:06:09.299353Z","name":"auditor","remark":"审核员"},{"id":4,"status":1,"created":"2026-04-08T09:06:09.299353Z","modified":"2026-04-08T09:06:09.299353Z","name":"viewer","remark":"查看员"},{"id":1,"status":1,"created":"2026-04-08T08:37:44.993827Z","modified":"2026-04-08T09:21:01.289251Z","name":"super_admin","remark":"系统管理员"}]},"msg":"请求成功"}
[2026-04-08 17:22:37,723] INFO c38120c2-d142-4e0f-b081-811f4f285767 Request Log Address(host='127.0.0.1', port=56010) GET http://localhost:8000/api/system/menu Headers({'accept-language': 'en-US,en;q=0.9,zh-CN;q=0.8,zh;q=0.7', 'accept-encoding': 'gzip, deflate, br, zstd', 'referer': 'http://localhost:5173/main/system/menu', 'sec-fetch-dest': 'empty', 'sec-fetch-mode': 'cors', 'sec-fetch-site': 'same-origin', 'sec-ch-ua-mobile': '?0', 'sec-ch-ua': '"Chromium";v="146", "Not-A.Brand";v="24", "Google Chrome";v="146"', 'accept': 'application/json, text/plain, */*', 'user-agent': 'Mozilla/5.0 (Macintosh; Intel Mac OS X 10_15_7) AppleWebKit/537.36 (KHTML, like Gecko) Chrome/146.0.0.0 Safari/537.36', 'authorization': 'Bearer eyJhbGciOiJIUzI1NiIsInR5cCI6IkpXVCJ9.eyJzdWIiOiJzdXBlcl9hZG1pbiIsImV4cCI6MTc3NjI0NDk0N30.qA6q3XHqJj-2QMMaFz3ua6Cg1bHWvMT1Rlcj7EJLxrM', 'sec-ch-ua-platform': '"macOS"', 'connection': 'close', 'host': 'localhost:8000'})
 b''
[2026-04-08 17:22:37,724] INFO c38120c2-d142-4e0f-b081-811f4f285767 Response Log 0.0009660720825195312s MutableHeaders({'content-length': '2213', 'content-type': 'application/json', 'x-response-time': '0.0009660720825195312'})
 {"code":200,"data":[{"id":1,"status":1,"created":"2026-04-08T08:37:44.993827Z","modified":"2026-04-08T08:37:44.993827Z","name":"系统管理","icon":"SettingOutlined","path":"/main/system","type":0,"component":null,"pid":0,"identifier":null,"api":null,"method":null,"children":[{"id":2,"status":1,"created":"2026-04-08T08:37:44.993827Z","modified":"2026-04-08T08:37:44.993827Z","name":"用户管理","icon":"UserOutlined","path":"/main/system/user","type":1,"component":"user/user","pid":1,"identifier":null,"api":"/api/system/user","method":"GET"},{"id":3,"status":1,"created":"2026-04-08T08:37:44.993827Z","modified":"2026-04-08T08:37:44.993827Z","name":"角色管理","icon":"TeamOutlined","path":"/main/system/role","type":1,"component":"role/role","pid":1,"identifier":null,"api":"/api/system/role","method":"GET"},{"id":4,"status":1,"created":"2026-04-08T08:37:44.993827Z","modified":"2026-04-08T08:37:44.993827Z","name":"菜单管理","icon":"MenuOutlined","path":"/main/system/menu","type":1,"component":"menu/menu","pid":1,"identifier":null,"api":"/api/system/menu","method":"GET"}]},{"id":10,"status":1,"created":"2026-04-08T08:37:44.993827Z","modified":"2026-04-08T08:37:44.993827Z","name":"审核中心","icon":"AuditOutlined","path":"/main/audit","type":0,"component":null,"pid":0,"identifier":null,"api":null,"method":null,"children":[{"id":11,"status":1,"created":"2026-04-08T08:37:44.993827Z","modified":"2026-04-08T08:37:44.993827Z","name":"规则库","icon":"DatabaseOutlined","path":"/main/audit/rules","type":1,"component":"audit/rules","pid":10,"identifier":null,"api":"/api/audit/rules","method":"GET"},{"id":12,"status":1,"created":"2026-04-08T08:37:44.993827Z","modified":"2026-04-08T08:37:44.993827Z","name":"规则检索","icon":"SearchOutlined","path":"/main/audit/search","type":1,"component":"audit/search","pid":10,"identifier":null,"api":"/api/audit/search","method":"POST"},{"id":13,"status":1,"created":"2026-04-08T08:37:44.993827Z","modified":"2026-04-08T08:37:44.993827Z","name":"合规判定","icon":"CheckCircleOutlined","path":"/main/audit/judge","type":1,"component":"audit/judge","pid":10,"identifier":null,"api":"/api/audit/judge","method":"POST"}]}],"msg":"请求成功"}
[2026-04-08 17:22:43,236] INFO 17e83b35-ef9a-4d35-8624-ca1617bfdf6b Request Log Address(host='127.0.0.1', port=56025) GET http://localhost:8000/api/system/role?offset=1&limit=5 Headers({'accept-language': 'en-US,en;q=0.9,zh-CN;q=0.8,zh;q=0.7', 'accept-encoding': 'gzip, deflate, br, zstd', 'referer': 'http://localhost:5173/main/system/role', 'sec-fetch-dest': 'empty', 'sec-fetch-mode': 'cors', 'sec-fetch-site': 'same-origin', 'sec-ch-ua-mobile': '?0', 'sec-ch-ua': '"Chromium";v="146", "Not-A.Brand";v="24", "Google Chrome";v="146"', 'accept': 'application/json, text/plain, */*', 'user-agent': 'Mozilla/5.0 (Macintosh; Intel Mac OS X 10_15_7) AppleWebKit/537.36 (KHTML, like Gecko) Chrome/146.0.0.0 Safari/537.36', 'authorization': 'Bearer eyJhbGciOiJIUzI1NiIsInR5cCI6IkpXVCJ9.eyJzdWIiOiJzdXBlcl9hZG1pbiIsImV4cCI6MTc3NjI0NDk0N30.qA6q3XHqJj-2QMMaFz3ua6Cg1bHWvMT1Rlcj7EJLxrM', 'sec-ch-ua-platform': '"macOS"', 'connection': 'close', 'host': 'localhost:8000'})
 b''
[2026-04-08 17:22:43,238] INFO 17e83b35-ef9a-4d35-8624-ca1617bfdf6b Response Log 0.002591848373413086s MutableHeaders({'content-length': '638', 'content-type': 'application/json', 'x-response-time': '0.002591848373413086'})
 {"code":200,"data":{"total":4,"items":[{"id":2,"status":1,"created":"2026-04-08T09:06:09.299353Z","modified":"2026-04-08T09:06:09.299353Z","name":"system_admin","remark":"系统管理员"},{"id":3,"status":1,"created":"2026-04-08T09:06:09.299353Z","modified":"2026-04-08T09:06:09.299353Z","name":"auditor","remark":"审核员"},{"id":4,"status":1,"created":"2026-04-08T09:06:09.299353Z","modified":"2026-04-08T09:06:09.299353Z","name":"viewer","remark":"查看员"},{"id":1,"status":1,"created":"2026-04-08T08:37:44.993827Z","modified":"2026-04-08T09:21:01.289251Z","name":"super_admin","remark":"系统管理员"}]},"msg":"请求成功"}
[2026-04-08 17:27:36,035] INFO 98ee0eaf-26d6-4efa-8000-44e2ac311fd8 Request Log Address(host='127.0.0.1', port=56923) GET http://localhost:8000/api/system/role?offset=1&limit=5 Headers({'accept-language': 'en-US,en;q=0.9,zh-CN;q=0.8,zh;q=0.7', 'accept-encoding': 'gzip, deflate, br, zstd', 'referer': 'http://localhost:5173/main/system/role', 'sec-fetch-dest': 'empty', 'sec-fetch-mode': 'cors', 'sec-fetch-site': 'same-origin', 'sec-ch-ua-mobile': '?0', 'sec-ch-ua': '"Chromium";v="146", "Not-A.Brand";v="24", "Google Chrome";v="146"', 'accept': 'application/json, text/plain, */*', 'user-agent': 'Mozilla/5.0 (Macintosh; Intel Mac OS X 10_15_7) AppleWebKit/537.36 (KHTML, like Gecko) Chrome/146.0.0.0 Safari/537.36', 'authorization': 'Bearer eyJhbGciOiJIUzI1NiIsInR5cCI6IkpXVCJ9.eyJzdWIiOiJzdXBlcl9hZG1pbiIsImV4cCI6MTc3NjI0NDk0N30.qA6q3XHqJj-2QMMaFz3ua6Cg1bHWvMT1Rlcj7EJLxrM', 'sec-ch-ua-platform': '"macOS"', 'connection': 'close', 'host': 'localhost:8000'})
 b''
[2026-04-08 17:27:36,038] INFO 98ee0eaf-26d6-4efa-8000-44e2ac311fd8 Response Log 0.003000020980834961s MutableHeaders({'content-length': '638', 'content-type': 'application/json', 'x-response-time': '0.003000020980834961'})
 {"code":200,"data":{"total":4,"items":[{"id":3,"status":1,"created":"2026-04-08T09:06:09.299353Z","modified":"2026-04-08T09:06:09.299353Z","name":"auditor","remark":"审核员"},{"id":4,"status":1,"created":"2026-04-08T09:06:09.299353Z","modified":"2026-04-08T09:06:09.299353Z","name":"viewer","remark":"查看员"},{"id":2,"status":1,"created":"2026-04-08T09:06:09.299353Z","modified":"2026-04-08T09:27:14.388720Z","name":"system_admin","remark":"系统管理员"},{"id":1,"status":1,"created":"2026-04-08T08:37:44.993827Z","modified":"2026-04-08T09:23:42.398415Z","name":"super_admin","remark":"超级管理员"}]},"msg":"请求成功"}
[2026-04-08 17:27:36,845] INFO 96d3fa9c-638a-4c6e-9d7a-ece3aa175e26 Request Log Address(host='127.0.0.1', port=56932) GET http://localhost:8000/api/system/role?offset=1&limit=5 Headers({'accept-language': 'en-US,en;q=0.9,zh-CN;q=0.8,zh;q=0.7', 'accept-encoding': 'gzip, deflate, br, zstd', 'referer': 'http://localhost:5173/main/system/role', 'sec-fetch-dest': 'empty', 'sec-fetch-mode': 'cors', 'sec-fetch-site': 'same-origin', 'sec-ch-ua-mobile': '?0', 'sec-ch-ua': '"Chromium";v="146", "Not-A.Brand";v="24", "Google Chrome";v="146"', 'accept': 'application/json, text/plain, */*', 'user-agent': 'Mozilla/5.0 (Macintosh; Intel Mac OS X 10_15_7) AppleWebKit/537.36 (KHTML, like Gecko) Chrome/146.0.0.0 Safari/537.36', 'authorization': 'Bearer eyJhbGciOiJIUzI1NiIsInR5cCI6IkpXVCJ9.eyJzdWIiOiJzdXBlcl9hZG1pbiIsImV4cCI6MTc3NjI0NDk0N30.qA6q3XHqJj-2QMMaFz3ua6Cg1bHWvMT1Rlcj7EJLxrM', 'sec-ch-ua-platform': '"macOS"', 'connection': 'close', 'host': 'localhost:8000'})
 b''
[2026-04-08 17:27:36,848] INFO 96d3fa9c-638a-4c6e-9d7a-ece3aa175e26 Response Log 0.0028510093688964844s MutableHeaders({'content-length': '638', 'content-type': 'application/json', 'x-response-time': '0.0028510093688964844'})
 {"code":200,"data":{"total":4,"items":[{"id":3,"status":1,"created":"2026-04-08T09:06:09.299353Z","modified":"2026-04-08T09:06:09.299353Z","name":"auditor","remark":"审核员"},{"id":4,"status":1,"created":"2026-04-08T09:06:09.299353Z","modified":"2026-04-08T09:06:09.299353Z","name":"viewer","remark":"查看员"},{"id":2,"status":1,"created":"2026-04-08T09:06:09.299353Z","modified":"2026-04-08T09:27:14.388720Z","name":"system_admin","remark":"系统管理员"},{"id":1,"status":1,"created":"2026-04-08T08:37:44.993827Z","modified":"2026-04-08T09:23:42.398415Z","name":"super_admin","remark":"超级管理员"}]},"msg":"请求成功"}
[2026-04-08 17:31:06,645] INFO 6a6070e7-0413-49fd-aeaa-5e8333bf3180 Request Log Address(host='127.0.0.1', port=57656) GET http://localhost:8000/api/system/user?offset=1&limit=5 Headers({'accept-language': 'en-US,en;q=0.9,zh-CN;q=0.8,zh;q=0.7', 'accept-encoding': 'gzip, deflate, br, zstd', 'referer': 'http://localhost:5173/main/system/user', 'sec-fetch-dest': 'empty', 'sec-fetch-mode': 'cors', 'sec-fetch-site': 'same-origin', 'sec-ch-ua-mobile': '?0', 'sec-ch-ua': '"Chromium";v="146", "Not-A.Brand";v="24", "Google Chrome";v="146"', 'accept': 'application/json, text/plain, */*', 'user-agent': 'Mozilla/5.0 (Macintosh; Intel Mac OS X 10_15_7) AppleWebKit/537.36 (KHTML, like Gecko) Chrome/146.0.0.0 Safari/537.36', 'authorization': 'Bearer eyJhbGciOiJIUzI1NiIsInR5cCI6IkpXVCJ9.eyJzdWIiOiJzdXBlcl9hZG1pbiIsImV4cCI6MTc3NjI0NDk0N30.qA6q3XHqJj-2QMMaFz3ua6Cg1bHWvMT1Rlcj7EJLxrM', 'sec-ch-ua-platform': '"macOS"', 'connection': 'close', 'host': 'localhost:8000'})
 b''
[2026-04-08 17:31:06,649] INFO 6a6070e7-0413-49fd-aeaa-5e8333bf3180 Response Log 0.003013134002685547s MutableHeaders({'content-length': '211', 'content-type': 'application/json', 'x-response-time': '0.003013134002685547'})
 {"code":200,"data":{"total":1,"items":[{"id":1,"status":1,"created":"2026-04-08T08:37:44.993827Z","modified":"2026-04-08T09:19:01.092659Z","username":"super_admin","nickname":"管理员"}]},"msg":"请求成功"}
[2026-04-08 17:31:11,449] INFO 86c40494-d57e-49bc-b2b2-7a30c9176068 Request Log Address(host='127.0.0.1', port=57682) GET http://localhost:8000/api/system/user?offset=1&limit=5 Headers({'accept-language': 'en-US,en;q=0.9,zh-CN;q=0.8,zh;q=0.7', 'accept-encoding': 'gzip, deflate, br, zstd', 'referer': 'http://localhost:5173/main/system/user', 'sec-fetch-dest': 'empty', 'sec-fetch-mode': 'cors', 'sec-fetch-site': 'same-origin', 'sec-ch-ua-mobile': '?0', 'sec-ch-ua': '"Chromium";v="146", "Not-A.Brand";v="24", "Google Chrome";v="146"', 'accept': 'application/json, text/plain, */*', 'user-agent': 'Mozilla/5.0 (Macintosh; Intel Mac OS X 10_15_7) AppleWebKit/537.36 (KHTML, like Gecko) Chrome/146.0.0.0 Safari/537.36', 'authorization': 'Bearer eyJhbGciOiJIUzI1NiIsInR5cCI6IkpXVCJ9.eyJzdWIiOiJzdXBlcl9hZG1pbiIsImV4cCI6MTc3NjI0NDk0N30.qA6q3XHqJj-2QMMaFz3ua6Cg1bHWvMT1Rlcj7EJLxrM', 'sec-ch-ua-platform': '"macOS"', 'connection': 'close', 'host': 'localhost:8000'})
 b''
[2026-04-08 17:31:11,451] INFO 86c40494-d57e-49bc-b2b2-7a30c9176068 Response Log 0.0019268989562988281s MutableHeaders({'content-length': '211', 'content-type': 'application/json', 'x-response-time': '0.0019268989562988281'})
 {"code":200,"data":{"total":1,"items":[{"id":1,"status":1,"created":"2026-04-08T08:37:44.993827Z","modified":"2026-04-08T09:19:01.092659Z","username":"super_admin","nickname":"管理员"}]},"msg":"请求成功"}
[2026-04-08 17:31:14,108] INFO d09c1f48-f13d-45bb-88ac-3795c082d719 Request Log Address(host='127.0.0.1', port=57699) GET http://localhost:8000/api/system/role?offset=1&limit=5 Headers({'accept-language': 'en-US,en;q=0.9,zh-CN;q=0.8,zh;q=0.7', 'accept-encoding': 'gzip, deflate, br, zstd', 'referer': 'http://localhost:5173/main/system/role', 'sec-fetch-dest': 'empty', 'sec-fetch-mode': 'cors', 'sec-fetch-site': 'same-origin', 'sec-ch-ua-mobile': '?0', 'sec-ch-ua': '"Chromium";v="146", "Not-A.Brand";v="24", "Google Chrome";v="146"', 'accept': 'application/json, text/plain, */*', 'user-agent': 'Mozilla/5.0 (Macintosh; Intel Mac OS X 10_15_7) AppleWebKit/537.36 (KHTML, like Gecko) Chrome/146.0.0.0 Safari/537.36', 'authorization': 'Bearer eyJhbGciOiJIUzI1NiIsInR5cCI6IkpXVCJ9.eyJzdWIiOiJzdXBlcl9hZG1pbiIsImV4cCI6MTc3NjI0NDk0N30.qA6q3XHqJj-2QMMaFz3ua6Cg1bHWvMT1Rlcj7EJLxrM', 'sec-ch-ua-platform': '"macOS"', 'connection': 'close', 'host': 'localhost:8000'})
 b''
[2026-04-08 17:31:14,111] INFO d09c1f48-f13d-45bb-88ac-3795c082d719 Response Log 0.0036139488220214844s MutableHeaders({'content-length': '638', 'content-type': 'application/json', 'x-response-time': '0.0036139488220214844'})
 {"code":200,"data":{"total":4,"items":[{"id":3,"status":1,"created":"2026-04-08T09:06:09.299353Z","modified":"2026-04-08T09:06:09.299353Z","name":"auditor","remark":"审核员"},{"id":4,"status":1,"created":"2026-04-08T09:06:09.299353Z","modified":"2026-04-08T09:06:09.299353Z","name":"viewer","remark":"查看员"},{"id":2,"status":1,"created":"2026-04-08T09:06:09.299353Z","modified":"2026-04-08T09:27:14.388720Z","name":"system_admin","remark":"系统管理员"},{"id":1,"status":1,"created":"2026-04-08T08:37:44.993827Z","modified":"2026-04-08T09:23:42.398415Z","name":"super_admin","remark":"超级管理员"}]},"msg":"请求成功"}
[2026-04-08 17:31:15,569] INFO e3f8efec-2303-4738-9d70-c1233d9e8833 Request Log Address(host='127.0.0.1', port=57704) GET http://localhost:8000/api/system/user?offset=1&limit=5 Headers({'accept-language': 'en-US,en;q=0.9,zh-CN;q=0.8,zh;q=0.7', 'accept-encoding': 'gzip, deflate, br, zstd', 'referer': 'http://localhost:5173/main/system/user', 'sec-fetch-dest': 'empty', 'sec-fetch-mode': 'cors', 'sec-fetch-site': 'same-origin', 'sec-ch-ua-mobile': '?0', 'sec-ch-ua': '"Chromium";v="146", "Not-A.Brand";v="24", "Google Chrome";v="146"', 'accept': 'application/json, text/plain, */*', 'user-agent': 'Mozilla/5.0 (Macintosh; Intel Mac OS X 10_15_7) AppleWebKit/537.36 (KHTML, like Gecko) Chrome/146.0.0.0 Safari/537.36', 'authorization': 'Bearer eyJhbGciOiJIUzI1NiIsInR5cCI6IkpXVCJ9.eyJzdWIiOiJzdXBlcl9hZG1pbiIsImV4cCI6MTc3NjI0NDk0N30.qA6q3XHqJj-2QMMaFz3ua6Cg1bHWvMT1Rlcj7EJLxrM', 'sec-ch-ua-platform': '"macOS"', 'connection': 'close', 'host': 'localhost:8000'})
 b''
[2026-04-08 17:31:15,572] INFO e3f8efec-2303-4738-9d70-c1233d9e8833 Response Log 0.0031762123107910156s MutableHeaders({'content-length': '211', 'content-type': 'application/json', 'x-response-time': '0.0031762123107910156'})
 {"code":200,"data":{"total":1,"items":[{"id":1,"status":1,"created":"2026-04-08T08:37:44.993827Z","modified":"2026-04-08T09:19:01.092659Z","username":"super_admin","nickname":"管理员"}]},"msg":"请求成功"}
[2026-04-08 17:31:16,295] INFO 3554784f-9d56-4ab1-9092-eab46207cde4 Request Log Address(host='127.0.0.1', port=57708) GET http://localhost:8000/api/system/role?offset=1&limit=5 Headers({'accept-language': 'en-US,en;q=0.9,zh-CN;q=0.8,zh;q=0.7', 'accept-encoding': 'gzip, deflate, br, zstd', 'referer': 'http://localhost:5173/main/system/role', 'sec-fetch-dest': 'empty', 'sec-fetch-mode': 'cors', 'sec-fetch-site': 'same-origin', 'sec-ch-ua-mobile': '?0', 'sec-ch-ua': '"Chromium";v="146", "Not-A.Brand";v="24", "Google Chrome";v="146"', 'accept': 'application/json, text/plain, */*', 'user-agent': 'Mozilla/5.0 (Macintosh; Intel Mac OS X 10_15_7) AppleWebKit/537.36 (KHTML, like Gecko) Chrome/146.0.0.0 Safari/537.36', 'authorization': 'Bearer eyJhbGciOiJIUzI1NiIsInR5cCI6IkpXVCJ9.eyJzdWIiOiJzdXBlcl9hZG1pbiIsImV4cCI6MTc3NjI0NDk0N30.qA6q3XHqJj-2QMMaFz3ua6Cg1bHWvMT1Rlcj7EJLxrM', 'sec-ch-ua-platform': '"macOS"', 'connection': 'close', 'host': 'localhost:8000'})
 b''
[2026-04-08 17:31:16,298] INFO 3554784f-9d56-4ab1-9092-eab46207cde4 Response Log 0.002919912338256836s MutableHeaders({'content-length': '638', 'content-type': 'application/json', 'x-response-time': '0.002919912338256836'})
 {"code":200,"data":{"total":4,"items":[{"id":3,"status":1,"created":"2026-04-08T09:06:09.299353Z","modified":"2026-04-08T09:06:09.299353Z","name":"auditor","remark":"审核员"},{"id":4,"status":1,"created":"2026-04-08T09:06:09.299353Z","modified":"2026-04-08T09:06:09.299353Z","name":"viewer","remark":"查看员"},{"id":2,"status":1,"created":"2026-04-08T09:06:09.299353Z","modified":"2026-04-08T09:27:14.388720Z","name":"system_admin","remark":"系统管理员"},{"id":1,"status":1,"created":"2026-04-08T08:37:44.993827Z","modified":"2026-04-08T09:23:42.398415Z","name":"super_admin","remark":"超级管理员"}]},"msg":"请求成功"}
[2026-04-08 17:31:16,675] INFO 6b1e20b7-d366-4ce1-b051-2e39d2da058e Request Log Address(host='127.0.0.1', port=57710) GET http://localhost:8000/api/system/menu Headers({'accept-language': 'en-US,en;q=0.9,zh-CN;q=0.8,zh;q=0.7', 'accept-encoding': 'gzip, deflate, br, zstd', 'referer': 'http://localhost:5173/main/system/menu', 'sec-fetch-dest': 'empty', 'sec-fetch-mode': 'cors', 'sec-fetch-site': 'same-origin', 'sec-ch-ua-mobile': '?0', 'sec-ch-ua': '"Chromium";v="146", "Not-A.Brand";v="24", "Google Chrome";v="146"', 'accept': 'application/json, text/plain, */*', 'user-agent': 'Mozilla/5.0 (Macintosh; Intel Mac OS X 10_15_7) AppleWebKit/537.36 (KHTML, like Gecko) Chrome/146.0.0.0 Safari/537.36', 'authorization': 'Bearer eyJhbGciOiJIUzI1NiIsInR5cCI6IkpXVCJ9.eyJzdWIiOiJzdXBlcl9hZG1pbiIsImV4cCI6MTc3NjI0NDk0N30.qA6q3XHqJj-2QMMaFz3ua6Cg1bHWvMT1Rlcj7EJLxrM', 'sec-ch-ua-platform': '"macOS"', 'connection': 'close', 'host': 'localhost:8000'})
 b''
[2026-04-08 17:31:16,677] INFO 6b1e20b7-d366-4ce1-b051-2e39d2da058e Response Log 0.001280069351196289s MutableHeaders({'content-length': '2213', 'content-type': 'application/json', 'x-response-time': '0.001280069351196289'})
 {"code":200,"data":[{"id":1,"status":1,"created":"2026-04-08T08:37:44.993827Z","modified":"2026-04-08T08:37:44.993827Z","name":"系统管理","icon":"SettingOutlined","path":"/main/system","type":0,"component":null,"pid":0,"identifier":null,"api":null,"method":null,"children":[{"id":2,"status":1,"created":"2026-04-08T08:37:44.993827Z","modified":"2026-04-08T08:37:44.993827Z","name":"用户管理","icon":"UserOutlined","path":"/main/system/user","type":1,"component":"user/user","pid":1,"identifier":null,"api":"/api/system/user","method":"GET"},{"id":3,"status":1,"created":"2026-04-08T08:37:44.993827Z","modified":"2026-04-08T08:37:44.993827Z","name":"角色管理","icon":"TeamOutlined","path":"/main/system/role","type":1,"component":"role/role","pid":1,"identifier":null,"api":"/api/system/role","method":"GET"},{"id":4,"status":1,"created":"2026-04-08T08:37:44.993827Z","modified":"2026-04-08T08:37:44.993827Z","name":"菜单管理","icon":"MenuOutlined","path":"/main/system/menu","type":1,"component":"menu/menu","pid":1,"identifier":null,"api":"/api/system/menu","method":"GET"}]},{"id":10,"status":1,"created":"2026-04-08T08:37:44.993827Z","modified":"2026-04-08T08:37:44.993827Z","name":"审核中心","icon":"AuditOutlined","path":"/main/audit","type":0,"component":null,"pid":0,"identifier":null,"api":null,"method":null,"children":[{"id":11,"status":1,"created":"2026-04-08T08:37:44.993827Z","modified":"2026-04-08T08:37:44.993827Z","name":"规则库","icon":"DatabaseOutlined","path":"/main/audit/rules","type":1,"component":"audit/rules","pid":10,"identifier":null,"api":"/api/audit/rules","method":"GET"},{"id":12,"status":1,"created":"2026-04-08T08:37:44.993827Z","modified":"2026-04-08T08:37:44.993827Z","name":"规则检索","icon":"SearchOutlined","path":"/main/audit/search","type":1,"component":"audit/search","pid":10,"identifier":null,"api":"/api/audit/search","method":"POST"},{"id":13,"status":1,"created":"2026-04-08T08:37:44.993827Z","modified":"2026-04-08T08:37:44.993827Z","name":"合规判定","icon":"CheckCircleOutlined","path":"/main/audit/judge","type":1,"component":"audit/judge","pid":10,"identifier":null,"api":"/api/audit/judge","method":"POST"}]}],"msg":"请求成功"}
[2026-04-08 17:31:17,078] INFO aec1b84a-3fe7-47c1-b4e3-01dff463d314 Request Log Address(host='127.0.0.1', port=57712) GET http://localhost:8000/api/system/role?offset=1&limit=5 Headers({'accept-language': 'en-US,en;q=0.9,zh-CN;q=0.8,zh;q=0.7', 'accept-encoding': 'gzip, deflate, br, zstd', 'referer': 'http://localhost:5173/main/system/role', 'sec-fetch-dest': 'empty', 'sec-fetch-mode': 'cors', 'sec-fetch-site': 'same-origin', 'sec-ch-ua-mobile': '?0', 'sec-ch-ua': '"Chromium";v="146", "Not-A.Brand";v="24", "Google Chrome";v="146"', 'accept': 'application/json, text/plain, */*', 'user-agent': 'Mozilla/5.0 (Macintosh; Intel Mac OS X 10_15_7) AppleWebKit/537.36 (KHTML, like Gecko) Chrome/146.0.0.0 Safari/537.36', 'authorization': 'Bearer eyJhbGciOiJIUzI1NiIsInR5cCI6IkpXVCJ9.eyJzdWIiOiJzdXBlcl9hZG1pbiIsImV4cCI6MTc3NjI0NDk0N30.qA6q3XHqJj-2QMMaFz3ua6Cg1bHWvMT1Rlcj7EJLxrM', 'sec-ch-ua-platform': '"macOS"', 'connection': 'close', 'host': 'localhost:8000'})
 b''
[2026-04-08 17:31:17,081] INFO aec1b84a-3fe7-47c1-b4e3-01dff463d314 Response Log 0.0025949478149414062s MutableHeaders({'content-length': '638', 'content-type': 'application/json', 'x-response-time': '0.0025949478149414062'})
 {"code":200,"data":{"total":4,"items":[{"id":3,"status":1,"created":"2026-04-08T09:06:09.299353Z","modified":"2026-04-08T09:06:09.299353Z","name":"auditor","remark":"审核员"},{"id":4,"status":1,"created":"2026-04-08T09:06:09.299353Z","modified":"2026-04-08T09:06:09.299353Z","name":"viewer","remark":"查看员"},{"id":2,"status":1,"created":"2026-04-08T09:06:09.299353Z","modified":"2026-04-08T09:27:14.388720Z","name":"system_admin","remark":"系统管理员"},{"id":1,"status":1,"created":"2026-04-08T08:37:44.993827Z","modified":"2026-04-08T09:23:42.398415Z","name":"super_admin","remark":"超级管理员"}]},"msg":"请求成功"}
[2026-04-08 17:31:18,694] INFO c7e3726b-4e09-4997-8840-00a0ccbd16c3 Request Log Address(host='127.0.0.1', port=57719) GET http://localhost:8000/api/system/user?offset=1&limit=5 Headers({'accept-language': 'en-US,en;q=0.9,zh-CN;q=0.8,zh;q=0.7', 'accept-encoding': 'gzip, deflate, br, zstd', 'referer': 'http://localhost:5173/main/system/user', 'sec-fetch-dest': 'empty', 'sec-fetch-mode': 'cors', 'sec-fetch-site': 'same-origin', 'sec-ch-ua-mobile': '?0', 'sec-ch-ua': '"Chromium";v="146", "Not-A.Brand";v="24", "Google Chrome";v="146"', 'accept': 'application/json, text/plain, */*', 'user-agent': 'Mozilla/5.0 (Macintosh; Intel Mac OS X 10_15_7) AppleWebKit/537.36 (KHTML, like Gecko) Chrome/146.0.0.0 Safari/537.36', 'authorization': 'Bearer eyJhbGciOiJIUzI1NiIsInR5cCI6IkpXVCJ9.eyJzdWIiOiJzdXBlcl9hZG1pbiIsImV4cCI6MTc3NjI0NDk0N30.qA6q3XHqJj-2QMMaFz3ua6Cg1bHWvMT1Rlcj7EJLxrM', 'sec-ch-ua-platform': '"macOS"', 'connection': 'close', 'host': 'localhost:8000'})
 b''
[2026-04-08 17:31:18,697] INFO c7e3726b-4e09-4997-8840-00a0ccbd16c3 Response Log 0.0028228759765625s MutableHeaders({'content-length': '211', 'content-type': 'application/json', 'x-response-time': '0.0028228759765625'})
 {"code":200,"data":{"total":1,"items":[{"id":1,"status":1,"created":"2026-04-08T08:37:44.993827Z","modified":"2026-04-08T09:19:01.092659Z","username":"super_admin","nickname":"管理员"}]},"msg":"请求成功"}
[2026-04-08 17:31:19,100] INFO 5f60dc96-c362-4115-8610-96477f6913c2 Request Log Address(host='127.0.0.1', port=57722) GET http://localhost:8000/api/system/role?offset=1&limit=5 Headers({'accept-language': 'en-US,en;q=0.9,zh-CN;q=0.8,zh;q=0.7', 'accept-encoding': 'gzip, deflate, br, zstd', 'referer': 'http://localhost:5173/main/system/role', 'sec-fetch-dest': 'empty', 'sec-fetch-mode': 'cors', 'sec-fetch-site': 'same-origin', 'sec-ch-ua-mobile': '?0', 'sec-ch-ua': '"Chromium";v="146", "Not-A.Brand";v="24", "Google Chrome";v="146"', 'accept': 'application/json, text/plain, */*', 'user-agent': 'Mozilla/5.0 (Macintosh; Intel Mac OS X 10_15_7) AppleWebKit/537.36 (KHTML, like Gecko) Chrome/146.0.0.0 Safari/537.36', 'authorization': 'Bearer eyJhbGciOiJIUzI1NiIsInR5cCI6IkpXVCJ9.eyJzdWIiOiJzdXBlcl9hZG1pbiIsImV4cCI6MTc3NjI0NDk0N30.qA6q3XHqJj-2QMMaFz3ua6Cg1bHWvMT1Rlcj7EJLxrM', 'sec-ch-ua-platform': '"macOS"', 'connection': 'close', 'host': 'localhost:8000'})
 b''
[2026-04-08 17:31:19,103] INFO 5f60dc96-c362-4115-8610-96477f6913c2 Response Log 0.0027010440826416016s MutableHeaders({'content-length': '638', 'content-type': 'application/json', 'x-response-time': '0.0027010440826416016'})
 {"code":200,"data":{"total":4,"items":[{"id":3,"status":1,"created":"2026-04-08T09:06:09.299353Z","modified":"2026-04-08T09:06:09.299353Z","name":"auditor","remark":"审核员"},{"id":4,"status":1,"created":"2026-04-08T09:06:09.299353Z","modified":"2026-04-08T09:06:09.299353Z","name":"viewer","remark":"查看员"},{"id":2,"status":1,"created":"2026-04-08T09:06:09.299353Z","modified":"2026-04-08T09:27:14.388720Z","name":"system_admin","remark":"系统管理员"},{"id":1,"status":1,"created":"2026-04-08T08:37:44.993827Z","modified":"2026-04-08T09:23:42.398415Z","name":"super_admin","remark":"超级管理员"}]},"msg":"请求成功"}
[2026-04-08 17:41:07,685] INFO c3f45d0b-2320-4b91-b26a-8592d61c4144 Request Log Address(host='127.0.0.1', port=59554) GET http://localhost:8000/api/system/role?offset=1&limit=5 Headers({'accept-language': 'en-US,en;q=0.9,zh-CN;q=0.8,zh;q=0.7', 'accept-encoding': 'gzip, deflate, br, zstd', 'referer': 'http://localhost:5173/main/system/role', 'sec-fetch-dest': 'empty', 'sec-fetch-mode': 'cors', 'sec-fetch-site': 'same-origin', 'sec-ch-ua-mobile': '?0', 'sec-ch-ua': '"Chromium";v="146", "Not-A.Brand";v="24", "Google Chrome";v="146"', 'accept': 'application/json, text/plain, */*', 'user-agent': 'Mozilla/5.0 (Macintosh; Intel Mac OS X 10_15_7) AppleWebKit/537.36 (KHTML, like Gecko) Chrome/146.0.0.0 Safari/537.36', 'authorization': 'Bearer eyJhbGciOiJIUzI1NiIsInR5cCI6IkpXVCJ9.eyJzdWIiOiJzdXBlcl9hZG1pbiIsImV4cCI6MTc3NjI0NDk0N30.qA6q3XHqJj-2QMMaFz3ua6Cg1bHWvMT1Rlcj7EJLxrM', 'sec-ch-ua-platform': '"macOS"', 'connection': 'close', 'host': 'localhost:8000'})
 b''
[2026-04-08 17:41:07,693] INFO c3f45d0b-2320-4b91-b26a-8592d61c4144 Response Log 0.0077440738677978516s MutableHeaders({'content-length': '638', 'content-type': 'application/json', 'x-response-time': '0.0077440738677978516'})
 {"code":200,"data":{"total":4,"items":[{"id":3,"status":1,"created":"2026-04-08T09:06:09.299353Z","modified":"2026-04-08T09:06:09.299353Z","name":"auditor","remark":"审核员"},{"id":4,"status":1,"created":"2026-04-08T09:06:09.299353Z","modified":"2026-04-08T09:06:09.299353Z","name":"viewer","remark":"查看员"},{"id":2,"status":1,"created":"2026-04-08T09:06:09.299353Z","modified":"2026-04-08T09:27:14.388720Z","name":"system_admin","remark":"系统管理员"},{"id":1,"status":1,"created":"2026-04-08T08:37:44.993827Z","modified":"2026-04-08T09:23:42.398415Z","name":"super_admin","remark":"超级管理员"}]},"msg":"请求成功"}
[2026-04-08 17:41:13,045] INFO bdfb8dda-c08f-4780-b18b-653e20efdff6 Request Log Address(host='127.0.0.1', port=59577) GET http://localhost:8000/api/system/menu Headers({'accept-language': 'en-US,en;q=0.9,zh-CN;q=0.8,zh;q=0.7', 'accept-encoding': 'gzip, deflate, br, zstd', 'referer': 'http://localhost:5173/main/system/menu', 'sec-fetch-dest': 'empty', 'sec-fetch-mode': 'cors', 'sec-fetch-site': 'same-origin', 'sec-ch-ua-mobile': '?0', 'sec-ch-ua': '"Chromium";v="146", "Not-A.Brand";v="24", "Google Chrome";v="146"', 'accept': 'application/json, text/plain, */*', 'user-agent': 'Mozilla/5.0 (Macintosh; Intel Mac OS X 10_15_7) AppleWebKit/537.36 (KHTML, like Gecko) Chrome/146.0.0.0 Safari/537.36', 'authorization': 'Bearer eyJhbGciOiJIUzI1NiIsInR5cCI6IkpXVCJ9.eyJzdWIiOiJzdXBlcl9hZG1pbiIsImV4cCI6MTc3NjI0NDk0N30.qA6q3XHqJj-2QMMaFz3ua6Cg1bHWvMT1Rlcj7EJLxrM', 'sec-ch-ua-platform': '"macOS"', 'connection': 'close', 'host': 'localhost:8000'})
 b''
[2026-04-08 17:41:13,047] INFO bdfb8dda-c08f-4780-b18b-653e20efdff6 Response Log 0.00244903564453125s MutableHeaders({'content-length': '2213', 'content-type': 'application/json', 'x-response-time': '0.00244903564453125'})
 {"code":200,"data":[{"id":1,"status":1,"created":"2026-04-08T08:37:44.993827Z","modified":"2026-04-08T08:37:44.993827Z","name":"系统管理","icon":"SettingOutlined","path":"/main/system","type":0,"component":null,"pid":0,"identifier":null,"api":null,"method":null,"children":[{"id":2,"status":1,"created":"2026-04-08T08:37:44.993827Z","modified":"2026-04-08T08:37:44.993827Z","name":"用户管理","icon":"UserOutlined","path":"/main/system/user","type":1,"component":"user/user","pid":1,"identifier":null,"api":"/api/system/user","method":"GET"},{"id":3,"status":1,"created":"2026-04-08T08:37:44.993827Z","modified":"2026-04-08T08:37:44.993827Z","name":"角色管理","icon":"TeamOutlined","path":"/main/system/role","type":1,"component":"role/role","pid":1,"identifier":null,"api":"/api/system/role","method":"GET"},{"id":4,"status":1,"created":"2026-04-08T08:37:44.993827Z","modified":"2026-04-08T08:37:44.993827Z","name":"菜单管理","icon":"MenuOutlined","path":"/main/system/menu","type":1,"component":"menu/menu","pid":1,"identifier":null,"api":"/api/system/menu","method":"GET"}]},{"id":10,"status":1,"created":"2026-04-08T08:37:44.993827Z","modified":"2026-04-08T08:37:44.993827Z","name":"审核中心","icon":"AuditOutlined","path":"/main/audit","type":0,"component":null,"pid":0,"identifier":null,"api":null,"method":null,"children":[{"id":11,"status":1,"created":"2026-04-08T08:37:44.993827Z","modified":"2026-04-08T08:37:44.993827Z","name":"规则库","icon":"DatabaseOutlined","path":"/main/audit/rules","type":1,"component":"audit/rules","pid":10,"identifier":null,"api":"/api/audit/rules","method":"GET"},{"id":12,"status":1,"created":"2026-04-08T08:37:44.993827Z","modified":"2026-04-08T08:37:44.993827Z","name":"规则检索","icon":"SearchOutlined","path":"/main/audit/search","type":1,"component":"audit/search","pid":10,"identifier":null,"api":"/api/audit/search","method":"POST"},{"id":13,"status":1,"created":"2026-04-08T08:37:44.993827Z","modified":"2026-04-08T08:37:44.993827Z","name":"合规判定","icon":"CheckCircleOutlined","path":"/main/audit/judge","type":1,"component":"audit/judge","pid":10,"identifier":null,"api":"/api/audit/judge","method":"POST"}]}],"msg":"请求成功"}
[2026-04-08 17:41:14,169] INFO 85f94eb2-7568-474d-bc41-47622d2c0b32 Request Log Address(host='127.0.0.1', port=59585) GET http://localhost:8000/api/system/user?offset=1&limit=5 Headers({'accept-language': 'en-US,en;q=0.9,zh-CN;q=0.8,zh;q=0.7', 'accept-encoding': 'gzip, deflate, br, zstd', 'referer': 'http://localhost:5173/main/system/user', 'sec-fetch-dest': 'empty', 'sec-fetch-mode': 'cors', 'sec-fetch-site': 'same-origin', 'sec-ch-ua-mobile': '?0', 'sec-ch-ua': '"Chromium";v="146", "Not-A.Brand";v="24", "Google Chrome";v="146"', 'accept': 'application/json, text/plain, */*', 'user-agent': 'Mozilla/5.0 (Macintosh; Intel Mac OS X 10_15_7) AppleWebKit/537.36 (KHTML, like Gecko) Chrome/146.0.0.0 Safari/537.36', 'authorization': 'Bearer eyJhbGciOiJIUzI1NiIsInR5cCI6IkpXVCJ9.eyJzdWIiOiJzdXBlcl9hZG1pbiIsImV4cCI6MTc3NjI0NDk0N30.qA6q3XHqJj-2QMMaFz3ua6Cg1bHWvMT1Rlcj7EJLxrM', 'sec-ch-ua-platform': '"macOS"', 'connection': 'close', 'host': 'localhost:8000'})
 b''
[2026-04-08 17:41:14,172] INFO 85f94eb2-7568-474d-bc41-47622d2c0b32 Response Log 0.002536296844482422s MutableHeaders({'content-length': '670', 'content-type': 'application/json', 'x-response-time': '0.002536296844482422'})
 {"code":200,"data":{"total":4,"items":[{"id":4,"status":1,"created":"2026-04-08T09:39:23.606547Z","modified":"2026-04-08T09:39:23.606547Z","username":"viewer_01","nickname":"查看员1"},{"id":2,"status":1,"created":"2026-04-08T09:38:01.587305Z","modified":"2026-04-08T09:38:01.587305Z","username":"system_admin","nickname":"系统管理员"},{"id":3,"status":1,"created":"2026-04-08T09:38:01.587305Z","modified":"2026-04-08T09:38:01.587305Z","username":"auditor_01","nickname":"审核员1"},{"id":1,"status":1,"created":"2026-04-08T08:37:44.993827Z","modified":"2026-04-08T09:37:25.117382Z","username":"super_admin","nickname":"超级管理员"}]},"msg":"请求成功"}
[2026-04-08 17:41:32,366] INFO 01d5a4cd-2aec-4f29-910f-3321ec693be0 Request Log Address(host='127.0.0.1', port=59647) GET http://localhost:8000/api/system/role?offset=1&limit=5 Headers({'accept-language': 'en-US,en;q=0.9,zh-CN;q=0.8,zh;q=0.7', 'accept-encoding': 'gzip, deflate, br, zstd', 'referer': 'http://localhost:5173/main/system/role', 'sec-fetch-dest': 'empty', 'sec-fetch-mode': 'cors', 'sec-fetch-site': 'same-origin', 'sec-ch-ua-mobile': '?0', 'sec-ch-ua': '"Chromium";v="146", "Not-A.Brand";v="24", "Google Chrome";v="146"', 'accept': 'application/json, text/plain, */*', 'user-agent': 'Mozilla/5.0 (Macintosh; Intel Mac OS X 10_15_7) AppleWebKit/537.36 (KHTML, like Gecko) Chrome/146.0.0.0 Safari/537.36', 'authorization': 'Bearer eyJhbGciOiJIUzI1NiIsInR5cCI6IkpXVCJ9.eyJzdWIiOiJzdXBlcl9hZG1pbiIsImV4cCI6MTc3NjI0NDk0N30.qA6q3XHqJj-2QMMaFz3ua6Cg1bHWvMT1Rlcj7EJLxrM', 'sec-ch-ua-platform': '"macOS"', 'connection': 'close', 'host': 'localhost:8000'})
 b''
[2026-04-08 17:41:32,370] INFO 01d5a4cd-2aec-4f29-910f-3321ec693be0 Response Log 0.003197193145751953s MutableHeaders({'content-length': '638', 'content-type': 'application/json', 'x-response-time': '0.003197193145751953'})
 {"code":200,"data":{"total":4,"items":[{"id":3,"status":1,"created":"2026-04-08T09:06:09.299353Z","modified":"2026-04-08T09:06:09.299353Z","name":"auditor","remark":"审核员"},{"id":4,"status":1,"created":"2026-04-08T09:06:09.299353Z","modified":"2026-04-08T09:06:09.299353Z","name":"viewer","remark":"查看员"},{"id":2,"status":1,"created":"2026-04-08T09:06:09.299353Z","modified":"2026-04-08T09:27:14.388720Z","name":"system_admin","remark":"系统管理员"},{"id":1,"status":1,"created":"2026-04-08T08:37:44.993827Z","modified":"2026-04-08T09:23:42.398415Z","name":"super_admin","remark":"超级管理员"}]},"msg":"请求成功"}
[2026-04-08 17:45:07,990] INFO ed13baae-09d7-4d86-a734-0b074517d62c Request Log Address(host='127.0.0.1', port=60285) GET http://localhost:8000/api/system/user?offset=1&limit=5 Headers({'accept-language': 'en-US,en;q=0.9,zh-CN;q=0.8,zh;q=0.7', 'accept-encoding': 'gzip, deflate, br, zstd', 'referer': 'http://localhost:5173/main/system/user', 'sec-fetch-dest': 'empty', 'sec-fetch-mode': 'cors', 'sec-fetch-site': 'same-origin', 'sec-ch-ua-mobile': '?0', 'sec-ch-ua': '"Chromium";v="146", "Not-A.Brand";v="24", "Google Chrome";v="146"', 'accept': 'application/json, text/plain, */*', 'user-agent': 'Mozilla/5.0 (Macintosh; Intel Mac OS X 10_15_7) AppleWebKit/537.36 (KHTML, like Gecko) Chrome/146.0.0.0 Safari/537.36', 'authorization': 'Bearer eyJhbGciOiJIUzI1NiIsInR5cCI6IkpXVCJ9.eyJzdWIiOiJzdXBlcl9hZG1pbiIsImV4cCI6MTc3NjI0NDk0N30.qA6q3XHqJj-2QMMaFz3ua6Cg1bHWvMT1Rlcj7EJLxrM', 'sec-ch-ua-platform': '"macOS"', 'connection': 'close', 'host': 'localhost:8000'})
 b''
[2026-04-08 17:45:07,992] INFO ed13baae-09d7-4d86-a734-0b074517d62c Response Log 0.0022220611572265625s MutableHeaders({'content-length': '670', 'content-type': 'application/json', 'x-response-time': '0.0022220611572265625'})
 {"code":200,"data":{"total":4,"items":[{"id":4,"status":1,"created":"2026-04-08T09:39:23.606547Z","modified":"2026-04-08T09:39:23.606547Z","username":"viewer_01","nickname":"查看员1"},{"id":2,"status":1,"created":"2026-04-08T09:38:01.587305Z","modified":"2026-04-08T09:38:01.587305Z","username":"system_admin","nickname":"系统管理员"},{"id":3,"status":1,"created":"2026-04-08T09:38:01.587305Z","modified":"2026-04-08T09:38:01.587305Z","username":"auditor_01","nickname":"审核员1"},{"id":1,"status":1,"created":"2026-04-08T08:37:44.993827Z","modified":"2026-04-08T09:37:25.117382Z","username":"super_admin","nickname":"超级管理员"}]},"msg":"请求成功"}
[2026-04-08 17:45:08,487] INFO f86d8d62-443e-429a-bc2a-b7c41f0aae5c Request Log Address(host='127.0.0.1', port=60292) GET http://localhost:8000/api/system/role?offset=1&limit=5 Headers({'accept-language': 'en-US,en;q=0.9,zh-CN;q=0.8,zh;q=0.7', 'accept-encoding': 'gzip, deflate, br, zstd', 'referer': 'http://localhost:5173/main/system/role', 'sec-fetch-dest': 'empty', 'sec-fetch-mode': 'cors', 'sec-fetch-site': 'same-origin', 'sec-ch-ua-mobile': '?0', 'sec-ch-ua': '"Chromium";v="146", "Not-A.Brand";v="24", "Google Chrome";v="146"', 'accept': 'application/json, text/plain, */*', 'user-agent': 'Mozilla/5.0 (Macintosh; Intel Mac OS X 10_15_7) AppleWebKit/537.36 (KHTML, like Gecko) Chrome/146.0.0.0 Safari/537.36', 'authorization': 'Bearer eyJhbGciOiJIUzI1NiIsInR5cCI6IkpXVCJ9.eyJzdWIiOiJzdXBlcl9hZG1pbiIsImV4cCI6MTc3NjI0NDk0N30.qA6q3XHqJj-2QMMaFz3ua6Cg1bHWvMT1Rlcj7EJLxrM', 'sec-ch-ua-platform': '"macOS"', 'connection': 'close', 'host': 'localhost:8000'})
 b''
[2026-04-08 17:45:08,490] INFO f86d8d62-443e-429a-bc2a-b7c41f0aae5c Response Log 0.0024378299713134766s MutableHeaders({'content-length': '638', 'content-type': 'application/json', 'x-response-time': '0.0024378299713134766'})
 {"code":200,"data":{"total":4,"items":[{"id":3,"status":1,"created":"2026-04-08T09:06:09.299353Z","modified":"2026-04-08T09:06:09.299353Z","name":"auditor","remark":"审核员"},{"id":4,"status":1,"created":"2026-04-08T09:06:09.299353Z","modified":"2026-04-08T09:06:09.299353Z","name":"viewer","remark":"查看员"},{"id":2,"status":1,"created":"2026-04-08T09:06:09.299353Z","modified":"2026-04-08T09:27:14.388720Z","name":"system_admin","remark":"系统管理员"},{"id":1,"status":1,"created":"2026-04-08T08:37:44.993827Z","modified":"2026-04-08T09:23:42.398415Z","name":"super_admin","remark":"超级管理员"}]},"msg":"请求成功"}
[2026-04-08 17:45:09,102] INFO 7ad81d87-44e0-45dd-a5f3-cce910e87e7d Request Log Address(host='127.0.0.1', port=60298) GET http://localhost:8000/api/system/user?offset=1&limit=5 Headers({'accept-language': 'en-US,en;q=0.9,zh-CN;q=0.8,zh;q=0.7', 'accept-encoding': 'gzip, deflate, br, zstd', 'referer': 'http://localhost:5173/main/system/user', 'sec-fetch-dest': 'empty', 'sec-fetch-mode': 'cors', 'sec-fetch-site': 'same-origin', 'sec-ch-ua-mobile': '?0', 'sec-ch-ua': '"Chromium";v="146", "Not-A.Brand";v="24", "Google Chrome";v="146"', 'accept': 'application/json, text/plain, */*', 'user-agent': 'Mozilla/5.0 (Macintosh; Intel Mac OS X 10_15_7) AppleWebKit/537.36 (KHTML, like Gecko) Chrome/146.0.0.0 Safari/537.36', 'authorization': 'Bearer eyJhbGciOiJIUzI1NiIsInR5cCI6IkpXVCJ9.eyJzdWIiOiJzdXBlcl9hZG1pbiIsImV4cCI6MTc3NjI0NDk0N30.qA6q3XHqJj-2QMMaFz3ua6Cg1bHWvMT1Rlcj7EJLxrM', 'sec-ch-ua-platform': '"macOS"', 'connection': 'close', 'host': 'localhost:8000'})
 b''
[2026-04-08 17:45:09,104] INFO 7ad81d87-44e0-45dd-a5f3-cce910e87e7d Response Log 0.0019080638885498047s MutableHeaders({'content-length': '670', 'content-type': 'application/json', 'x-response-time': '0.0019080638885498047'})
 {"code":200,"data":{"total":4,"items":[{"id":4,"status":1,"created":"2026-04-08T09:39:23.606547Z","modified":"2026-04-08T09:39:23.606547Z","username":"viewer_01","nickname":"查看员1"},{"id":2,"status":1,"created":"2026-04-08T09:38:01.587305Z","modified":"2026-04-08T09:38:01.587305Z","username":"system_admin","nickname":"系统管理员"},{"id":3,"status":1,"created":"2026-04-08T09:38:01.587305Z","modified":"2026-04-08T09:38:01.587305Z","username":"auditor_01","nickname":"审核员1"},{"id":1,"status":1,"created":"2026-04-08T08:37:44.993827Z","modified":"2026-04-08T09:37:25.117382Z","username":"super_admin","nickname":"超级管理员"}]},"msg":"请求成功"}
[2026-04-08 17:45:40,084] INFO 76a15bce-d0d3-4150-b803-01b65d09725b Request Log Address(host='127.0.0.1', port=60413) GET http://localhost:8000/api/system/user?offset=1&limit=5 Headers({'accept-language': 'en-US,en;q=0.9,zh-CN;q=0.8,zh;q=0.7', 'accept-encoding': 'gzip, deflate, br, zstd', 'referer': 'http://localhost:5173/main/system/user', 'sec-fetch-dest': 'empty', 'sec-fetch-mode': 'cors', 'sec-fetch-site': 'same-origin', 'sec-ch-ua-mobile': '?0', 'sec-ch-ua': '"Chromium";v="146", "Not-A.Brand";v="24", "Google Chrome";v="146"', 'accept': 'application/json, text/plain, */*', 'user-agent': 'Mozilla/5.0 (Macintosh; Intel Mac OS X 10_15_7) AppleWebKit/537.36 (KHTML, like Gecko) Chrome/146.0.0.0 Safari/537.36', 'authorization': 'Bearer eyJhbGciOiJIUzI1NiIsInR5cCI6IkpXVCJ9.eyJzdWIiOiJzdXBlcl9hZG1pbiIsImV4cCI6MTc3NjI0NDk0N30.qA6q3XHqJj-2QMMaFz3ua6Cg1bHWvMT1Rlcj7EJLxrM', 'sec-ch-ua-platform': '"macOS"', 'connection': 'close', 'host': 'localhost:8000'})
 b''
[2026-04-08 17:45:40,087] INFO 76a15bce-d0d3-4150-b803-01b65d09725b Response Log 0.0027608871459960938s MutableHeaders({'content-length': '670', 'content-type': 'application/json', 'x-response-time': '0.0027608871459960938'})
 {"code":200,"data":{"total":4,"items":[{"id":4,"status":1,"created":"2026-04-08T09:39:23.606547Z","modified":"2026-04-08T09:39:23.606547Z","username":"viewer_01","nickname":"查看员1"},{"id":2,"status":1,"created":"2026-04-08T09:38:01.587305Z","modified":"2026-04-08T09:38:01.587305Z","username":"system_admin","nickname":"系统管理员"},{"id":3,"status":1,"created":"2026-04-08T09:38:01.587305Z","modified":"2026-04-08T09:38:01.587305Z","username":"auditor_01","nickname":"审核员1"},{"id":1,"status":1,"created":"2026-04-08T08:37:44.993827Z","modified":"2026-04-08T09:37:25.117382Z","username":"super_admin","nickname":"超级管理员"}]},"msg":"请求成功"}
[2026-04-08 17:52:38,722] INFO 215dad95-1f98-43b9-a54c-8586265b4d32 Request Log Address(host='127.0.0.1', port=61680) POST http://localhost:8000/api/system/login Headers({'accept-language': 'en-US,en;q=0.9,zh-CN;q=0.8,zh;q=0.7', 'accept-encoding': 'gzip, deflate, br, zstd', 'referer': 'http://localhost:5173/login', 'sec-fetch-dest': 'empty', 'sec-fetch-mode': 'cors', 'sec-fetch-site': 'same-origin', 'origin': 'http://localhost:5173', 'sec-ch-ua-mobile': '?0', 'content-type': 'application/json', 'sec-ch-ua': '"Chromium";v="146", "Not-A.Brand";v="24", "Google Chrome";v="146"', 'accept': 'application/json, text/plain, */*', 'user-agent': 'Mozilla/5.0 (Macintosh; Intel Mac OS X 10_15_7) AppleWebKit/537.36 (KHTML, like Gecko) Chrome/146.0.0.0 Safari/537.36', 'authorization': 'Bearer', 'sec-ch-ua-platform': '"macOS"', 'content-length': '40', 'connection': 'close', 'host': 'localhost:8000'})
 b'{"username":"admin","password":"123456"}'
[2026-04-08 17:52:38,730] ERROR 215dad95-1f98-43b9-a54c-8586265b4d32 Exception Log: 1 validation error:
  {'type': 'missing', 'loc': ('response', 'data'), 'msg': 'Field required', 'input': {'code': 400, 'msg': '账号或密码错误'}}

  File "/Users/alpha-macstudio/Documents/work/AUDIT_PROJECT/backend/modules/system/api/auth_api.py", line 13, in login
    POST /api/system/login
Traceback (most recent call last):
  File "/opt/homebrew/Caskroom/miniforge/base/envs/audit-project/lib/python3.11/site-packages/starlette/middleware/errors.py", line 164, in __call__
    await self.app(scope, receive, _send)
  File "/opt/homebrew/Caskroom/miniforge/base/envs/audit-project/lib/python3.11/site-packages/starlette/middleware/cors.py", line 96, in __call__
    await self.simple_response(scope, receive, send, request_headers=headers)
  File "/opt/homebrew/Caskroom/miniforge/base/envs/audit-project/lib/python3.11/site-packages/starlette/middleware/cors.py", line 154, in simple_response
    await self.app(scope, receive, send)
  File "/opt/homebrew/Caskroom/miniforge/base/envs/audit-project/lib/python3.11/site-packages/starlette/middleware/exceptions.py", line 63, in __call__
    await wrap_app_handling_exceptions(self.app, conn)(scope, receive, send)
  File "/opt/homebrew/Caskroom/miniforge/base/envs/audit-project/lib/python3.11/site-packages/starlette/_exception_handler.py", line 53, in wrapped_app
    raise exc
  File "/opt/homebrew/Caskroom/miniforge/base/envs/audit-project/lib/python3.11/site-packages/starlette/_exception_handler.py", line 42, in wrapped_app
    await app(scope, receive, sender)
  File "/opt/homebrew/Caskroom/miniforge/base/envs/audit-project/lib/python3.11/site-packages/fastapi/middleware/asyncexitstack.py", line 18, in __call__
    await self.app(scope, receive, send)
  File "/opt/homebrew/Caskroom/miniforge/base/envs/audit-project/lib/python3.11/site-packages/starlette/routing.py", line 660, in __call__
    await self.middleware_stack(scope, receive, send)
  File "/opt/homebrew/Caskroom/miniforge/base/envs/audit-project/lib/python3.11/site-packages/starlette/routing.py", line 680, in app
    await route.handle(scope, receive, send)
  File "/opt/homebrew/Caskroom/miniforge/base/envs/audit-project/lib/python3.11/site-packages/starlette/routing.py", line 276, in handle
    await self.app(scope, receive, send)
  File "/opt/homebrew/Caskroom/miniforge/base/envs/audit-project/lib/python3.11/site-packages/fastapi/routing.py", line 134, in app
    await wrap_app_handling_exceptions(app, request)(scope, receive, send)
  File "/opt/homebrew/Caskroom/miniforge/base/envs/audit-project/lib/python3.11/site-packages/starlette/_exception_handler.py", line 53, in wrapped_app
    raise exc
  File "/opt/homebrew/Caskroom/miniforge/base/envs/audit-project/lib/python3.11/site-packages/starlette/_exception_handler.py", line 42, in wrapped_app
    await app(scope, receive, sender)
  File "/opt/homebrew/Caskroom/miniforge/base/envs/audit-project/lib/python3.11/site-packages/fastapi/routing.py", line 120, in app
    response = await f(request)
               ^^^^^^^^^^^^^^^^
  File "/Users/alpha-macstudio/Documents/work/AUDIT_PROJECT/backend/app/core/middleware.py", line 37, in custom_route_handler
    response: Response = await original_route_handler(request)
                         ^^^^^^^^^^^^^^^^^^^^^^^^^^^^^^^^^^^^^
  File "/opt/homebrew/Caskroom/miniforge/base/envs/audit-project/lib/python3.11/site-packages/fastapi/routing.py", line 695, in app
    content = await serialize_response(
              ^^^^^^^^^^^^^^^^^^^^^^^^^
  File "/opt/homebrew/Caskroom/miniforge/base/envs/audit-project/lib/python3.11/site-packages/fastapi/routing.py", line 300, in serialize_response
    raise ResponseValidationError(
fastapi.exceptions.ResponseValidationError: 1 validation error:
  {'type': 'missing', 'loc': ('response', 'data'), 'msg': 'Field required', 'input': {'code': 400, 'msg': '账号或密码错误'}}

  File "/Users/alpha-macstudio/Documents/work/AUDIT_PROJECT/backend/modules/system/api/auth_api.py", line 13, in login
    POST /api/system/login
[2026-04-08 17:52:45,484] INFO c6f1120f-9162-40d7-bde4-b1d9a2d5807f Request Log Address(host='127.0.0.1', port=61699) POST http://localhost:8000/api/system/login Headers({'accept-language': 'en-US,en;q=0.9,zh-CN;q=0.8,zh;q=0.7', 'accept-encoding': 'gzip, deflate, br, zstd', 'referer': 'http://localhost:5173/login', 'sec-fetch-dest': 'empty', 'sec-fetch-mode': 'cors', 'sec-fetch-site': 'same-origin', 'origin': 'http://localhost:5173', 'sec-ch-ua-mobile': '?0', 'content-type': 'application/json', 'sec-ch-ua': '"Chromium";v="146", "Not-A.Brand";v="24", "Google Chrome";v="146"', 'accept': 'application/json, text/plain, */*', 'user-agent': 'Mozilla/5.0 (Macintosh; Intel Mac OS X 10_15_7) AppleWebKit/537.36 (KHTML, like Gecko) Chrome/146.0.0.0 Safari/537.36', 'authorization': 'Bearer', 'sec-ch-ua-platform': '"macOS"', 'content-length': '46', 'connection': 'close', 'host': 'localhost:8000'})
 b'{"username":"super_admin","password":"123456"}'
[2026-04-08 17:52:45,709] INFO c6f1120f-9162-40d7-bde4-b1d9a2d5807f Response Log 0.2249159812927246s MutableHeaders({'content-length': '214', 'content-type': 'application/json', 'x-response-time': '0.2249159812927246'})
 {"code":200,"data":{"id":1,"token":"eyJhbGciOiJIUzI1NiIsInR5cCI6IkpXVCJ9.eyJzdWIiOiJzdXBlcl9hZG1pbiIsImV4cCI6MTc3NjI0Njc2NX0.rQQVh00Ykujhv5UTHAqDnTt9xi89GJUNIMxCfeWbYCY","token_type":"Bearer"},"msg":"请求成功"}
[2026-04-08 17:52:45,714] INFO 1ea3d2c7-b5b6-46d4-b9e8-bc75adbf3d1c Request Log Address(host='127.0.0.1', port=61703) GET http://localhost:8000/api/system/user/1 Headers({'accept-language': 'en-US,en;q=0.9,zh-CN;q=0.8,zh;q=0.7', 'accept-encoding': 'gzip, deflate, br, zstd', 'referer': 'http://localhost:5173/login', 'sec-fetch-dest': 'empty', 'sec-fetch-mode': 'cors', 'sec-fetch-site': 'same-origin', 'sec-ch-ua-mobile': '?0', 'sec-ch-ua': '"Chromium";v="146", "Not-A.Brand";v="24", "Google Chrome";v="146"', 'accept': 'application/json, text/plain, */*', 'user-agent': 'Mozilla/5.0 (Macintosh; Intel Mac OS X 10_15_7) AppleWebKit/537.36 (KHTML, like Gecko) Chrome/146.0.0.0 Safari/537.36', 'authorization': 'Bearer eyJhbGciOiJIUzI1NiIsInR5cCI6IkpXVCJ9.eyJzdWIiOiJzdXBlcl9hZG1pbiIsImV4cCI6MTc3NjI0Njc2NX0.rQQVh00Ykujhv5UTHAqDnTt9xi89GJUNIMxCfeWbYCY', 'sec-ch-ua-platform': '"macOS"', 'connection': 'close', 'host': 'localhost:8000'})
 b''
[2026-04-08 17:52:45,717] INFO 1ea3d2c7-b5b6-46d4-b9e8-bc75adbf3d1c Response Log 0.002670764923095703s MutableHeaders({'content-length': '246', 'content-type': 'application/json', 'x-response-time': '0.002670764923095703'})
 {"code":200,"data":{"id":1,"status":1,"created":"2026-04-08T08:37:44.993827Z","modified":"2026-04-08T09:37:25.117382Z","username":"super_admin","nickname":"超级管理员","roles":[{"id":1,"name":"super_admin","status":5}]},"msg":"请求成功"}
[2026-04-08 17:52:45,721] INFO ff2a3bc6-7ebf-489f-a336-c17526c3de51 Request Log Address(host='127.0.0.1', port=61706) GET http://localhost:8000/api/system/role/1/menu Headers({'accept-language': 'en-US,en;q=0.9,zh-CN;q=0.8,zh;q=0.7', 'accept-encoding': 'gzip, deflate, br, zstd', 'referer': 'http://localhost:5173/login', 'sec-fetch-dest': 'empty', 'sec-fetch-mode': 'cors', 'sec-fetch-site': 'same-origin', 'sec-ch-ua-mobile': '?0', 'sec-ch-ua': '"Chromium";v="146", "Not-A.Brand";v="24", "Google Chrome";v="146"', 'accept': 'application/json, text/plain, */*', 'user-agent': 'Mozilla/5.0 (Macintosh; Intel Mac OS X 10_15_7) AppleWebKit/537.36 (KHTML, like Gecko) Chrome/146.0.0.0 Safari/537.36', 'authorization': 'Bearer eyJhbGciOiJIUzI1NiIsInR5cCI6IkpXVCJ9.eyJzdWIiOiJzdXBlcl9hZG1pbiIsImV4cCI6MTc3NjI0Njc2NX0.rQQVh00Ykujhv5UTHAqDnTt9xi89GJUNIMxCfeWbYCY', 'sec-ch-ua-platform': '"macOS"', 'connection': 'close', 'host': 'localhost:8000'})
 b''
[2026-04-08 17:52:45,724] INFO ff2a3bc6-7ebf-489f-a336-c17526c3de51 Response Log 0.001981973648071289s MutableHeaders({'content-length': '1477', 'content-type': 'application/json', 'x-response-time': '0.001981973648071289'})
 {"code":200,"data":[{"id":1,"name":"系统管理","icon":"SettingOutlined","path":"/main/system","type":0,"component":null,"pid":0,"identifier":null,"api":null,"method":null,"children":[{"id":2,"name":"用户管理","icon":"UserOutlined","path":"/main/system/user","type":1,"component":"user/user","pid":1,"identifier":null,"api":"/api/system/user","method":"GET"},{"id":3,"name":"角色管理","icon":"TeamOutlined","path":"/main/system/role","type":1,"component":"role/role","pid":1,"identifier":null,"api":"/api/system/role","method":"GET"},{"id":4,"name":"菜单管理","icon":"MenuOutlined","path":"/main/system/menu","type":1,"component":"menu/menu","pid":1,"identifier":null,"api":"/api/system/menu","method":"GET"}]},{"id":10,"name":"审核中心","icon":"AuditOutlined","path":"/main/audit","type":0,"component":null,"pid":0,"identifier":null,"api":null,"method":null,"children":[{"id":11,"name":"规则库","icon":"DatabaseOutlined","path":"/main/audit/rules","type":1,"component":"audit/rules","pid":10,"identifier":null,"api":"/api/audit/rules","method":"GET"},{"id":12,"name":"规则检索","icon":"SearchOutlined","path":"/main/audit/search","type":1,"component":"audit/search","pid":10,"identifier":null,"api":"/api/audit/search","method":"POST"},{"id":13,"name":"合规判定","icon":"CheckCircleOutlined","path":"/main/audit/judge","type":1,"component":"audit/judge","pid":10,"identifier":null,"api":"/api/audit/judge","method":"POST"}]}],"msg":"请求成功"}
[2026-04-08 17:52:45,759] INFO 1b450ac8-1f3e-4c2f-8dba-9efad8775cff Request Log Address(host='127.0.0.1', port=61709) GET http://localhost:8000/api/system/user?offset=1&limit=5 Headers({'accept-language': 'en-US,en;q=0.9,zh-CN;q=0.8,zh;q=0.7', 'accept-encoding': 'gzip, deflate, br, zstd', 'referer': 'http://localhost:5173/main/system/user', 'sec-fetch-dest': 'empty', 'sec-fetch-mode': 'cors', 'sec-fetch-site': 'same-origin', 'sec-ch-ua-mobile': '?0', 'sec-ch-ua': '"Chromium";v="146", "Not-A.Brand";v="24", "Google Chrome";v="146"', 'accept': 'application/json, text/plain, */*', 'user-agent': 'Mozilla/5.0 (Macintosh; Intel Mac OS X 10_15_7) AppleWebKit/537.36 (KHTML, like Gecko) Chrome/146.0.0.0 Safari/537.36', 'authorization': 'Bearer eyJhbGciOiJIUzI1NiIsInR5cCI6IkpXVCJ9.eyJzdWIiOiJzdXBlcl9hZG1pbiIsImV4cCI6MTc3NjI0Njc2NX0.rQQVh00Ykujhv5UTHAqDnTt9xi89GJUNIMxCfeWbYCY', 'sec-ch-ua-platform': '"macOS"', 'connection': 'close', 'host': 'localhost:8000'})
 b''
[2026-04-08 17:52:45,763] INFO 1b450ac8-1f3e-4c2f-8dba-9efad8775cff Response Log 0.003919839859008789s MutableHeaders({'content-length': '670', 'content-type': 'application/json', 'x-response-time': '0.003919839859008789'})
 {"code":200,"data":{"total":4,"items":[{"id":4,"status":1,"created":"2026-04-08T09:39:23.606547Z","modified":"2026-04-08T09:39:23.606547Z","username":"viewer_01","nickname":"查看员1"},{"id":2,"status":1,"created":"2026-04-08T09:38:01.587305Z","modified":"2026-04-08T09:38:01.587305Z","username":"system_admin","nickname":"系统管理员"},{"id":3,"status":1,"created":"2026-04-08T09:38:01.587305Z","modified":"2026-04-08T09:38:01.587305Z","username":"auditor_01","nickname":"审核员1"},{"id":1,"status":1,"created":"2026-04-08T08:37:44.993827Z","modified":"2026-04-08T09:37:25.117382Z","username":"super_admin","nickname":"超级管理员"}]},"msg":"请求成功"}
[2026-04-08 17:52:50,460] INFO 285ad0bb-2620-41b8-a5fb-6e585d6be6d9 Request Log Address(host='127.0.0.1', port=61731) GET http://localhost:8000/api/system/role?offset=1&limit=5 Headers({'accept-language': 'en-US,en;q=0.9,zh-CN;q=0.8,zh;q=0.7', 'accept-encoding': 'gzip, deflate, br, zstd', 'referer': 'http://localhost:5173/main/system/role', 'sec-fetch-dest': 'empty', 'sec-fetch-mode': 'cors', 'sec-fetch-site': 'same-origin', 'sec-ch-ua-mobile': '?0', 'sec-ch-ua': '"Chromium";v="146", "Not-A.Brand";v="24", "Google Chrome";v="146"', 'accept': 'application/json, text/plain, */*', 'user-agent': 'Mozilla/5.0 (Macintosh; Intel Mac OS X 10_15_7) AppleWebKit/537.36 (KHTML, like Gecko) Chrome/146.0.0.0 Safari/537.36', 'authorization': 'Bearer eyJhbGciOiJIUzI1NiIsInR5cCI6IkpXVCJ9.eyJzdWIiOiJzdXBlcl9hZG1pbiIsImV4cCI6MTc3NjI0Njc2NX0.rQQVh00Ykujhv5UTHAqDnTt9xi89GJUNIMxCfeWbYCY', 'sec-ch-ua-platform': '"macOS"', 'connection': 'close', 'host': 'localhost:8000'})
 b''
[2026-04-08 17:52:50,463] INFO 285ad0bb-2620-41b8-a5fb-6e585d6be6d9 Response Log 0.0026350021362304688s MutableHeaders({'content-length': '638', 'content-type': 'application/json', 'x-response-time': '0.0026350021362304688'})
 {"code":200,"data":{"total":4,"items":[{"id":3,"status":1,"created":"2026-04-08T09:06:09.299353Z","modified":"2026-04-08T09:06:09.299353Z","name":"auditor","remark":"审核员"},{"id":4,"status":1,"created":"2026-04-08T09:06:09.299353Z","modified":"2026-04-08T09:06:09.299353Z","name":"viewer","remark":"查看员"},{"id":2,"status":1,"created":"2026-04-08T09:06:09.299353Z","modified":"2026-04-08T09:27:14.388720Z","name":"system_admin","remark":"系统管理员"},{"id":1,"status":1,"created":"2026-04-08T08:37:44.993827Z","modified":"2026-04-08T09:23:42.398415Z","name":"super_admin","remark":"超级管理员"}]},"msg":"请求成功"}
[2026-04-08 17:52:51,017] INFO d159348f-a674-459f-b26f-885b96585e89 Request Log Address(host='127.0.0.1', port=61735) GET http://localhost:8000/api/system/menu Headers({'accept-language': 'en-US,en;q=0.9,zh-CN;q=0.8,zh;q=0.7', 'accept-encoding': 'gzip, deflate, br, zstd', 'referer': 'http://localhost:5173/main/system/menu', 'sec-fetch-dest': 'empty', 'sec-fetch-mode': 'cors', 'sec-fetch-site': 'same-origin', 'sec-ch-ua-mobile': '?0', 'sec-ch-ua': '"Chromium";v="146", "Not-A.Brand";v="24", "Google Chrome";v="146"', 'accept': 'application/json, text/plain, */*', 'user-agent': 'Mozilla/5.0 (Macintosh; Intel Mac OS X 10_15_7) AppleWebKit/537.36 (KHTML, like Gecko) Chrome/146.0.0.0 Safari/537.36', 'authorization': 'Bearer eyJhbGciOiJIUzI1NiIsInR5cCI6IkpXVCJ9.eyJzdWIiOiJzdXBlcl9hZG1pbiIsImV4cCI6MTc3NjI0Njc2NX0.rQQVh00Ykujhv5UTHAqDnTt9xi89GJUNIMxCfeWbYCY', 'sec-ch-ua-platform': '"macOS"', 'connection': 'close', 'host': 'localhost:8000'})
 b''
[2026-04-08 17:52:51,018] INFO d159348f-a674-459f-b26f-885b96585e89 Response Log 0.0011398792266845703s MutableHeaders({'content-length': '2213', 'content-type': 'application/json', 'x-response-time': '0.0011398792266845703'})
 {"code":200,"data":[{"id":1,"status":1,"created":"2026-04-08T08:37:44.993827Z","modified":"2026-04-08T08:37:44.993827Z","name":"系统管理","icon":"SettingOutlined","path":"/main/system","type":0,"component":null,"pid":0,"identifier":null,"api":null,"method":null,"children":[{"id":2,"status":1,"created":"2026-04-08T08:37:44.993827Z","modified":"2026-04-08T08:37:44.993827Z","name":"用户管理","icon":"UserOutlined","path":"/main/system/user","type":1,"component":"user/user","pid":1,"identifier":null,"api":"/api/system/user","method":"GET"},{"id":3,"status":1,"created":"2026-04-08T08:37:44.993827Z","modified":"2026-04-08T08:37:44.993827Z","name":"角色管理","icon":"TeamOutlined","path":"/main/system/role","type":1,"component":"role/role","pid":1,"identifier":null,"api":"/api/system/role","method":"GET"},{"id":4,"status":1,"created":"2026-04-08T08:37:44.993827Z","modified":"2026-04-08T08:37:44.993827Z","name":"菜单管理","icon":"MenuOutlined","path":"/main/system/menu","type":1,"component":"menu/menu","pid":1,"identifier":null,"api":"/api/system/menu","method":"GET"}]},{"id":10,"status":1,"created":"2026-04-08T08:37:44.993827Z","modified":"2026-04-08T08:37:44.993827Z","name":"审核中心","icon":"AuditOutlined","path":"/main/audit","type":0,"component":null,"pid":0,"identifier":null,"api":null,"method":null,"children":[{"id":11,"status":1,"created":"2026-04-08T08:37:44.993827Z","modified":"2026-04-08T08:37:44.993827Z","name":"规则库","icon":"DatabaseOutlined","path":"/main/audit/rules","type":1,"component":"audit/rules","pid":10,"identifier":null,"api":"/api/audit/rules","method":"GET"},{"id":12,"status":1,"created":"2026-04-08T08:37:44.993827Z","modified":"2026-04-08T08:37:44.993827Z","name":"规则检索","icon":"SearchOutlined","path":"/main/audit/search","type":1,"component":"audit/search","pid":10,"identifier":null,"api":"/api/audit/search","method":"POST"},{"id":13,"status":1,"created":"2026-04-08T08:37:44.993827Z","modified":"2026-04-08T08:37:44.993827Z","name":"合规判定","icon":"CheckCircleOutlined","path":"/main/audit/judge","type":1,"component":"audit/judge","pid":10,"identifier":null,"api":"/api/audit/judge","method":"POST"}]}],"msg":"请求成功"}
[2026-04-08 17:52:51,421] INFO 72d2e0c9-3290-4d54-9171-a5ecadaa3eb9 Request Log Address(host='127.0.0.1', port=61737) GET http://localhost:8000/api/system/user?offset=1&limit=5 Headers({'accept-language': 'en-US,en;q=0.9,zh-CN;q=0.8,zh;q=0.7', 'accept-encoding': 'gzip, deflate, br, zstd', 'referer': 'http://localhost:5173/main/system/user', 'sec-fetch-dest': 'empty', 'sec-fetch-mode': 'cors', 'sec-fetch-site': 'same-origin', 'sec-ch-ua-mobile': '?0', 'sec-ch-ua': '"Chromium";v="146", "Not-A.Brand";v="24", "Google Chrome";v="146"', 'accept': 'application/json, text/plain, */*', 'user-agent': 'Mozilla/5.0 (Macintosh; Intel Mac OS X 10_15_7) AppleWebKit/537.36 (KHTML, like Gecko) Chrome/146.0.0.0 Safari/537.36', 'authorization': 'Bearer eyJhbGciOiJIUzI1NiIsInR5cCI6IkpXVCJ9.eyJzdWIiOiJzdXBlcl9hZG1pbiIsImV4cCI6MTc3NjI0Njc2NX0.rQQVh00Ykujhv5UTHAqDnTt9xi89GJUNIMxCfeWbYCY', 'sec-ch-ua-platform': '"macOS"', 'connection': 'close', 'host': 'localhost:8000'})
 b''
[2026-04-08 17:52:51,424] INFO 72d2e0c9-3290-4d54-9171-a5ecadaa3eb9 Response Log 0.0028688907623291016s MutableHeaders({'content-length': '670', 'content-type': 'application/json', 'x-response-time': '0.0028688907623291016'})
 {"code":200,"data":{"total":4,"items":[{"id":4,"status":1,"created":"2026-04-08T09:39:23.606547Z","modified":"2026-04-08T09:39:23.606547Z","username":"viewer_01","nickname":"查看员1"},{"id":2,"status":1,"created":"2026-04-08T09:38:01.587305Z","modified":"2026-04-08T09:38:01.587305Z","username":"system_admin","nickname":"系统管理员"},{"id":3,"status":1,"created":"2026-04-08T09:38:01.587305Z","modified":"2026-04-08T09:38:01.587305Z","username":"auditor_01","nickname":"审核员1"},{"id":1,"status":1,"created":"2026-04-08T08:37:44.993827Z","modified":"2026-04-08T09:37:25.117382Z","username":"super_admin","nickname":"超级管理员"}]},"msg":"请求成功"}
[2026-04-08 17:52:57,052] INFO f98c3002-3e31-45e9-b688-23eefd2b9fa3 Request Log Address(host='127.0.0.1', port=61754) GET http://localhost:8000/api/system/menu Headers({'accept-language': 'en-US,en;q=0.9,zh-CN;q=0.8,zh;q=0.7', 'accept-encoding': 'gzip, deflate, br, zstd', 'referer': 'http://localhost:5173/main/system/menu', 'sec-fetch-dest': 'empty', 'sec-fetch-mode': 'cors', 'sec-fetch-site': 'same-origin', 'sec-ch-ua-mobile': '?0', 'sec-ch-ua': '"Chromium";v="146", "Not-A.Brand";v="24", "Google Chrome";v="146"', 'accept': 'application/json, text/plain, */*', 'user-agent': 'Mozilla/5.0 (Macintosh; Intel Mac OS X 10_15_7) AppleWebKit/537.36 (KHTML, like Gecko) Chrome/146.0.0.0 Safari/537.36', 'authorization': 'Bearer eyJhbGciOiJIUzI1NiIsInR5cCI6IkpXVCJ9.eyJzdWIiOiJzdXBlcl9hZG1pbiIsImV4cCI6MTc3NjI0Njc2NX0.rQQVh00Ykujhv5UTHAqDnTt9xi89GJUNIMxCfeWbYCY', 'sec-ch-ua-platform': '"macOS"', 'connection': 'close', 'host': 'localhost:8000'})
 b''
[2026-04-08 17:52:57,053] INFO f98c3002-3e31-45e9-b688-23eefd2b9fa3 Response Log 0.0008561611175537109s MutableHeaders({'content-length': '2213', 'content-type': 'application/json', 'x-response-time': '0.0008561611175537109'})
 {"code":200,"data":[{"id":1,"status":1,"created":"2026-04-08T08:37:44.993827Z","modified":"2026-04-08T08:37:44.993827Z","name":"系统管理","icon":"SettingOutlined","path":"/main/system","type":0,"component":null,"pid":0,"identifier":null,"api":null,"method":null,"children":[{"id":2,"status":1,"created":"2026-04-08T08:37:44.993827Z","modified":"2026-04-08T08:37:44.993827Z","name":"用户管理","icon":"UserOutlined","path":"/main/system/user","type":1,"component":"user/user","pid":1,"identifier":null,"api":"/api/system/user","method":"GET"},{"id":3,"status":1,"created":"2026-04-08T08:37:44.993827Z","modified":"2026-04-08T08:37:44.993827Z","name":"角色管理","icon":"TeamOutlined","path":"/main/system/role","type":1,"component":"role/role","pid":1,"identifier":null,"api":"/api/system/role","method":"GET"},{"id":4,"status":1,"created":"2026-04-08T08:37:44.993827Z","modified":"2026-04-08T08:37:44.993827Z","name":"菜单管理","icon":"MenuOutlined","path":"/main/system/menu","type":1,"component":"menu/menu","pid":1,"identifier":null,"api":"/api/system/menu","method":"GET"}]},{"id":10,"status":1,"created":"2026-04-08T08:37:44.993827Z","modified":"2026-04-08T08:37:44.993827Z","name":"审核中心","icon":"AuditOutlined","path":"/main/audit","type":0,"component":null,"pid":0,"identifier":null,"api":null,"method":null,"children":[{"id":11,"status":1,"created":"2026-04-08T08:37:44.993827Z","modified":"2026-04-08T08:37:44.993827Z","name":"规则库","icon":"DatabaseOutlined","path":"/main/audit/rules","type":1,"component":"audit/rules","pid":10,"identifier":null,"api":"/api/audit/rules","method":"GET"},{"id":12,"status":1,"created":"2026-04-08T08:37:44.993827Z","modified":"2026-04-08T08:37:44.993827Z","name":"规则检索","icon":"SearchOutlined","path":"/main/audit/search","type":1,"component":"audit/search","pid":10,"identifier":null,"api":"/api/audit/search","method":"POST"},{"id":13,"status":1,"created":"2026-04-08T08:37:44.993827Z","modified":"2026-04-08T08:37:44.993827Z","name":"合规判定","icon":"CheckCircleOutlined","path":"/main/audit/judge","type":1,"component":"audit/judge","pid":10,"identifier":null,"api":"/api/audit/judge","method":"POST"}]}],"msg":"请求成功"}
[2026-04-08 17:52:58,012] INFO a7a0099f-d23e-47a8-9c56-b28f616091eb Request Log Address(host='127.0.0.1', port=61761) GET http://localhost:8000/api/system/role?offset=1&limit=5 Headers({'accept-language': 'en-US,en;q=0.9,zh-CN;q=0.8,zh;q=0.7', 'accept-encoding': 'gzip, deflate, br, zstd', 'referer': 'http://localhost:5173/main/system/role', 'sec-fetch-dest': 'empty', 'sec-fetch-mode': 'cors', 'sec-fetch-site': 'same-origin', 'sec-ch-ua-mobile': '?0', 'sec-ch-ua': '"Chromium";v="146", "Not-A.Brand";v="24", "Google Chrome";v="146"', 'accept': 'application/json, text/plain, */*', 'user-agent': 'Mozilla/5.0 (Macintosh; Intel Mac OS X 10_15_7) AppleWebKit/537.36 (KHTML, like Gecko) Chrome/146.0.0.0 Safari/537.36', 'authorization': 'Bearer eyJhbGciOiJIUzI1NiIsInR5cCI6IkpXVCJ9.eyJzdWIiOiJzdXBlcl9hZG1pbiIsImV4cCI6MTc3NjI0Njc2NX0.rQQVh00Ykujhv5UTHAqDnTt9xi89GJUNIMxCfeWbYCY', 'sec-ch-ua-platform': '"macOS"', 'connection': 'close', 'host': 'localhost:8000'})
 b''
[2026-04-08 17:52:58,015] INFO a7a0099f-d23e-47a8-9c56-b28f616091eb Response Log 0.002830982208251953s MutableHeaders({'content-length': '638', 'content-type': 'application/json', 'x-response-time': '0.002830982208251953'})
 {"code":200,"data":{"total":4,"items":[{"id":3,"status":1,"created":"2026-04-08T09:06:09.299353Z","modified":"2026-04-08T09:06:09.299353Z","name":"auditor","remark":"审核员"},{"id":4,"status":1,"created":"2026-04-08T09:06:09.299353Z","modified":"2026-04-08T09:06:09.299353Z","name":"viewer","remark":"查看员"},{"id":2,"status":1,"created":"2026-04-08T09:06:09.299353Z","modified":"2026-04-08T09:27:14.388720Z","name":"system_admin","remark":"系统管理员"},{"id":1,"status":1,"created":"2026-04-08T08:37:44.993827Z","modified":"2026-04-08T09:23:42.398415Z","name":"super_admin","remark":"超级管理员"}]},"msg":"请求成功"}
[2026-04-08 18:11:11,246] INFO c532543d-7dee-479d-8a21-f6ed2cc07307 Request Log Address(host='127.0.0.1', port=65081) GET http://localhost:8000/api/system/menu Headers({'accept-language': 'en-US,en;q=0.9,zh-CN;q=0.8,zh;q=0.7', 'accept-encoding': 'gzip, deflate, br, zstd', 'referer': 'http://localhost:5173/main/system/menu', 'sec-fetch-dest': 'empty', 'sec-fetch-mode': 'cors', 'sec-fetch-site': 'same-origin', 'sec-ch-ua-mobile': '?0', 'sec-ch-ua': '"Chromium";v="146", "Not-A.Brand";v="24", "Google Chrome";v="146"', 'accept': 'application/json, text/plain, */*', 'user-agent': 'Mozilla/5.0 (Macintosh; Intel Mac OS X 10_15_7) AppleWebKit/537.36 (KHTML, like Gecko) Chrome/146.0.0.0 Safari/537.36', 'authorization': 'Bearer eyJhbGciOiJIUzI1NiIsInR5cCI6IkpXVCJ9.eyJzdWIiOiJzdXBlcl9hZG1pbiIsImV4cCI6MTc3NjI0Njc2NX0.rQQVh00Ykujhv5UTHAqDnTt9xi89GJUNIMxCfeWbYCY', 'sec-ch-ua-platform': '"macOS"', 'connection': 'close', 'host': 'localhost:8000'})
 b''
[2026-04-08 18:11:11,253] INFO c532543d-7dee-479d-8a21-f6ed2cc07307 Response Log 0.0066149234771728516s MutableHeaders({'content-length': '2213', 'content-type': 'application/json', 'x-response-time': '0.0066149234771728516'})
 {"code":200,"data":[{"id":1,"status":1,"created":"2026-04-08T08:37:44.993827Z","modified":"2026-04-08T08:37:44.993827Z","name":"系统管理","icon":"SettingOutlined","path":"/main/system","type":0,"component":null,"pid":0,"identifier":null,"api":null,"method":null,"children":[{"id":2,"status":1,"created":"2026-04-08T08:37:44.993827Z","modified":"2026-04-08T08:37:44.993827Z","name":"用户管理","icon":"UserOutlined","path":"/main/system/user","type":1,"component":"user/user","pid":1,"identifier":null,"api":"/api/system/user","method":"GET"},{"id":3,"status":1,"created":"2026-04-08T08:37:44.993827Z","modified":"2026-04-08T08:37:44.993827Z","name":"角色管理","icon":"TeamOutlined","path":"/main/system/role","type":1,"component":"role/role","pid":1,"identifier":null,"api":"/api/system/role","method":"GET"},{"id":4,"status":1,"created":"2026-04-08T08:37:44.993827Z","modified":"2026-04-08T08:37:44.993827Z","name":"菜单管理","icon":"MenuOutlined","path":"/main/system/menu","type":1,"component":"menu/menu","pid":1,"identifier":null,"api":"/api/system/menu","method":"GET"}]},{"id":10,"status":1,"created":"2026-04-08T08:37:44.993827Z","modified":"2026-04-08T08:37:44.993827Z","name":"审核中心","icon":"AuditOutlined","path":"/main/audit","type":0,"component":null,"pid":0,"identifier":null,"api":null,"method":null,"children":[{"id":11,"status":1,"created":"2026-04-08T08:37:44.993827Z","modified":"2026-04-08T08:37:44.993827Z","name":"规则库","icon":"DatabaseOutlined","path":"/main/audit/rules","type":1,"component":"audit/rules","pid":10,"identifier":null,"api":"/api/audit/rules","method":"GET"},{"id":12,"status":1,"created":"2026-04-08T08:37:44.993827Z","modified":"2026-04-08T08:37:44.993827Z","name":"规则检索","icon":"SearchOutlined","path":"/main/audit/search","type":1,"component":"audit/search","pid":10,"identifier":null,"api":"/api/audit/search","method":"POST"},{"id":13,"status":1,"created":"2026-04-08T08:37:44.993827Z","modified":"2026-04-08T08:37:44.993827Z","name":"合规判定","icon":"CheckCircleOutlined","path":"/main/audit/judge","type":1,"component":"audit/judge","pid":10,"identifier":null,"api":"/api/audit/judge","method":"POST"}]}],"msg":"请求成功"}
[2026-04-08 18:11:12,218] INFO 74357fcd-be8c-438d-84df-580a198af232 Request Log Address(host='127.0.0.1', port=65089) GET http://localhost:8000/api/system/role?offset=1&limit=5 Headers({'accept-language': 'en-US,en;q=0.9,zh-CN;q=0.8,zh;q=0.7', 'accept-encoding': 'gzip, deflate, br, zstd', 'referer': 'http://localhost:5173/main/system/role', 'sec-fetch-dest': 'empty', 'sec-fetch-mode': 'cors', 'sec-fetch-site': 'same-origin', 'sec-ch-ua-mobile': '?0', 'sec-ch-ua': '"Chromium";v="146", "Not-A.Brand";v="24", "Google Chrome";v="146"', 'accept': 'application/json, text/plain, */*', 'user-agent': 'Mozilla/5.0 (Macintosh; Intel Mac OS X 10_15_7) AppleWebKit/537.36 (KHTML, like Gecko) Chrome/146.0.0.0 Safari/537.36', 'authorization': 'Bearer eyJhbGciOiJIUzI1NiIsInR5cCI6IkpXVCJ9.eyJzdWIiOiJzdXBlcl9hZG1pbiIsImV4cCI6MTc3NjI0Njc2NX0.rQQVh00Ykujhv5UTHAqDnTt9xi89GJUNIMxCfeWbYCY', 'sec-ch-ua-platform': '"macOS"', 'connection': 'close', 'host': 'localhost:8000'})
 b''
[2026-04-08 18:11:12,223] INFO 74357fcd-be8c-438d-84df-580a198af232 Response Log 0.00463104248046875s MutableHeaders({'content-length': '638', 'content-type': 'application/json', 'x-response-time': '0.00463104248046875'})
 {"code":200,"data":{"total":4,"items":[{"id":3,"status":1,"created":"2026-04-08T09:06:09.299353Z","modified":"2026-04-08T09:06:09.299353Z","name":"auditor","remark":"审核员"},{"id":4,"status":1,"created":"2026-04-08T09:06:09.299353Z","modified":"2026-04-08T09:06:09.299353Z","name":"viewer","remark":"查看员"},{"id":2,"status":1,"created":"2026-04-08T09:06:09.299353Z","modified":"2026-04-08T09:27:14.388720Z","name":"system_admin","remark":"系统管理员"},{"id":1,"status":1,"created":"2026-04-08T08:37:44.993827Z","modified":"2026-04-08T09:23:42.398415Z","name":"super_admin","remark":"超级管理员"}]},"msg":"请求成功"}
[2026-04-08 18:11:13,598] INFO 86162ca1-6b2d-4970-a8d5-c4cbe8db9256 Request Log Address(host='127.0.0.1', port=65095) GET http://localhost:8000/api/system/menu Headers({'accept-language': 'en-US,en;q=0.9,zh-CN;q=0.8,zh;q=0.7', 'accept-encoding': 'gzip, deflate, br, zstd', 'referer': 'http://localhost:5173/main/system/menu', 'sec-fetch-dest': 'empty', 'sec-fetch-mode': 'cors', 'sec-fetch-site': 'same-origin', 'sec-ch-ua-mobile': '?0', 'sec-ch-ua': '"Chromium";v="146", "Not-A.Brand";v="24", "Google Chrome";v="146"', 'accept': 'application/json, text/plain, */*', 'user-agent': 'Mozilla/5.0 (Macintosh; Intel Mac OS X 10_15_7) AppleWebKit/537.36 (KHTML, like Gecko) Chrome/146.0.0.0 Safari/537.36', 'authorization': 'Bearer eyJhbGciOiJIUzI1NiIsInR5cCI6IkpXVCJ9.eyJzdWIiOiJzdXBlcl9hZG1pbiIsImV4cCI6MTc3NjI0Njc2NX0.rQQVh00Ykujhv5UTHAqDnTt9xi89GJUNIMxCfeWbYCY', 'sec-ch-ua-platform': '"macOS"', 'connection': 'close', 'host': 'localhost:8000'})
 b''
[2026-04-08 18:11:13,599] INFO 86162ca1-6b2d-4970-a8d5-c4cbe8db9256 Response Log 0.0010502338409423828s MutableHeaders({'content-length': '2213', 'content-type': 'application/json', 'x-response-time': '0.0010502338409423828'})
 {"code":200,"data":[{"id":1,"status":1,"created":"2026-04-08T08:37:44.993827Z","modified":"2026-04-08T08:37:44.993827Z","name":"系统管理","icon":"SettingOutlined","path":"/main/system","type":0,"component":null,"pid":0,"identifier":null,"api":null,"method":null,"children":[{"id":2,"status":1,"created":"2026-04-08T08:37:44.993827Z","modified":"2026-04-08T08:37:44.993827Z","name":"用户管理","icon":"UserOutlined","path":"/main/system/user","type":1,"component":"user/user","pid":1,"identifier":null,"api":"/api/system/user","method":"GET"},{"id":3,"status":1,"created":"2026-04-08T08:37:44.993827Z","modified":"2026-04-08T08:37:44.993827Z","name":"角色管理","icon":"TeamOutlined","path":"/main/system/role","type":1,"component":"role/role","pid":1,"identifier":null,"api":"/api/system/role","method":"GET"},{"id":4,"status":1,"created":"2026-04-08T08:37:44.993827Z","modified":"2026-04-08T08:37:44.993827Z","name":"菜单管理","icon":"MenuOutlined","path":"/main/system/menu","type":1,"component":"menu/menu","pid":1,"identifier":null,"api":"/api/system/menu","method":"GET"}]},{"id":10,"status":1,"created":"2026-04-08T08:37:44.993827Z","modified":"2026-04-08T08:37:44.993827Z","name":"审核中心","icon":"AuditOutlined","path":"/main/audit","type":0,"component":null,"pid":0,"identifier":null,"api":null,"method":null,"children":[{"id":11,"status":1,"created":"2026-04-08T08:37:44.993827Z","modified":"2026-04-08T08:37:44.993827Z","name":"规则库","icon":"DatabaseOutlined","path":"/main/audit/rules","type":1,"component":"audit/rules","pid":10,"identifier":null,"api":"/api/audit/rules","method":"GET"},{"id":12,"status":1,"created":"2026-04-08T08:37:44.993827Z","modified":"2026-04-08T08:37:44.993827Z","name":"规则检索","icon":"SearchOutlined","path":"/main/audit/search","type":1,"component":"audit/search","pid":10,"identifier":null,"api":"/api/audit/search","method":"POST"},{"id":13,"status":1,"created":"2026-04-08T08:37:44.993827Z","modified":"2026-04-08T08:37:44.993827Z","name":"合规判定","icon":"CheckCircleOutlined","path":"/main/audit/judge","type":1,"component":"audit/judge","pid":10,"identifier":null,"api":"/api/audit/judge","method":"POST"}]}],"msg":"请求成功"}
[2026-04-08 18:11:13,929] INFO 2a3acae7-1988-417d-8dfa-e18f37afd6b2 Request Log Address(host='127.0.0.1', port=65099) GET http://localhost:8000/api/system/role?offset=1&limit=5 Headers({'accept-language': 'en-US,en;q=0.9,zh-CN;q=0.8,zh;q=0.7', 'accept-encoding': 'gzip, deflate, br, zstd', 'referer': 'http://localhost:5173/main/system/role', 'sec-fetch-dest': 'empty', 'sec-fetch-mode': 'cors', 'sec-fetch-site': 'same-origin', 'sec-ch-ua-mobile': '?0', 'sec-ch-ua': '"Chromium";v="146", "Not-A.Brand";v="24", "Google Chrome";v="146"', 'accept': 'application/json, text/plain, */*', 'user-agent': 'Mozilla/5.0 (Macintosh; Intel Mac OS X 10_15_7) AppleWebKit/537.36 (KHTML, like Gecko) Chrome/146.0.0.0 Safari/537.36', 'authorization': 'Bearer eyJhbGciOiJIUzI1NiIsInR5cCI6IkpXVCJ9.eyJzdWIiOiJzdXBlcl9hZG1pbiIsImV4cCI6MTc3NjI0Njc2NX0.rQQVh00Ykujhv5UTHAqDnTt9xi89GJUNIMxCfeWbYCY', 'sec-ch-ua-platform': '"macOS"', 'connection': 'close', 'host': 'localhost:8000'})
 b''
[2026-04-08 18:11:13,931] INFO 2a3acae7-1988-417d-8dfa-e18f37afd6b2 Response Log 0.0022881031036376953s MutableHeaders({'content-length': '638', 'content-type': 'application/json', 'x-response-time': '0.0022881031036376953'})
 {"code":200,"data":{"total":4,"items":[{"id":3,"status":1,"created":"2026-04-08T09:06:09.299353Z","modified":"2026-04-08T09:06:09.299353Z","name":"auditor","remark":"审核员"},{"id":4,"status":1,"created":"2026-04-08T09:06:09.299353Z","modified":"2026-04-08T09:06:09.299353Z","name":"viewer","remark":"查看员"},{"id":2,"status":1,"created":"2026-04-08T09:06:09.299353Z","modified":"2026-04-08T09:27:14.388720Z","name":"system_admin","remark":"系统管理员"},{"id":1,"status":1,"created":"2026-04-08T08:37:44.993827Z","modified":"2026-04-08T09:23:42.398415Z","name":"super_admin","remark":"超级管理员"}]},"msg":"请求成功"}
[2026-04-08 18:12:14,410] INFO 2e57dd17-79d4-4ce6-b25e-46c125fcc16f Request Log Address(host='127.0.0.1', port=65286) GET http://localhost:8000/api/system/user?offset=1&limit=5 Headers({'accept-language': 'en-US,en;q=0.9,zh-CN;q=0.8,zh;q=0.7', 'accept-encoding': 'gzip, deflate, br, zstd', 'referer': 'http://localhost:5173/main/system/user', 'sec-fetch-dest': 'empty', 'sec-fetch-mode': 'cors', 'sec-fetch-site': 'same-origin', 'sec-ch-ua-mobile': '?0', 'sec-ch-ua': '"Chromium";v="146", "Not-A.Brand";v="24", "Google Chrome";v="146"', 'accept': 'application/json, text/plain, */*', 'user-agent': 'Mozilla/5.0 (Macintosh; Intel Mac OS X 10_15_7) AppleWebKit/537.36 (KHTML, like Gecko) Chrome/146.0.0.0 Safari/537.36', 'authorization': 'Bearer eyJhbGciOiJIUzI1NiIsInR5cCI6IkpXVCJ9.eyJzdWIiOiJzdXBlcl9hZG1pbiIsImV4cCI6MTc3NjI0Njc2NX0.rQQVh00Ykujhv5UTHAqDnTt9xi89GJUNIMxCfeWbYCY', 'sec-ch-ua-platform': '"macOS"', 'connection': 'close', 'host': 'localhost:8000'})
 b''
[2026-04-08 18:12:14,414] INFO 2e57dd17-79d4-4ce6-b25e-46c125fcc16f Response Log 0.0031931400299072266s MutableHeaders({'content-length': '670', 'content-type': 'application/json', 'x-response-time': '0.0031931400299072266'})
 {"code":200,"data":{"total":4,"items":[{"id":4,"status":1,"created":"2026-04-08T09:39:23.606547Z","modified":"2026-04-08T09:39:23.606547Z","username":"viewer_01","nickname":"查看员1"},{"id":2,"status":1,"created":"2026-04-08T09:38:01.587305Z","modified":"2026-04-08T09:38:01.587305Z","username":"system_admin","nickname":"系统管理员"},{"id":3,"status":1,"created":"2026-04-08T09:38:01.587305Z","modified":"2026-04-08T09:38:01.587305Z","username":"auditor_01","nickname":"审核员1"},{"id":1,"status":1,"created":"2026-04-08T08:37:44.993827Z","modified":"2026-04-08T09:37:25.117382Z","username":"super_admin","nickname":"超级管理员"}]},"msg":"请求成功"}
[2026-04-08 18:14:58,342] INFO 9f375c43-7314-422b-be72-d7ba27499a6f Request Log Address(host='127.0.0.1', port=49580) GET http://localhost:8000/api/system/user?offset=1&limit=5 Headers({'accept-language': 'en-US,en;q=0.9,zh-CN;q=0.8,zh;q=0.7', 'accept-encoding': 'gzip, deflate, br, zstd', 'referer': 'http://localhost:5173/main/system/user', 'sec-fetch-dest': 'empty', 'sec-fetch-mode': 'cors', 'sec-fetch-site': 'same-origin', 'sec-ch-ua-mobile': '?0', 'sec-ch-ua': '"Chromium";v="146", "Not-A.Brand";v="24", "Google Chrome";v="146"', 'accept': 'application/json, text/plain, */*', 'user-agent': 'Mozilla/5.0 (Macintosh; Intel Mac OS X 10_15_7) AppleWebKit/537.36 (KHTML, like Gecko) Chrome/146.0.0.0 Safari/537.36', 'authorization': 'Bearer eyJhbGciOiJIUzI1NiIsInR5cCI6IkpXVCJ9.eyJzdWIiOiJzdXBlcl9hZG1pbiIsImV4cCI6MTc3NjI0Njc2NX0.rQQVh00Ykujhv5UTHAqDnTt9xi89GJUNIMxCfeWbYCY', 'sec-ch-ua-platform': '"macOS"', 'connection': 'close', 'host': 'localhost:8000'})
 b''
[2026-04-08 18:14:58,344] INFO 9f375c43-7314-422b-be72-d7ba27499a6f Response Log 0.0022101402282714844s MutableHeaders({'content-length': '670', 'content-type': 'application/json', 'x-response-time': '0.0022101402282714844'})
 {"code":200,"data":{"total":4,"items":[{"id":4,"status":1,"created":"2026-04-08T09:39:23.606547Z","modified":"2026-04-08T09:39:23.606547Z","username":"viewer_01","nickname":"查看员1"},{"id":2,"status":1,"created":"2026-04-08T09:38:01.587305Z","modified":"2026-04-08T09:38:01.587305Z","username":"system_admin","nickname":"系统管理员"},{"id":3,"status":1,"created":"2026-04-08T09:38:01.587305Z","modified":"2026-04-08T09:38:01.587305Z","username":"auditor_01","nickname":"审核员1"},{"id":1,"status":1,"created":"2026-04-08T08:37:44.993827Z","modified":"2026-04-08T09:37:25.117382Z","username":"super_admin","nickname":"超级管理员"}]},"msg":"请求成功"}
[2026-04-08 18:16:39,668] INFO 1e141132-8da5-4a49-89e5-29397bb4100a Request Log Address(host='127.0.0.1', port=49914) GET http://localhost:8000/api/system/user?offset=1&limit=5 Headers({'accept-language': 'en-US,en;q=0.9,zh-CN;q=0.8,zh;q=0.7', 'accept-encoding': 'gzip, deflate, br, zstd', 'referer': 'http://localhost:5173/main/system/user', 'sec-fetch-dest': 'empty', 'sec-fetch-mode': 'cors', 'sec-fetch-site': 'same-origin', 'sec-ch-ua-mobile': '?0', 'sec-ch-ua': '"Chromium";v="146", "Not-A.Brand";v="24", "Google Chrome";v="146"', 'accept': 'application/json, text/plain, */*', 'user-agent': 'Mozilla/5.0 (Macintosh; Intel Mac OS X 10_15_7) AppleWebKit/537.36 (KHTML, like Gecko) Chrome/146.0.0.0 Safari/537.36', 'authorization': 'Bearer eyJhbGciOiJIUzI1NiIsInR5cCI6IkpXVCJ9.eyJzdWIiOiJzdXBlcl9hZG1pbiIsImV4cCI6MTc3NjI0Njc2NX0.rQQVh00Ykujhv5UTHAqDnTt9xi89GJUNIMxCfeWbYCY', 'sec-ch-ua-platform': '"macOS"', 'connection': 'close', 'host': 'localhost:8000'})
 b''
[2026-04-08 18:16:39,670] INFO 1e141132-8da5-4a49-89e5-29397bb4100a Response Log 0.0019109249114990234s MutableHeaders({'content-length': '670', 'content-type': 'application/json', 'x-response-time': '0.0019109249114990234'})
 {"code":200,"data":{"total":4,"items":[{"id":4,"status":1,"created":"2026-04-08T09:39:23.606547Z","modified":"2026-04-08T09:39:23.606547Z","username":"viewer_01","nickname":"查看员1"},{"id":2,"status":1,"created":"2026-04-08T09:38:01.587305Z","modified":"2026-04-08T09:38:01.587305Z","username":"system_admin","nickname":"系统管理员"},{"id":3,"status":1,"created":"2026-04-08T09:38:01.587305Z","modified":"2026-04-08T09:38:01.587305Z","username":"auditor_01","nickname":"审核员1"},{"id":1,"status":1,"created":"2026-04-08T08:37:44.993827Z","modified":"2026-04-08T09:37:25.117382Z","username":"super_admin","nickname":"超级管理员"}]},"msg":"请求成功"}
[2026-04-08 18:16:54,669] INFO 2f105862-7f9d-42d6-8299-f2c9d61f11bf Request Log Address(host='127.0.0.1', port=49967) POST http://localhost:8000/api/system/login Headers({'accept-language': 'en-US,en;q=0.9,zh-CN;q=0.8,zh;q=0.7', 'accept-encoding': 'gzip, deflate, br, zstd', 'referer': 'http://localhost:5173/login', 'sec-fetch-dest': 'empty', 'sec-fetch-mode': 'cors', 'sec-fetch-site': 'same-origin', 'origin': 'http://localhost:5173', 'sec-ch-ua-mobile': '?0', 'content-type': 'application/json', 'sec-ch-ua': '"Chromium";v="146", "Not-A.Brand";v="24", "Google Chrome";v="146"', 'accept': 'application/json, text/plain, */*', 'user-agent': 'Mozilla/5.0 (Macintosh; Intel Mac OS X 10_15_7) AppleWebKit/537.36 (KHTML, like Gecko) Chrome/146.0.0.0 Safari/537.36', 'authorization': 'Bearer', 'sec-ch-ua-platform': '"macOS"', 'content-length': '40', 'connection': 'close', 'host': 'localhost:8000'})
 b'{"username":"audit","password":"123456"}'
[2026-04-08 18:16:54,672] ERROR 2f105862-7f9d-42d6-8299-f2c9d61f11bf Exception Log: 1 validation error:
  {'type': 'missing', 'loc': ('response', 'data'), 'msg': 'Field required', 'input': {'code': 400, 'msg': '账号或密码错误'}}

  File "/Users/alpha-macstudio/Documents/work/AUDIT_PROJECT/backend/modules/system/api/auth_api.py", line 13, in login
    POST /api/system/login
Traceback (most recent call last):
  File "/opt/homebrew/Caskroom/miniforge/base/envs/audit-project/lib/python3.11/site-packages/starlette/middleware/errors.py", line 164, in __call__
    await self.app(scope, receive, _send)
  File "/opt/homebrew/Caskroom/miniforge/base/envs/audit-project/lib/python3.11/site-packages/starlette/middleware/cors.py", line 96, in __call__
    await self.simple_response(scope, receive, send, request_headers=headers)
  File "/opt/homebrew/Caskroom/miniforge/base/envs/audit-project/lib/python3.11/site-packages/starlette/middleware/cors.py", line 154, in simple_response
    await self.app(scope, receive, send)
  File "/opt/homebrew/Caskroom/miniforge/base/envs/audit-project/lib/python3.11/site-packages/starlette/middleware/exceptions.py", line 63, in __call__
    await wrap_app_handling_exceptions(self.app, conn)(scope, receive, send)
  File "/opt/homebrew/Caskroom/miniforge/base/envs/audit-project/lib/python3.11/site-packages/starlette/_exception_handler.py", line 53, in wrapped_app
    raise exc
  File "/opt/homebrew/Caskroom/miniforge/base/envs/audit-project/lib/python3.11/site-packages/starlette/_exception_handler.py", line 42, in wrapped_app
    await app(scope, receive, sender)
  File "/opt/homebrew/Caskroom/miniforge/base/envs/audit-project/lib/python3.11/site-packages/fastapi/middleware/asyncexitstack.py", line 18, in __call__
    await self.app(scope, receive, send)
  File "/opt/homebrew/Caskroom/miniforge/base/envs/audit-project/lib/python3.11/site-packages/starlette/routing.py", line 660, in __call__
    await self.middleware_stack(scope, receive, send)
  File "/opt/homebrew/Caskroom/miniforge/base/envs/audit-project/lib/python3.11/site-packages/starlette/routing.py", line 680, in app
    await route.handle(scope, receive, send)
  File "/opt/homebrew/Caskroom/miniforge/base/envs/audit-project/lib/python3.11/site-packages/starlette/routing.py", line 276, in handle
    await self.app(scope, receive, send)
  File "/opt/homebrew/Caskroom/miniforge/base/envs/audit-project/lib/python3.11/site-packages/fastapi/routing.py", line 134, in app
    await wrap_app_handling_exceptions(app, request)(scope, receive, send)
  File "/opt/homebrew/Caskroom/miniforge/base/envs/audit-project/lib/python3.11/site-packages/starlette/_exception_handler.py", line 53, in wrapped_app
    raise exc
  File "/opt/homebrew/Caskroom/miniforge/base/envs/audit-project/lib/python3.11/site-packages/starlette/_exception_handler.py", line 42, in wrapped_app
    await app(scope, receive, sender)
  File "/opt/homebrew/Caskroom/miniforge/base/envs/audit-project/lib/python3.11/site-packages/fastapi/routing.py", line 120, in app
    response = await f(request)
               ^^^^^^^^^^^^^^^^
  File "/Users/alpha-macstudio/Documents/work/AUDIT_PROJECT/backend/app/core/middleware.py", line 37, in custom_route_handler
    response: Response = await original_route_handler(request)
                         ^^^^^^^^^^^^^^^^^^^^^^^^^^^^^^^^^^^^^
  File "/opt/homebrew/Caskroom/miniforge/base/envs/audit-project/lib/python3.11/site-packages/fastapi/routing.py", line 695, in app
    content = await serialize_response(
              ^^^^^^^^^^^^^^^^^^^^^^^^^
  File "/opt/homebrew/Caskroom/miniforge/base/envs/audit-project/lib/python3.11/site-packages/fastapi/routing.py", line 300, in serialize_response
    raise ResponseValidationError(
fastapi.exceptions.ResponseValidationError: 1 validation error:
  {'type': 'missing', 'loc': ('response', 'data'), 'msg': 'Field required', 'input': {'code': 400, 'msg': '账号或密码错误'}}

  File "/Users/alpha-macstudio/Documents/work/AUDIT_PROJECT/backend/modules/system/api/auth_api.py", line 13, in login
    POST /api/system/login
[2026-04-08 18:16:56,806] INFO fe96cbb5-8b2b-41d7-95dc-a3c2d306e719 Request Log Address(host='127.0.0.1', port=49976) POST http://localhost:8000/api/system/login Headers({'accept-language': 'en-US,en;q=0.9,zh-CN;q=0.8,zh;q=0.7', 'accept-encoding': 'gzip, deflate, br, zstd', 'referer': 'http://localhost:5173/login', 'sec-fetch-dest': 'empty', 'sec-fetch-mode': 'cors', 'sec-fetch-site': 'same-origin', 'origin': 'http://localhost:5173', 'sec-ch-ua-mobile': '?0', 'content-type': 'application/json', 'sec-ch-ua': '"Chromium";v="146", "Not-A.Brand";v="24", "Google Chrome";v="146"', 'accept': 'application/json, text/plain, */*', 'user-agent': 'Mozilla/5.0 (Macintosh; Intel Mac OS X 10_15_7) AppleWebKit/537.36 (KHTML, like Gecko) Chrome/146.0.0.0 Safari/537.36', 'authorization': 'Bearer', 'sec-ch-ua-platform': '"macOS"', 'content-length': '40', 'connection': 'close', 'host': 'localhost:8000'})
 b'{"username":"audit","password":"123456"}'
[2026-04-08 18:16:56,807] ERROR fe96cbb5-8b2b-41d7-95dc-a3c2d306e719 Exception Log: 1 validation error:
  {'type': 'missing', 'loc': ('response', 'data'), 'msg': 'Field required', 'input': {'code': 400, 'msg': '账号或密码错误'}}

  File "/Users/alpha-macstudio/Documents/work/AUDIT_PROJECT/backend/modules/system/api/auth_api.py", line 13, in login
    POST /api/system/login
Traceback (most recent call last):
  File "/opt/homebrew/Caskroom/miniforge/base/envs/audit-project/lib/python3.11/site-packages/starlette/middleware/errors.py", line 164, in __call__
    await self.app(scope, receive, _send)
  File "/opt/homebrew/Caskroom/miniforge/base/envs/audit-project/lib/python3.11/site-packages/starlette/middleware/cors.py", line 96, in __call__
    await self.simple_response(scope, receive, send, request_headers=headers)
  File "/opt/homebrew/Caskroom/miniforge/base/envs/audit-project/lib/python3.11/site-packages/starlette/middleware/cors.py", line 154, in simple_response
    await self.app(scope, receive, send)
  File "/opt/homebrew/Caskroom/miniforge/base/envs/audit-project/lib/python3.11/site-packages/starlette/middleware/exceptions.py", line 63, in __call__
    await wrap_app_handling_exceptions(self.app, conn)(scope, receive, send)
  File "/opt/homebrew/Caskroom/miniforge/base/envs/audit-project/lib/python3.11/site-packages/starlette/_exception_handler.py", line 53, in wrapped_app
    raise exc
  File "/opt/homebrew/Caskroom/miniforge/base/envs/audit-project/lib/python3.11/site-packages/starlette/_exception_handler.py", line 42, in wrapped_app
    await app(scope, receive, sender)
  File "/opt/homebrew/Caskroom/miniforge/base/envs/audit-project/lib/python3.11/site-packages/fastapi/middleware/asyncexitstack.py", line 18, in __call__
    await self.app(scope, receive, send)
  File "/opt/homebrew/Caskroom/miniforge/base/envs/audit-project/lib/python3.11/site-packages/starlette/routing.py", line 660, in __call__
    await self.middleware_stack(scope, receive, send)
  File "/opt/homebrew/Caskroom/miniforge/base/envs/audit-project/lib/python3.11/site-packages/starlette/routing.py", line 680, in app
    await route.handle(scope, receive, send)
  File "/opt/homebrew/Caskroom/miniforge/base/envs/audit-project/lib/python3.11/site-packages/starlette/routing.py", line 276, in handle
    await self.app(scope, receive, send)
  File "/opt/homebrew/Caskroom/miniforge/base/envs/audit-project/lib/python3.11/site-packages/fastapi/routing.py", line 134, in app
    await wrap_app_handling_exceptions(app, request)(scope, receive, send)
  File "/opt/homebrew/Caskroom/miniforge/base/envs/audit-project/lib/python3.11/site-packages/starlette/_exception_handler.py", line 53, in wrapped_app
    raise exc
  File "/opt/homebrew/Caskroom/miniforge/base/envs/audit-project/lib/python3.11/site-packages/starlette/_exception_handler.py", line 42, in wrapped_app
    await app(scope, receive, sender)
  File "/opt/homebrew/Caskroom/miniforge/base/envs/audit-project/lib/python3.11/site-packages/fastapi/routing.py", line 120, in app
    response = await f(request)
               ^^^^^^^^^^^^^^^^
  File "/Users/alpha-macstudio/Documents/work/AUDIT_PROJECT/backend/app/core/middleware.py", line 37, in custom_route_handler
    response: Response = await original_route_handler(request)
                         ^^^^^^^^^^^^^^^^^^^^^^^^^^^^^^^^^^^^^
  File "/opt/homebrew/Caskroom/miniforge/base/envs/audit-project/lib/python3.11/site-packages/fastapi/routing.py", line 695, in app
    content = await serialize_response(
              ^^^^^^^^^^^^^^^^^^^^^^^^^
  File "/opt/homebrew/Caskroom/miniforge/base/envs/audit-project/lib/python3.11/site-packages/fastapi/routing.py", line 300, in serialize_response
    raise ResponseValidationError(
fastapi.exceptions.ResponseValidationError: 1 validation error:
  {'type': 'missing', 'loc': ('response', 'data'), 'msg': 'Field required', 'input': {'code': 400, 'msg': '账号或密码错误'}}

  File "/Users/alpha-macstudio/Documents/work/AUDIT_PROJECT/backend/modules/system/api/auth_api.py", line 13, in login
    POST /api/system/login
[2026-04-08 18:16:57,382] INFO c2b606c1-2a9d-4dd4-84cb-523b758d7b41 Request Log Address(host='127.0.0.1', port=49982) POST http://localhost:8000/api/system/login Headers({'accept-language': 'en-US,en;q=0.9,zh-CN;q=0.8,zh;q=0.7', 'accept-encoding': 'gzip, deflate, br, zstd', 'referer': 'http://localhost:5173/login', 'sec-fetch-dest': 'empty', 'sec-fetch-mode': 'cors', 'sec-fetch-site': 'same-origin', 'origin': 'http://localhost:5173', 'sec-ch-ua-mobile': '?0', 'content-type': 'application/json', 'sec-ch-ua': '"Chromium";v="146", "Not-A.Brand";v="24", "Google Chrome";v="146"', 'accept': 'application/json, text/plain, */*', 'user-agent': 'Mozilla/5.0 (Macintosh; Intel Mac OS X 10_15_7) AppleWebKit/537.36 (KHTML, like Gecko) Chrome/146.0.0.0 Safari/537.36', 'authorization': 'Bearer', 'sec-ch-ua-platform': '"macOS"', 'content-length': '40', 'connection': 'close', 'host': 'localhost:8000'})
 b'{"username":"audit","password":"123456"}'
[2026-04-08 18:16:57,384] ERROR c2b606c1-2a9d-4dd4-84cb-523b758d7b41 Exception Log: 1 validation error:
  {'type': 'missing', 'loc': ('response', 'data'), 'msg': 'Field required', 'input': {'code': 400, 'msg': '账号或密码错误'}}

  File "/Users/alpha-macstudio/Documents/work/AUDIT_PROJECT/backend/modules/system/api/auth_api.py", line 13, in login
    POST /api/system/login
Traceback (most recent call last):
  File "/opt/homebrew/Caskroom/miniforge/base/envs/audit-project/lib/python3.11/site-packages/starlette/middleware/errors.py", line 164, in __call__
    await self.app(scope, receive, _send)
  File "/opt/homebrew/Caskroom/miniforge/base/envs/audit-project/lib/python3.11/site-packages/starlette/middleware/cors.py", line 96, in __call__
    await self.simple_response(scope, receive, send, request_headers=headers)
  File "/opt/homebrew/Caskroom/miniforge/base/envs/audit-project/lib/python3.11/site-packages/starlette/middleware/cors.py", line 154, in simple_response
    await self.app(scope, receive, send)
  File "/opt/homebrew/Caskroom/miniforge/base/envs/audit-project/lib/python3.11/site-packages/starlette/middleware/exceptions.py", line 63, in __call__
    await wrap_app_handling_exceptions(self.app, conn)(scope, receive, send)
  File "/opt/homebrew/Caskroom/miniforge/base/envs/audit-project/lib/python3.11/site-packages/starlette/_exception_handler.py", line 53, in wrapped_app
    raise exc
  File "/opt/homebrew/Caskroom/miniforge/base/envs/audit-project/lib/python3.11/site-packages/starlette/_exception_handler.py", line 42, in wrapped_app
    await app(scope, receive, sender)
  File "/opt/homebrew/Caskroom/miniforge/base/envs/audit-project/lib/python3.11/site-packages/fastapi/middleware/asyncexitstack.py", line 18, in __call__
    await self.app(scope, receive, send)
  File "/opt/homebrew/Caskroom/miniforge/base/envs/audit-project/lib/python3.11/site-packages/starlette/routing.py", line 660, in __call__
    await self.middleware_stack(scope, receive, send)
  File "/opt/homebrew/Caskroom/miniforge/base/envs/audit-project/lib/python3.11/site-packages/starlette/routing.py", line 680, in app
    await route.handle(scope, receive, send)
  File "/opt/homebrew/Caskroom/miniforge/base/envs/audit-project/lib/python3.11/site-packages/starlette/routing.py", line 276, in handle
    await self.app(scope, receive, send)
  File "/opt/homebrew/Caskroom/miniforge/base/envs/audit-project/lib/python3.11/site-packages/fastapi/routing.py", line 134, in app
    await wrap_app_handling_exceptions(app, request)(scope, receive, send)
  File "/opt/homebrew/Caskroom/miniforge/base/envs/audit-project/lib/python3.11/site-packages/starlette/_exception_handler.py", line 53, in wrapped_app
    raise exc
  File "/opt/homebrew/Caskroom/miniforge/base/envs/audit-project/lib/python3.11/site-packages/starlette/_exception_handler.py", line 42, in wrapped_app
    await app(scope, receive, sender)
  File "/opt/homebrew/Caskroom/miniforge/base/envs/audit-project/lib/python3.11/site-packages/fastapi/routing.py", line 120, in app
    response = await f(request)
               ^^^^^^^^^^^^^^^^
  File "/Users/alpha-macstudio/Documents/work/AUDIT_PROJECT/backend/app/core/middleware.py", line 37, in custom_route_handler
    response: Response = await original_route_handler(request)
                         ^^^^^^^^^^^^^^^^^^^^^^^^^^^^^^^^^^^^^
  File "/opt/homebrew/Caskroom/miniforge/base/envs/audit-project/lib/python3.11/site-packages/fastapi/routing.py", line 695, in app
    content = await serialize_response(
              ^^^^^^^^^^^^^^^^^^^^^^^^^
  File "/opt/homebrew/Caskroom/miniforge/base/envs/audit-project/lib/python3.11/site-packages/fastapi/routing.py", line 300, in serialize_response
    raise ResponseValidationError(
fastapi.exceptions.ResponseValidationError: 1 validation error:
  {'type': 'missing', 'loc': ('response', 'data'), 'msg': 'Field required', 'input': {'code': 400, 'msg': '账号或密码错误'}}

  File "/Users/alpha-macstudio/Documents/work/AUDIT_PROJECT/backend/modules/system/api/auth_api.py", line 13, in login
    POST /api/system/login
[2026-04-08 18:16:57,587] INFO 29d965ad-0834-4217-b673-86fc0e64dc1d Request Log Address(host='127.0.0.1', port=49985) POST http://localhost:8000/api/system/login Headers({'accept-language': 'en-US,en;q=0.9,zh-CN;q=0.8,zh;q=0.7', 'accept-encoding': 'gzip, deflate, br, zstd', 'referer': 'http://localhost:5173/login', 'sec-fetch-dest': 'empty', 'sec-fetch-mode': 'cors', 'sec-fetch-site': 'same-origin', 'origin': 'http://localhost:5173', 'sec-ch-ua-mobile': '?0', 'content-type': 'application/json', 'sec-ch-ua': '"Chromium";v="146", "Not-A.Brand";v="24", "Google Chrome";v="146"', 'accept': 'application/json, text/plain, */*', 'user-agent': 'Mozilla/5.0 (Macintosh; Intel Mac OS X 10_15_7) AppleWebKit/537.36 (KHTML, like Gecko) Chrome/146.0.0.0 Safari/537.36', 'authorization': 'Bearer', 'sec-ch-ua-platform': '"macOS"', 'content-length': '40', 'connection': 'close', 'host': 'localhost:8000'})
 b'{"username":"audit","password":"123456"}'
[2026-04-08 18:16:57,588] ERROR 29d965ad-0834-4217-b673-86fc0e64dc1d Exception Log: 1 validation error:
  {'type': 'missing', 'loc': ('response', 'data'), 'msg': 'Field required', 'input': {'code': 400, 'msg': '账号或密码错误'}}

  File "/Users/alpha-macstudio/Documents/work/AUDIT_PROJECT/backend/modules/system/api/auth_api.py", line 13, in login
    POST /api/system/login
Traceback (most recent call last):
  File "/opt/homebrew/Caskroom/miniforge/base/envs/audit-project/lib/python3.11/site-packages/starlette/middleware/errors.py", line 164, in __call__
    await self.app(scope, receive, _send)
  File "/opt/homebrew/Caskroom/miniforge/base/envs/audit-project/lib/python3.11/site-packages/starlette/middleware/cors.py", line 96, in __call__
    await self.simple_response(scope, receive, send, request_headers=headers)
  File "/opt/homebrew/Caskroom/miniforge/base/envs/audit-project/lib/python3.11/site-packages/starlette/middleware/cors.py", line 154, in simple_response
    await self.app(scope, receive, send)
  File "/opt/homebrew/Caskroom/miniforge/base/envs/audit-project/lib/python3.11/site-packages/starlette/middleware/exceptions.py", line 63, in __call__
    await wrap_app_handling_exceptions(self.app, conn)(scope, receive, send)
  File "/opt/homebrew/Caskroom/miniforge/base/envs/audit-project/lib/python3.11/site-packages/starlette/_exception_handler.py", line 53, in wrapped_app
    raise exc
  File "/opt/homebrew/Caskroom/miniforge/base/envs/audit-project/lib/python3.11/site-packages/starlette/_exception_handler.py", line 42, in wrapped_app
    await app(scope, receive, sender)
  File "/opt/homebrew/Caskroom/miniforge/base/envs/audit-project/lib/python3.11/site-packages/fastapi/middleware/asyncexitstack.py", line 18, in __call__
    await self.app(scope, receive, send)
  File "/opt/homebrew/Caskroom/miniforge/base/envs/audit-project/lib/python3.11/site-packages/starlette/routing.py", line 660, in __call__
    await self.middleware_stack(scope, receive, send)
  File "/opt/homebrew/Caskroom/miniforge/base/envs/audit-project/lib/python3.11/site-packages/starlette/routing.py", line 680, in app
    await route.handle(scope, receive, send)
  File "/opt/homebrew/Caskroom/miniforge/base/envs/audit-project/lib/python3.11/site-packages/starlette/routing.py", line 276, in handle
    await self.app(scope, receive, send)
  File "/opt/homebrew/Caskroom/miniforge/base/envs/audit-project/lib/python3.11/site-packages/fastapi/routing.py", line 134, in app
    await wrap_app_handling_exceptions(app, request)(scope, receive, send)
  File "/opt/homebrew/Caskroom/miniforge/base/envs/audit-project/lib/python3.11/site-packages/starlette/_exception_handler.py", line 53, in wrapped_app
    raise exc
  File "/opt/homebrew/Caskroom/miniforge/base/envs/audit-project/lib/python3.11/site-packages/starlette/_exception_handler.py", line 42, in wrapped_app
    await app(scope, receive, sender)
  File "/opt/homebrew/Caskroom/miniforge/base/envs/audit-project/lib/python3.11/site-packages/fastapi/routing.py", line 120, in app
    response = await f(request)
               ^^^^^^^^^^^^^^^^
  File "/Users/alpha-macstudio/Documents/work/AUDIT_PROJECT/backend/app/core/middleware.py", line 37, in custom_route_handler
    response: Response = await original_route_handler(request)
                         ^^^^^^^^^^^^^^^^^^^^^^^^^^^^^^^^^^^^^
  File "/opt/homebrew/Caskroom/miniforge/base/envs/audit-project/lib/python3.11/site-packages/fastapi/routing.py", line 695, in app
    content = await serialize_response(
              ^^^^^^^^^^^^^^^^^^^^^^^^^
  File "/opt/homebrew/Caskroom/miniforge/base/envs/audit-project/lib/python3.11/site-packages/fastapi/routing.py", line 300, in serialize_response
    raise ResponseValidationError(
fastapi.exceptions.ResponseValidationError: 1 validation error:
  {'type': 'missing', 'loc': ('response', 'data'), 'msg': 'Field required', 'input': {'code': 400, 'msg': '账号或密码错误'}}

  File "/Users/alpha-macstudio/Documents/work/AUDIT_PROJECT/backend/modules/system/api/auth_api.py", line 13, in login
    POST /api/system/login
[2026-04-08 18:17:20,409] INFO 31a1135d-3f7d-4be7-9c7e-db69caa3e5d6 Request Log Address(host='127.0.0.1', port=50051) POST http://localhost:8000/api/system/login Headers({'accept-language': 'en-US,en;q=0.9,zh-CN;q=0.8,zh;q=0.7', 'accept-encoding': 'gzip, deflate, br, zstd', 'referer': 'http://localhost:5173/login', 'sec-fetch-dest': 'empty', 'sec-fetch-mode': 'cors', 'sec-fetch-site': 'same-origin', 'origin': 'http://localhost:5173', 'sec-ch-ua-mobile': '?0', 'content-type': 'application/json', 'sec-ch-ua': '"Chromium";v="146", "Not-A.Brand";v="24", "Google Chrome";v="146"', 'accept': 'application/json, text/plain, */*', 'user-agent': 'Mozilla/5.0 (Macintosh; Intel Mac OS X 10_15_7) AppleWebKit/537.36 (KHTML, like Gecko) Chrome/146.0.0.0 Safari/537.36', 'authorization': 'Bearer', 'sec-ch-ua-platform': '"macOS"', 'content-length': '45', 'connection': 'close', 'host': 'localhost:8000'})
 b'{"username":"auditor_01","password":"123456"}'
[2026-04-08 18:17:20,632] INFO 31a1135d-3f7d-4be7-9c7e-db69caa3e5d6 Response Log 0.22214603424072266s MutableHeaders({'content-length': '213', 'content-type': 'application/json', 'x-response-time': '0.22214603424072266'})
 {"code":200,"data":{"id":3,"token":"eyJhbGciOiJIUzI1NiIsInR5cCI6IkpXVCJ9.eyJzdWIiOiJhdWRpdG9yXzAxIiwiZXhwIjoxNzc2MjQ4MjQwfQ.IWMbFDx6Amruk5aZP8WcE2gNXmBMgpq-Z6vLtI0k82k","token_type":"Bearer"},"msg":"请求成功"}
[2026-04-08 18:17:20,638] INFO 3e7b0f8f-8d46-4079-ae7f-c463d94626ce Request Log Address(host='127.0.0.1', port=50056) GET http://localhost:8000/api/system/user/3 Headers({'accept-language': 'en-US,en;q=0.9,zh-CN;q=0.8,zh;q=0.7', 'accept-encoding': 'gzip, deflate, br, zstd', 'referer': 'http://localhost:5173/login', 'sec-fetch-dest': 'empty', 'sec-fetch-mode': 'cors', 'sec-fetch-site': 'same-origin', 'sec-ch-ua-mobile': '?0', 'sec-ch-ua': '"Chromium";v="146", "Not-A.Brand";v="24", "Google Chrome";v="146"', 'accept': 'application/json, text/plain, */*', 'user-agent': 'Mozilla/5.0 (Macintosh; Intel Mac OS X 10_15_7) AppleWebKit/537.36 (KHTML, like Gecko) Chrome/146.0.0.0 Safari/537.36', 'authorization': 'Bearer eyJhbGciOiJIUzI1NiIsInR5cCI6IkpXVCJ9.eyJzdWIiOiJhdWRpdG9yXzAxIiwiZXhwIjoxNzc2MjQ4MjQwfQ.IWMbFDx6Amruk5aZP8WcE2gNXmBMgpq-Z6vLtI0k82k', 'sec-ch-ua-platform': '"macOS"', 'connection': 'close', 'host': 'localhost:8000'})
 b''
[2026-04-08 18:17:20,641] INFO 3e7b0f8f-8d46-4079-ae7f-c463d94626ce Response Log 0.0027189254760742188s MutableHeaders({'content-length': '236', 'content-type': 'application/json', 'x-response-time': '0.0027189254760742188'})
 {"code":200,"data":{"id":3,"status":1,"created":"2026-04-08T09:38:01.587305Z","modified":"2026-04-08T09:38:01.587305Z","username":"auditor_01","nickname":"审核员1","roles":[{"id":3,"name":"auditor","status":5}]},"msg":"请求成功"}
[2026-04-08 18:17:20,647] INFO cba31965-89fa-4b8f-b10a-1d86f8a70c20 Request Log Address(host='127.0.0.1', port=50061) GET http://localhost:8000/api/system/role/3/menu Headers({'accept-language': 'en-US,en;q=0.9,zh-CN;q=0.8,zh;q=0.7', 'accept-encoding': 'gzip, deflate, br, zstd', 'referer': 'http://localhost:5173/login', 'sec-fetch-dest': 'empty', 'sec-fetch-mode': 'cors', 'sec-fetch-site': 'same-origin', 'sec-ch-ua-mobile': '?0', 'sec-ch-ua': '"Chromium";v="146", "Not-A.Brand";v="24", "Google Chrome";v="146"', 'accept': 'application/json, text/plain, */*', 'user-agent': 'Mozilla/5.0 (Macintosh; Intel Mac OS X 10_15_7) AppleWebKit/537.36 (KHTML, like Gecko) Chrome/146.0.0.0 Safari/537.36', 'authorization': 'Bearer eyJhbGciOiJIUzI1NiIsInR5cCI6IkpXVCJ9.eyJzdWIiOiJhdWRpdG9yXzAxIiwiZXhwIjoxNzc2MjQ4MjQwfQ.IWMbFDx6Amruk5aZP8WcE2gNXmBMgpq-Z6vLtI0k82k', 'sec-ch-ua-platform': '"macOS"', 'connection': 'close', 'host': 'localhost:8000'})
 b''
[2026-04-08 18:17:20,648] INFO cba31965-89fa-4b8f-b10a-1d86f8a70c20 Response Log 0.0014929771423339844s MutableHeaders({'content-length': '772', 'content-type': 'application/json', 'x-response-time': '0.0014929771423339844'})
 {"code":200,"data":[{"id":10,"name":"审核中心","icon":"AuditOutlined","path":"/main/audit","type":0,"component":null,"pid":0,"identifier":null,"api":null,"method":null,"children":[{"id":11,"name":"规则库","icon":"DatabaseOutlined","path":"/main/audit/rules","type":1,"component":"audit/rules","pid":10,"identifier":null,"api":"/api/audit/rules","method":"GET"},{"id":12,"name":"规则检索","icon":"SearchOutlined","path":"/main/audit/search","type":1,"component":"audit/search","pid":10,"identifier":null,"api":"/api/audit/search","method":"POST"},{"id":13,"name":"合规判定","icon":"CheckCircleOutlined","path":"/main/audit/judge","type":1,"component":"audit/judge","pid":10,"identifier":null,"api":"/api/audit/judge","method":"POST"}]}],"msg":"请求成功"}
[2026-04-08 18:17:52,058] INFO 2f5d2f10-0623-43d6-a706-9872f0f6387c Request Log Address(host='127.0.0.1', port=50168) POST http://localhost:8000/api/system/login Headers({'accept-language': 'en-US,en;q=0.9,zh-CN;q=0.8,zh;q=0.7', 'accept-encoding': 'gzip, deflate, br, zstd', 'referer': 'http://localhost:5173/login', 'sec-fetch-dest': 'empty', 'sec-fetch-mode': 'cors', 'sec-fetch-site': 'same-origin', 'origin': 'http://localhost:5173', 'sec-ch-ua-mobile': '?0', 'content-type': 'application/json', 'sec-ch-ua': '"Chromium";v="146", "Not-A.Brand";v="24", "Google Chrome";v="146"', 'accept': 'application/json, text/plain, */*', 'user-agent': 'Mozilla/5.0 (Macintosh; Intel Mac OS X 10_15_7) AppleWebKit/537.36 (KHTML, like Gecko) Chrome/146.0.0.0 Safari/537.36', 'authorization': 'Bearer', 'sec-ch-ua-platform': '"macOS"', 'content-length': '44', 'connection': 'close', 'host': 'localhost:8000'})
 b'{"username":"viewer_01","password":"123456"}'
[2026-04-08 18:17:52,279] INFO 2f5d2f10-0623-43d6-a706-9872f0f6387c Response Log 0.22063684463500977s MutableHeaders({'content-length': '211', 'content-type': 'application/json', 'x-response-time': '0.22063684463500977'})
 {"code":200,"data":{"id":4,"token":"eyJhbGciOiJIUzI1NiIsInR5cCI6IkpXVCJ9.eyJzdWIiOiJ2aWV3ZXJfMDEiLCJleHAiOjE3NzYyNDgyNzJ9.yueipsVhiy22qwqccDkndcx5MMSNaxu3t05Ez3OlZjo","token_type":"Bearer"},"msg":"请求成功"}
[2026-04-08 18:17:52,284] INFO 61ffad15-680d-4831-b622-160e27728bd3 Request Log Address(host='127.0.0.1', port=50172) GET http://localhost:8000/api/system/user/4 Headers({'accept-language': 'en-US,en;q=0.9,zh-CN;q=0.8,zh;q=0.7', 'accept-encoding': 'gzip, deflate, br, zstd', 'referer': 'http://localhost:5173/login', 'sec-fetch-dest': 'empty', 'sec-fetch-mode': 'cors', 'sec-fetch-site': 'same-origin', 'sec-ch-ua-mobile': '?0', 'sec-ch-ua': '"Chromium";v="146", "Not-A.Brand";v="24", "Google Chrome";v="146"', 'accept': 'application/json, text/plain, */*', 'user-agent': 'Mozilla/5.0 (Macintosh; Intel Mac OS X 10_15_7) AppleWebKit/537.36 (KHTML, like Gecko) Chrome/146.0.0.0 Safari/537.36', 'authorization': 'Bearer eyJhbGciOiJIUzI1NiIsInR5cCI6IkpXVCJ9.eyJzdWIiOiJ2aWV3ZXJfMDEiLCJleHAiOjE3NzYyNDgyNzJ9.yueipsVhiy22qwqccDkndcx5MMSNaxu3t05Ez3OlZjo', 'sec-ch-ua-platform': '"macOS"', 'connection': 'close', 'host': 'localhost:8000'})
 b''
[2026-04-08 18:17:52,286] INFO 61ffad15-680d-4831-b622-160e27728bd3 Response Log 0.0014939308166503906s MutableHeaders({'content-length': '234', 'content-type': 'application/json', 'x-response-time': '0.0014939308166503906'})
 {"code":200,"data":{"id":4,"status":1,"created":"2026-04-08T09:39:23.606547Z","modified":"2026-04-08T09:39:23.606547Z","username":"viewer_01","nickname":"查看员1","roles":[{"id":4,"name":"viewer","status":5}]},"msg":"请求成功"}
[2026-04-08 18:17:52,291] INFO cfd65de8-1a19-4646-839b-10efeed3e084 Request Log Address(host='127.0.0.1', port=50175) GET http://localhost:8000/api/system/role/4/menu Headers({'accept-language': 'en-US,en;q=0.9,zh-CN;q=0.8,zh;q=0.7', 'accept-encoding': 'gzip, deflate, br, zstd', 'referer': 'http://localhost:5173/login', 'sec-fetch-dest': 'empty', 'sec-fetch-mode': 'cors', 'sec-fetch-site': 'same-origin', 'sec-ch-ua-mobile': '?0', 'sec-ch-ua': '"Chromium";v="146", "Not-A.Brand";v="24", "Google Chrome";v="146"', 'accept': 'application/json, text/plain, */*', 'user-agent': 'Mozilla/5.0 (Macintosh; Intel Mac OS X 10_15_7) AppleWebKit/537.36 (KHTML, like Gecko) Chrome/146.0.0.0 Safari/537.36', 'authorization': 'Bearer eyJhbGciOiJIUzI1NiIsInR5cCI6IkpXVCJ9.eyJzdWIiOiJ2aWV3ZXJfMDEiLCJleHAiOjE3NzYyNDgyNzJ9.yueipsVhiy22qwqccDkndcx5MMSNaxu3t05Ez3OlZjo', 'sec-ch-ua-platform': '"macOS"', 'connection': 'close', 'host': 'localhost:8000'})
 b''
[2026-04-08 18:17:52,292] INFO cfd65de8-1a19-4646-839b-10efeed3e084 Response Log 0.0006530284881591797s MutableHeaders({'content-length': '581', 'content-type': 'application/json', 'x-response-time': '0.0006530284881591797'})
 {"code":200,"data":[{"id":10,"name":"审核中心","icon":"AuditOutlined","path":"/main/audit","type":0,"component":null,"pid":0,"identifier":null,"api":null,"method":null,"children":[{"id":11,"name":"规则库","icon":"DatabaseOutlined","path":"/main/audit/rules","type":1,"component":"audit/rules","pid":10,"identifier":null,"api":"/api/audit/rules","method":"GET"},{"id":12,"name":"规则检索","icon":"SearchOutlined","path":"/main/audit/search","type":1,"component":"audit/search","pid":10,"identifier":null,"api":"/api/audit/search","method":"POST"}]}],"msg":"请求成功"}
[2026-04-08 18:18:09,257] INFO 9613835f-dae7-43a4-a586-e3c4f856ae8b Request Log Address(host='127.0.0.1', port=50235) POST http://localhost:8000/api/system/login Headers({'accept-language': 'en-US,en;q=0.9,zh-CN;q=0.8,zh;q=0.7', 'accept-encoding': 'gzip, deflate, br, zstd', 'referer': 'http://localhost:5173/login', 'sec-fetch-dest': 'empty', 'sec-fetch-mode': 'cors', 'sec-fetch-site': 'same-origin', 'origin': 'http://localhost:5173', 'sec-ch-ua-mobile': '?0', 'content-type': 'application/json', 'sec-ch-ua': '"Chromium";v="146", "Not-A.Brand";v="24", "Google Chrome";v="146"', 'accept': 'application/json, text/plain, */*', 'user-agent': 'Mozilla/5.0 (Macintosh; Intel Mac OS X 10_15_7) AppleWebKit/537.36 (KHTML, like Gecko) Chrome/146.0.0.0 Safari/537.36', 'authorization': 'Bearer', 'sec-ch-ua-platform': '"macOS"', 'content-length': '47', 'connection': 'close', 'host': 'localhost:8000'})
 b'{"username":"system_admin","password":"123456"}'
[2026-04-08 18:18:09,487] INFO 9613835f-dae7-43a4-a586-e3c4f856ae8b Response Log 0.23017668724060059s MutableHeaders({'content-length': '215', 'content-type': 'application/json', 'x-response-time': '0.23017668724060059'})
 {"code":200,"data":{"id":2,"token":"eyJhbGciOiJIUzI1NiIsInR5cCI6IkpXVCJ9.eyJzdWIiOiJzeXN0ZW1fYWRtaW4iLCJleHAiOjE3NzYyNDgyODl9.zC2qCeWb4XqdIqlzZc3u0n2cq11C5M30p-mKbBSVkxM","token_type":"Bearer"},"msg":"请求成功"}
[2026-04-08 18:18:09,492] INFO ed99a8e4-97c9-489b-87dc-3daf57818420 Request Log Address(host='127.0.0.1', port=50238) GET http://localhost:8000/api/system/user/2 Headers({'accept-language': 'en-US,en;q=0.9,zh-CN;q=0.8,zh;q=0.7', 'accept-encoding': 'gzip, deflate, br, zstd', 'referer': 'http://localhost:5173/login', 'sec-fetch-dest': 'empty', 'sec-fetch-mode': 'cors', 'sec-fetch-site': 'same-origin', 'sec-ch-ua-mobile': '?0', 'sec-ch-ua': '"Chromium";v="146", "Not-A.Brand";v="24", "Google Chrome";v="146"', 'accept': 'application/json, text/plain, */*', 'user-agent': 'Mozilla/5.0 (Macintosh; Intel Mac OS X 10_15_7) AppleWebKit/537.36 (KHTML, like Gecko) Chrome/146.0.0.0 Safari/537.36', 'authorization': 'Bearer eyJhbGciOiJIUzI1NiIsInR5cCI6IkpXVCJ9.eyJzdWIiOiJzeXN0ZW1fYWRtaW4iLCJleHAiOjE3NzYyNDgyODl9.zC2qCeWb4XqdIqlzZc3u0n2cq11C5M30p-mKbBSVkxM', 'sec-ch-ua-platform': '"macOS"', 'connection': 'close', 'host': 'localhost:8000'})
 b''
[2026-04-08 18:18:09,494] INFO ed99a8e4-97c9-489b-87dc-3daf57818420 Response Log 0.001990795135498047s MutableHeaders({'content-length': '248', 'content-type': 'application/json', 'x-response-time': '0.001990795135498047'})
 {"code":200,"data":{"id":2,"status":1,"created":"2026-04-08T09:38:01.587305Z","modified":"2026-04-08T09:38:01.587305Z","username":"system_admin","nickname":"系统管理员","roles":[{"id":2,"name":"system_admin","status":5}]},"msg":"请求成功"}
[2026-04-08 18:18:09,499] INFO 5b7d1077-a0a2-46a4-a58b-0b9debac08fc Request Log Address(host='127.0.0.1', port=50241) GET http://localhost:8000/api/system/role/2/menu Headers({'accept-language': 'en-US,en;q=0.9,zh-CN;q=0.8,zh;q=0.7', 'accept-encoding': 'gzip, deflate, br, zstd', 'referer': 'http://localhost:5173/login', 'sec-fetch-dest': 'empty', 'sec-fetch-mode': 'cors', 'sec-fetch-site': 'same-origin', 'sec-ch-ua-mobile': '?0', 'sec-ch-ua': '"Chromium";v="146", "Not-A.Brand";v="24", "Google Chrome";v="146"', 'accept': 'application/json, text/plain, */*', 'user-agent': 'Mozilla/5.0 (Macintosh; Intel Mac OS X 10_15_7) AppleWebKit/537.36 (KHTML, like Gecko) Chrome/146.0.0.0 Safari/537.36', 'authorization': 'Bearer eyJhbGciOiJIUzI1NiIsInR5cCI6IkpXVCJ9.eyJzdWIiOiJzeXN0ZW1fYWRtaW4iLCJleHAiOjE3NzYyNDgyODl9.zC2qCeWb4XqdIqlzZc3u0n2cq11C5M30p-mKbBSVkxM', 'sec-ch-ua-platform': '"macOS"', 'connection': 'close', 'host': 'localhost:8000'})
 b''
[2026-04-08 18:18:09,500] INFO 5b7d1077-a0a2-46a4-a58b-0b9debac08fc Response Log 0.0007748603820800781s MutableHeaders({'content-length': '747', 'content-type': 'application/json', 'x-response-time': '0.0007748603820800781'})
 {"code":200,"data":[{"id":1,"name":"系统管理","icon":"SettingOutlined","path":"/main/system","type":0,"component":null,"pid":0,"identifier":null,"api":null,"method":null,"children":[{"id":2,"name":"用户管理","icon":"UserOutlined","path":"/main/system/user","type":1,"component":"user/user","pid":1,"identifier":null,"api":"/api/system/user","method":"GET"},{"id":3,"name":"角色管理","icon":"TeamOutlined","path":"/main/system/role","type":1,"component":"role/role","pid":1,"identifier":null,"api":"/api/system/role","method":"GET"},{"id":4,"name":"菜单管理","icon":"MenuOutlined","path":"/main/system/menu","type":1,"component":"menu/menu","pid":1,"identifier":null,"api":"/api/system/menu","method":"GET"}]}],"msg":"请求成功"}
[2026-04-08 18:18:09,531] INFO 70d25cd6-923f-4f44-b2fa-e5f8790615bc Request Log Address(host='127.0.0.1', port=50246) GET http://localhost:8000/api/system/user?offset=1&limit=5 Headers({'accept-language': 'en-US,en;q=0.9,zh-CN;q=0.8,zh;q=0.7', 'accept-encoding': 'gzip, deflate, br, zstd', 'referer': 'http://localhost:5173/main/system/user', 'sec-fetch-dest': 'empty', 'sec-fetch-mode': 'cors', 'sec-fetch-site': 'same-origin', 'sec-ch-ua-mobile': '?0', 'sec-ch-ua': '"Chromium";v="146", "Not-A.Brand";v="24", "Google Chrome";v="146"', 'accept': 'application/json, text/plain, */*', 'user-agent': 'Mozilla/5.0 (Macintosh; Intel Mac OS X 10_15_7) AppleWebKit/537.36 (KHTML, like Gecko) Chrome/146.0.0.0 Safari/537.36', 'authorization': 'Bearer eyJhbGciOiJIUzI1NiIsInR5cCI6IkpXVCJ9.eyJzdWIiOiJzeXN0ZW1fYWRtaW4iLCJleHAiOjE3NzYyNDgyODl9.zC2qCeWb4XqdIqlzZc3u0n2cq11C5M30p-mKbBSVkxM', 'sec-ch-ua-platform': '"macOS"', 'connection': 'close', 'host': 'localhost:8000'})
 b''
[2026-04-08 18:18:09,534] INFO 70d25cd6-923f-4f44-b2fa-e5f8790615bc Response Log 0.0035228729248046875s MutableHeaders({'content-length': '670', 'content-type': 'application/json', 'x-response-time': '0.0035228729248046875'})
 {"code":200,"data":{"total":4,"items":[{"id":4,"status":1,"created":"2026-04-08T09:39:23.606547Z","modified":"2026-04-08T09:39:23.606547Z","username":"viewer_01","nickname":"查看员1"},{"id":2,"status":1,"created":"2026-04-08T09:38:01.587305Z","modified":"2026-04-08T09:38:01.587305Z","username":"system_admin","nickname":"系统管理员"},{"id":3,"status":1,"created":"2026-04-08T09:38:01.587305Z","modified":"2026-04-08T09:38:01.587305Z","username":"auditor_01","nickname":"审核员1"},{"id":1,"status":1,"created":"2026-04-08T08:37:44.993827Z","modified":"2026-04-08T09:37:25.117382Z","username":"super_admin","nickname":"超级管理员"}]},"msg":"请求成功"}
[2026-04-08 18:18:14,089] INFO 1e9aa37b-5ce0-4134-b028-feeafbd313e0 Request Log Address(host='127.0.0.1', port=50267) GET http://localhost:8000/api/system/role?offset=1&limit=5 Headers({'accept-language': 'en-US,en;q=0.9,zh-CN;q=0.8,zh;q=0.7', 'accept-encoding': 'gzip, deflate, br, zstd', 'referer': 'http://localhost:5173/main/system/role', 'sec-fetch-dest': 'empty', 'sec-fetch-mode': 'cors', 'sec-fetch-site': 'same-origin', 'sec-ch-ua-mobile': '?0', 'sec-ch-ua': '"Chromium";v="146", "Not-A.Brand";v="24", "Google Chrome";v="146"', 'accept': 'application/json, text/plain, */*', 'user-agent': 'Mozilla/5.0 (Macintosh; Intel Mac OS X 10_15_7) AppleWebKit/537.36 (KHTML, like Gecko) Chrome/146.0.0.0 Safari/537.36', 'authorization': 'Bearer eyJhbGciOiJIUzI1NiIsInR5cCI6IkpXVCJ9.eyJzdWIiOiJzeXN0ZW1fYWRtaW4iLCJleHAiOjE3NzYyNDgyODl9.zC2qCeWb4XqdIqlzZc3u0n2cq11C5M30p-mKbBSVkxM', 'sec-ch-ua-platform': '"macOS"', 'connection': 'close', 'host': 'localhost:8000'})
 b''
[2026-04-08 18:18:14,092] INFO 1e9aa37b-5ce0-4134-b028-feeafbd313e0 Response Log 0.002468109130859375s MutableHeaders({'content-length': '638', 'content-type': 'application/json', 'x-response-time': '0.002468109130859375'})
 {"code":200,"data":{"total":4,"items":[{"id":3,"status":1,"created":"2026-04-08T09:06:09.299353Z","modified":"2026-04-08T09:06:09.299353Z","name":"auditor","remark":"审核员"},{"id":4,"status":1,"created":"2026-04-08T09:06:09.299353Z","modified":"2026-04-08T09:06:09.299353Z","name":"viewer","remark":"查看员"},{"id":2,"status":1,"created":"2026-04-08T09:06:09.299353Z","modified":"2026-04-08T09:27:14.388720Z","name":"system_admin","remark":"系统管理员"},{"id":1,"status":1,"created":"2026-04-08T08:37:44.993827Z","modified":"2026-04-08T09:23:42.398415Z","name":"super_admin","remark":"超级管理员"}]},"msg":"请求成功"}
[2026-04-08 18:18:15,007] INFO 45e37f76-0abc-455a-97f8-3a7b34acff0d Request Log Address(host='127.0.0.1', port=50271) GET http://localhost:8000/api/system/menu Headers({'accept-language': 'en-US,en;q=0.9,zh-CN;q=0.8,zh;q=0.7', 'accept-encoding': 'gzip, deflate, br, zstd', 'referer': 'http://localhost:5173/main/system/menu', 'sec-fetch-dest': 'empty', 'sec-fetch-mode': 'cors', 'sec-fetch-site': 'same-origin', 'sec-ch-ua-mobile': '?0', 'sec-ch-ua': '"Chromium";v="146", "Not-A.Brand";v="24", "Google Chrome";v="146"', 'accept': 'application/json, text/plain, */*', 'user-agent': 'Mozilla/5.0 (Macintosh; Intel Mac OS X 10_15_7) AppleWebKit/537.36 (KHTML, like Gecko) Chrome/146.0.0.0 Safari/537.36', 'authorization': 'Bearer eyJhbGciOiJIUzI1NiIsInR5cCI6IkpXVCJ9.eyJzdWIiOiJzeXN0ZW1fYWRtaW4iLCJleHAiOjE3NzYyNDgyODl9.zC2qCeWb4XqdIqlzZc3u0n2cq11C5M30p-mKbBSVkxM', 'sec-ch-ua-platform': '"macOS"', 'connection': 'close', 'host': 'localhost:8000'})
 b''
[2026-04-08 18:18:15,008] INFO 45e37f76-0abc-455a-97f8-3a7b34acff0d Response Log 0.0012841224670410156s MutableHeaders({'content-length': '2213', 'content-type': 'application/json', 'x-response-time': '0.0012841224670410156'})
 {"code":200,"data":[{"id":1,"status":1,"created":"2026-04-08T08:37:44.993827Z","modified":"2026-04-08T08:37:44.993827Z","name":"系统管理","icon":"SettingOutlined","path":"/main/system","type":0,"component":null,"pid":0,"identifier":null,"api":null,"method":null,"children":[{"id":2,"status":1,"created":"2026-04-08T08:37:44.993827Z","modified":"2026-04-08T08:37:44.993827Z","name":"用户管理","icon":"UserOutlined","path":"/main/system/user","type":1,"component":"user/user","pid":1,"identifier":null,"api":"/api/system/user","method":"GET"},{"id":3,"status":1,"created":"2026-04-08T08:37:44.993827Z","modified":"2026-04-08T08:37:44.993827Z","name":"角色管理","icon":"TeamOutlined","path":"/main/system/role","type":1,"component":"role/role","pid":1,"identifier":null,"api":"/api/system/role","method":"GET"},{"id":4,"status":1,"created":"2026-04-08T08:37:44.993827Z","modified":"2026-04-08T08:37:44.993827Z","name":"菜单管理","icon":"MenuOutlined","path":"/main/system/menu","type":1,"component":"menu/menu","pid":1,"identifier":null,"api":"/api/system/menu","method":"GET"}]},{"id":10,"status":1,"created":"2026-04-08T08:37:44.993827Z","modified":"2026-04-08T08:37:44.993827Z","name":"审核中心","icon":"AuditOutlined","path":"/main/audit","type":0,"component":null,"pid":0,"identifier":null,"api":null,"method":null,"children":[{"id":11,"status":1,"created":"2026-04-08T08:37:44.993827Z","modified":"2026-04-08T08:37:44.993827Z","name":"规则库","icon":"DatabaseOutlined","path":"/main/audit/rules","type":1,"component":"audit/rules","pid":10,"identifier":null,"api":"/api/audit/rules","method":"GET"},{"id":12,"status":1,"created":"2026-04-08T08:37:44.993827Z","modified":"2026-04-08T08:37:44.993827Z","name":"规则检索","icon":"SearchOutlined","path":"/main/audit/search","type":1,"component":"audit/search","pid":10,"identifier":null,"api":"/api/audit/search","method":"POST"},{"id":13,"status":1,"created":"2026-04-08T08:37:44.993827Z","modified":"2026-04-08T08:37:44.993827Z","name":"合规判定","icon":"CheckCircleOutlined","path":"/main/audit/judge","type":1,"component":"audit/judge","pid":10,"identifier":null,"api":"/api/audit/judge","method":"POST"}]}],"msg":"请求成功"}
[2026-04-08 18:18:16,135] INFO f2db3cd9-4c98-4dd4-8e19-02fc03d5b153 Request Log Address(host='127.0.0.1', port=50277) GET http://localhost:8000/api/system/role?offset=1&limit=5 Headers({'accept-language': 'en-US,en;q=0.9,zh-CN;q=0.8,zh;q=0.7', 'accept-encoding': 'gzip, deflate, br, zstd', 'referer': 'http://localhost:5173/main/system/role', 'sec-fetch-dest': 'empty', 'sec-fetch-mode': 'cors', 'sec-fetch-site': 'same-origin', 'sec-ch-ua-mobile': '?0', 'sec-ch-ua': '"Chromium";v="146", "Not-A.Brand";v="24", "Google Chrome";v="146"', 'accept': 'application/json, text/plain, */*', 'user-agent': 'Mozilla/5.0 (Macintosh; Intel Mac OS X 10_15_7) AppleWebKit/537.36 (KHTML, like Gecko) Chrome/146.0.0.0 Safari/537.36', 'authorization': 'Bearer eyJhbGciOiJIUzI1NiIsInR5cCI6IkpXVCJ9.eyJzdWIiOiJzeXN0ZW1fYWRtaW4iLCJleHAiOjE3NzYyNDgyODl9.zC2qCeWb4XqdIqlzZc3u0n2cq11C5M30p-mKbBSVkxM', 'sec-ch-ua-platform': '"macOS"', 'connection': 'close', 'host': 'localhost:8000'})
 b''
[2026-04-08 18:18:16,139] INFO f2db3cd9-4c98-4dd4-8e19-02fc03d5b153 Response Log 0.0034160614013671875s MutableHeaders({'content-length': '638', 'content-type': 'application/json', 'x-response-time': '0.0034160614013671875'})
 {"code":200,"data":{"total":4,"items":[{"id":3,"status":1,"created":"2026-04-08T09:06:09.299353Z","modified":"2026-04-08T09:06:09.299353Z","name":"auditor","remark":"审核员"},{"id":4,"status":1,"created":"2026-04-08T09:06:09.299353Z","modified":"2026-04-08T09:06:09.299353Z","name":"viewer","remark":"查看员"},{"id":2,"status":1,"created":"2026-04-08T09:06:09.299353Z","modified":"2026-04-08T09:27:14.388720Z","name":"system_admin","remark":"系统管理员"},{"id":1,"status":1,"created":"2026-04-08T08:37:44.993827Z","modified":"2026-04-08T09:23:42.398415Z","name":"super_admin","remark":"超级管理员"}]},"msg":"请求成功"}
[2026-04-08 18:18:17,399] INFO 5ca38c64-74de-4456-9a76-091ab11a332c Request Log Address(host='127.0.0.1', port=50282) GET http://localhost:8000/api/system/user?offset=1&limit=5 Headers({'accept-language': 'en-US,en;q=0.9,zh-CN;q=0.8,zh;q=0.7', 'accept-encoding': 'gzip, deflate, br, zstd', 'referer': 'http://localhost:5173/main/system/user', 'sec-fetch-dest': 'empty', 'sec-fetch-mode': 'cors', 'sec-fetch-site': 'same-origin', 'sec-ch-ua-mobile': '?0', 'sec-ch-ua': '"Chromium";v="146", "Not-A.Brand";v="24", "Google Chrome";v="146"', 'accept': 'application/json, text/plain, */*', 'user-agent': 'Mozilla/5.0 (Macintosh; Intel Mac OS X 10_15_7) AppleWebKit/537.36 (KHTML, like Gecko) Chrome/146.0.0.0 Safari/537.36', 'authorization': 'Bearer eyJhbGciOiJIUzI1NiIsInR5cCI6IkpXVCJ9.eyJzdWIiOiJzeXN0ZW1fYWRtaW4iLCJleHAiOjE3NzYyNDgyODl9.zC2qCeWb4XqdIqlzZc3u0n2cq11C5M30p-mKbBSVkxM', 'sec-ch-ua-platform': '"macOS"', 'connection': 'close', 'host': 'localhost:8000'})
 b''
[2026-04-08 18:18:17,401] INFO 5ca38c64-74de-4456-9a76-091ab11a332c Response Log 0.0024271011352539062s MutableHeaders({'content-length': '670', 'content-type': 'application/json', 'x-response-time': '0.0024271011352539062'})
 {"code":200,"data":{"total":4,"items":[{"id":4,"status":1,"created":"2026-04-08T09:39:23.606547Z","modified":"2026-04-08T09:39:23.606547Z","username":"viewer_01","nickname":"查看员1"},{"id":2,"status":1,"created":"2026-04-08T09:38:01.587305Z","modified":"2026-04-08T09:38:01.587305Z","username":"system_admin","nickname":"系统管理员"},{"id":3,"status":1,"created":"2026-04-08T09:38:01.587305Z","modified":"2026-04-08T09:38:01.587305Z","username":"auditor_01","nickname":"审核员1"},{"id":1,"status":1,"created":"2026-04-08T08:37:44.993827Z","modified":"2026-04-08T09:37:25.117382Z","username":"super_admin","nickname":"超级管理员"}]},"msg":"请求成功"}
[2026-04-08 18:18:18,382] INFO 14cc477e-0f8a-485a-96ea-82289bafb1e6 Request Log Address(host='127.0.0.1', port=50287) GET http://localhost:8000/api/system/role?offset=1&limit=5 Headers({'accept-language': 'en-US,en;q=0.9,zh-CN;q=0.8,zh;q=0.7', 'accept-encoding': 'gzip, deflate, br, zstd', 'referer': 'http://localhost:5173/main/system/role', 'sec-fetch-dest': 'empty', 'sec-fetch-mode': 'cors', 'sec-fetch-site': 'same-origin', 'sec-ch-ua-mobile': '?0', 'sec-ch-ua': '"Chromium";v="146", "Not-A.Brand";v="24", "Google Chrome";v="146"', 'accept': 'application/json, text/plain, */*', 'user-agent': 'Mozilla/5.0 (Macintosh; Intel Mac OS X 10_15_7) AppleWebKit/537.36 (KHTML, like Gecko) Chrome/146.0.0.0 Safari/537.36', 'authorization': 'Bearer eyJhbGciOiJIUzI1NiIsInR5cCI6IkpXVCJ9.eyJzdWIiOiJzeXN0ZW1fYWRtaW4iLCJleHAiOjE3NzYyNDgyODl9.zC2qCeWb4XqdIqlzZc3u0n2cq11C5M30p-mKbBSVkxM', 'sec-ch-ua-platform': '"macOS"', 'connection': 'close', 'host': 'localhost:8000'})
 b''
[2026-04-08 18:18:18,384] INFO 14cc477e-0f8a-485a-96ea-82289bafb1e6 Response Log 0.001844167709350586s MutableHeaders({'content-length': '638', 'content-type': 'application/json', 'x-response-time': '0.001844167709350586'})
 {"code":200,"data":{"total":4,"items":[{"id":3,"status":1,"created":"2026-04-08T09:06:09.299353Z","modified":"2026-04-08T09:06:09.299353Z","name":"auditor","remark":"审核员"},{"id":4,"status":1,"created":"2026-04-08T09:06:09.299353Z","modified":"2026-04-08T09:06:09.299353Z","name":"viewer","remark":"查看员"},{"id":2,"status":1,"created":"2026-04-08T09:06:09.299353Z","modified":"2026-04-08T09:27:14.388720Z","name":"system_admin","remark":"系统管理员"},{"id":1,"status":1,"created":"2026-04-08T08:37:44.993827Z","modified":"2026-04-08T09:23:42.398415Z","name":"super_admin","remark":"超级管理员"}]},"msg":"请求成功"}
[2026-04-08 18:18:19,063] INFO 93809a5d-5dd8-42c4-8b3b-d866ce3e42be Request Log Address(host='127.0.0.1', port=50291) GET http://localhost:8000/api/system/user?offset=1&limit=5 Headers({'accept-language': 'en-US,en;q=0.9,zh-CN;q=0.8,zh;q=0.7', 'accept-encoding': 'gzip, deflate, br, zstd', 'referer': 'http://localhost:5173/main/system/user', 'sec-fetch-dest': 'empty', 'sec-fetch-mode': 'cors', 'sec-fetch-site': 'same-origin', 'sec-ch-ua-mobile': '?0', 'sec-ch-ua': '"Chromium";v="146", "Not-A.Brand";v="24", "Google Chrome";v="146"', 'accept': 'application/json, text/plain, */*', 'user-agent': 'Mozilla/5.0 (Macintosh; Intel Mac OS X 10_15_7) AppleWebKit/537.36 (KHTML, like Gecko) Chrome/146.0.0.0 Safari/537.36', 'authorization': 'Bearer eyJhbGciOiJIUzI1NiIsInR5cCI6IkpXVCJ9.eyJzdWIiOiJzeXN0ZW1fYWRtaW4iLCJleHAiOjE3NzYyNDgyODl9.zC2qCeWb4XqdIqlzZc3u0n2cq11C5M30p-mKbBSVkxM', 'sec-ch-ua-platform': '"macOS"', 'connection': 'close', 'host': 'localhost:8000'})
 b''
[2026-04-08 18:18:19,064] INFO 93809a5d-5dd8-42c4-8b3b-d866ce3e42be Response Log 0.0018110275268554688s MutableHeaders({'content-length': '670', 'content-type': 'application/json', 'x-response-time': '0.0018110275268554688'})
 {"code":200,"data":{"total":4,"items":[{"id":4,"status":1,"created":"2026-04-08T09:39:23.606547Z","modified":"2026-04-08T09:39:23.606547Z","username":"viewer_01","nickname":"查看员1"},{"id":2,"status":1,"created":"2026-04-08T09:38:01.587305Z","modified":"2026-04-08T09:38:01.587305Z","username":"system_admin","nickname":"系统管理员"},{"id":3,"status":1,"created":"2026-04-08T09:38:01.587305Z","modified":"2026-04-08T09:38:01.587305Z","username":"auditor_01","nickname":"审核员1"},{"id":1,"status":1,"created":"2026-04-08T08:37:44.993827Z","modified":"2026-04-08T09:37:25.117382Z","username":"super_admin","nickname":"超级管理员"}]},"msg":"请求成功"}
[2026-04-08 18:18:25,526] INFO e25ee459-88e9-4cf9-ab27-dcfa59ba7fba Request Log Address(host='127.0.0.1', port=50307) POST http://localhost:8000/api/system/login Headers({'accept-language': 'en-US,en;q=0.9,zh-CN;q=0.8,zh;q=0.7', 'accept-encoding': 'gzip, deflate, br, zstd', 'referer': 'http://localhost:5173/login', 'sec-fetch-dest': 'empty', 'sec-fetch-mode': 'cors', 'sec-fetch-site': 'same-origin', 'origin': 'http://localhost:5173', 'sec-ch-ua-mobile': '?0', 'content-type': 'application/json', 'sec-ch-ua': '"Chromium";v="146", "Not-A.Brand";v="24", "Google Chrome";v="146"', 'accept': 'application/json, text/plain, */*', 'user-agent': 'Mozilla/5.0 (Macintosh; Intel Mac OS X 10_15_7) AppleWebKit/537.36 (KHTML, like Gecko) Chrome/146.0.0.0 Safari/537.36', 'authorization': 'Bearer', 'sec-ch-ua-platform': '"macOS"', 'content-length': '46', 'connection': 'close', 'host': 'localhost:8000'})
 b'{"username":"super_admin","password":"123456"}'
[2026-04-08 18:18:25,744] INFO e25ee459-88e9-4cf9-ab27-dcfa59ba7fba Response Log 0.217864990234375s MutableHeaders({'content-length': '214', 'content-type': 'application/json', 'x-response-time': '0.217864990234375'})
 {"code":200,"data":{"id":1,"token":"eyJhbGciOiJIUzI1NiIsInR5cCI6IkpXVCJ9.eyJzdWIiOiJzdXBlcl9hZG1pbiIsImV4cCI6MTc3NjI0ODMwNX0.gZGhq3Os27300knUAA9ZtHdI4iX3mct2XEyVm-ev150","token_type":"Bearer"},"msg":"请求成功"}
[2026-04-08 18:18:25,748] INFO ee34ca0a-4aec-45f1-9095-2497eccac8ae Request Log Address(host='127.0.0.1', port=50310) GET http://localhost:8000/api/system/user/1 Headers({'accept-language': 'en-US,en;q=0.9,zh-CN;q=0.8,zh;q=0.7', 'accept-encoding': 'gzip, deflate, br, zstd', 'referer': 'http://localhost:5173/login', 'sec-fetch-dest': 'empty', 'sec-fetch-mode': 'cors', 'sec-fetch-site': 'same-origin', 'sec-ch-ua-mobile': '?0', 'sec-ch-ua': '"Chromium";v="146", "Not-A.Brand";v="24", "Google Chrome";v="146"', 'accept': 'application/json, text/plain, */*', 'user-agent': 'Mozilla/5.0 (Macintosh; Intel Mac OS X 10_15_7) AppleWebKit/537.36 (KHTML, like Gecko) Chrome/146.0.0.0 Safari/537.36', 'authorization': 'Bearer eyJhbGciOiJIUzI1NiIsInR5cCI6IkpXVCJ9.eyJzdWIiOiJzdXBlcl9hZG1pbiIsImV4cCI6MTc3NjI0ODMwNX0.gZGhq3Os27300knUAA9ZtHdI4iX3mct2XEyVm-ev150', 'sec-ch-ua-platform': '"macOS"', 'connection': 'close', 'host': 'localhost:8000'})
 b''
[2026-04-08 18:18:25,750] INFO ee34ca0a-4aec-45f1-9095-2497eccac8ae Response Log 0.0015311241149902344s MutableHeaders({'content-length': '246', 'content-type': 'application/json', 'x-response-time': '0.0015311241149902344'})
 {"code":200,"data":{"id":1,"status":1,"created":"2026-04-08T08:37:44.993827Z","modified":"2026-04-08T09:37:25.117382Z","username":"super_admin","nickname":"超级管理员","roles":[{"id":1,"name":"super_admin","status":5}]},"msg":"请求成功"}
[2026-04-08 18:18:25,754] INFO 03a899ce-31c7-48a6-9306-db5a9dd567ad Request Log Address(host='127.0.0.1', port=50313) GET http://localhost:8000/api/system/role/1/menu Headers({'accept-language': 'en-US,en;q=0.9,zh-CN;q=0.8,zh;q=0.7', 'accept-encoding': 'gzip, deflate, br, zstd', 'referer': 'http://localhost:5173/login', 'sec-fetch-dest': 'empty', 'sec-fetch-mode': 'cors', 'sec-fetch-site': 'same-origin', 'sec-ch-ua-mobile': '?0', 'sec-ch-ua': '"Chromium";v="146", "Not-A.Brand";v="24", "Google Chrome";v="146"', 'accept': 'application/json, text/plain, */*', 'user-agent': 'Mozilla/5.0 (Macintosh; Intel Mac OS X 10_15_7) AppleWebKit/537.36 (KHTML, like Gecko) Chrome/146.0.0.0 Safari/537.36', 'authorization': 'Bearer eyJhbGciOiJIUzI1NiIsInR5cCI6IkpXVCJ9.eyJzdWIiOiJzdXBlcl9hZG1pbiIsImV4cCI6MTc3NjI0ODMwNX0.gZGhq3Os27300knUAA9ZtHdI4iX3mct2XEyVm-ev150', 'sec-ch-ua-platform': '"macOS"', 'connection': 'close', 'host': 'localhost:8000'})
 b''
[2026-04-08 18:18:25,756] INFO 03a899ce-31c7-48a6-9306-db5a9dd567ad Response Log 0.0012998580932617188s MutableHeaders({'content-length': '1477', 'content-type': 'application/json', 'x-response-time': '0.0012998580932617188'})
 {"code":200,"data":[{"id":1,"name":"系统管理","icon":"SettingOutlined","path":"/main/system","type":0,"component":null,"pid":0,"identifier":null,"api":null,"method":null,"children":[{"id":2,"name":"用户管理","icon":"UserOutlined","path":"/main/system/user","type":1,"component":"user/user","pid":1,"identifier":null,"api":"/api/system/user","method":"GET"},{"id":3,"name":"角色管理","icon":"TeamOutlined","path":"/main/system/role","type":1,"component":"role/role","pid":1,"identifier":null,"api":"/api/system/role","method":"GET"},{"id":4,"name":"菜单管理","icon":"MenuOutlined","path":"/main/system/menu","type":1,"component":"menu/menu","pid":1,"identifier":null,"api":"/api/system/menu","method":"GET"}]},{"id":10,"name":"审核中心","icon":"AuditOutlined","path":"/main/audit","type":0,"component":null,"pid":0,"identifier":null,"api":null,"method":null,"children":[{"id":11,"name":"规则库","icon":"DatabaseOutlined","path":"/main/audit/rules","type":1,"component":"audit/rules","pid":10,"identifier":null,"api":"/api/audit/rules","method":"GET"},{"id":12,"name":"规则检索","icon":"SearchOutlined","path":"/main/audit/search","type":1,"component":"audit/search","pid":10,"identifier":null,"api":"/api/audit/search","method":"POST"},{"id":13,"name":"合规判定","icon":"CheckCircleOutlined","path":"/main/audit/judge","type":1,"component":"audit/judge","pid":10,"identifier":null,"api":"/api/audit/judge","method":"POST"}]}],"msg":"请求成功"}
[2026-04-08 18:18:25,782] INFO f2a8556a-b1cc-4509-ac85-da975e8d04e4 Request Log Address(host='127.0.0.1', port=50316) GET http://localhost:8000/api/system/user?offset=1&limit=5 Headers({'accept-language': 'en-US,en;q=0.9,zh-CN;q=0.8,zh;q=0.7', 'accept-encoding': 'gzip, deflate, br, zstd', 'referer': 'http://localhost:5173/main/system/user', 'sec-fetch-dest': 'empty', 'sec-fetch-mode': 'cors', 'sec-fetch-site': 'same-origin', 'sec-ch-ua-mobile': '?0', 'sec-ch-ua': '"Chromium";v="146", "Not-A.Brand";v="24", "Google Chrome";v="146"', 'accept': 'application/json, text/plain, */*', 'user-agent': 'Mozilla/5.0 (Macintosh; Intel Mac OS X 10_15_7) AppleWebKit/537.36 (KHTML, like Gecko) Chrome/146.0.0.0 Safari/537.36', 'authorization': 'Bearer eyJhbGciOiJIUzI1NiIsInR5cCI6IkpXVCJ9.eyJzdWIiOiJzdXBlcl9hZG1pbiIsImV4cCI6MTc3NjI0ODMwNX0.gZGhq3Os27300knUAA9ZtHdI4iX3mct2XEyVm-ev150', 'sec-ch-ua-platform': '"macOS"', 'connection': 'close', 'host': 'localhost:8000'})
 b''
[2026-04-08 18:18:25,785] INFO f2a8556a-b1cc-4509-ac85-da975e8d04e4 Response Log 0.0029740333557128906s MutableHeaders({'content-length': '670', 'content-type': 'application/json', 'x-response-time': '0.0029740333557128906'})
 {"code":200,"data":{"total":4,"items":[{"id":4,"status":1,"created":"2026-04-08T09:39:23.606547Z","modified":"2026-04-08T09:39:23.606547Z","username":"viewer_01","nickname":"查看员1"},{"id":2,"status":1,"created":"2026-04-08T09:38:01.587305Z","modified":"2026-04-08T09:38:01.587305Z","username":"system_admin","nickname":"系统管理员"},{"id":3,"status":1,"created":"2026-04-08T09:38:01.587305Z","modified":"2026-04-08T09:38:01.587305Z","username":"auditor_01","nickname":"审核员1"},{"id":1,"status":1,"created":"2026-04-08T08:37:44.993827Z","modified":"2026-04-08T09:37:25.117382Z","username":"super_admin","nickname":"超级管理员"}]},"msg":"请求成功"}
[2026-04-08 18:19:38,376] INFO 9f83828b-fa3c-41a5-ba3a-045f4771e15d Request Log Address(host='127.0.0.1', port=50530) GET http://localhost:8000/api/system/role?offset=1&limit=5 Headers({'accept-language': 'en-US,en;q=0.9,zh-CN;q=0.8,zh;q=0.7', 'accept-encoding': 'gzip, deflate, br, zstd', 'referer': 'http://localhost:5173/main/system/role', 'sec-fetch-dest': 'empty', 'sec-fetch-mode': 'cors', 'sec-fetch-site': 'same-origin', 'sec-ch-ua-mobile': '?0', 'sec-ch-ua': '"Chromium";v="146", "Not-A.Brand";v="24", "Google Chrome";v="146"', 'accept': 'application/json, text/plain, */*', 'user-agent': 'Mozilla/5.0 (Macintosh; Intel Mac OS X 10_15_7) AppleWebKit/537.36 (KHTML, like Gecko) Chrome/146.0.0.0 Safari/537.36', 'authorization': 'Bearer eyJhbGciOiJIUzI1NiIsInR5cCI6IkpXVCJ9.eyJzdWIiOiJzdXBlcl9hZG1pbiIsImV4cCI6MTc3NjI0ODMwNX0.gZGhq3Os27300knUAA9ZtHdI4iX3mct2XEyVm-ev150', 'sec-ch-ua-platform': '"macOS"', 'connection': 'close', 'host': 'localhost:8000'})
 b''
[2026-04-08 18:19:38,379] INFO 9f83828b-fa3c-41a5-ba3a-045f4771e15d Response Log 0.0027251243591308594s MutableHeaders({'content-length': '638', 'content-type': 'application/json', 'x-response-time': '0.0027251243591308594'})
 {"code":200,"data":{"total":4,"items":[{"id":3,"status":1,"created":"2026-04-08T09:06:09.299353Z","modified":"2026-04-08T09:06:09.299353Z","name":"auditor","remark":"审核员"},{"id":4,"status":1,"created":"2026-04-08T09:06:09.299353Z","modified":"2026-04-08T09:06:09.299353Z","name":"viewer","remark":"查看员"},{"id":2,"status":1,"created":"2026-04-08T09:06:09.299353Z","modified":"2026-04-08T09:27:14.388720Z","name":"system_admin","remark":"系统管理员"},{"id":1,"status":1,"created":"2026-04-08T08:37:44.993827Z","modified":"2026-04-08T09:23:42.398415Z","name":"super_admin","remark":"超级管理员"}]},"msg":"请求成功"}
[2026-04-08 18:19:38,984] INFO fafa19fe-ae7c-4422-9e7d-93486518b7bc Request Log Address(host='127.0.0.1', port=50534) GET http://localhost:8000/api/system/menu Headers({'accept-language': 'en-US,en;q=0.9,zh-CN;q=0.8,zh;q=0.7', 'accept-encoding': 'gzip, deflate, br, zstd', 'referer': 'http://localhost:5173/main/system/menu', 'sec-fetch-dest': 'empty', 'sec-fetch-mode': 'cors', 'sec-fetch-site': 'same-origin', 'sec-ch-ua-mobile': '?0', 'sec-ch-ua': '"Chromium";v="146", "Not-A.Brand";v="24", "Google Chrome";v="146"', 'accept': 'application/json, text/plain, */*', 'user-agent': 'Mozilla/5.0 (Macintosh; Intel Mac OS X 10_15_7) AppleWebKit/537.36 (KHTML, like Gecko) Chrome/146.0.0.0 Safari/537.36', 'authorization': 'Bearer eyJhbGciOiJIUzI1NiIsInR5cCI6IkpXVCJ9.eyJzdWIiOiJzdXBlcl9hZG1pbiIsImV4cCI6MTc3NjI0ODMwNX0.gZGhq3Os27300knUAA9ZtHdI4iX3mct2XEyVm-ev150', 'sec-ch-ua-platform': '"macOS"', 'connection': 'close', 'host': 'localhost:8000'})
 b''
[2026-04-08 18:19:38,988] INFO fafa19fe-ae7c-4422-9e7d-93486518b7bc Response Log 0.003921985626220703s MutableHeaders({'content-length': '2213', 'content-type': 'application/json', 'x-response-time': '0.003921985626220703'})
 {"code":200,"data":[{"id":1,"status":1,"created":"2026-04-08T08:37:44.993827Z","modified":"2026-04-08T08:37:44.993827Z","name":"系统管理","icon":"SettingOutlined","path":"/main/system","type":0,"component":null,"pid":0,"identifier":null,"api":null,"method":null,"children":[{"id":2,"status":1,"created":"2026-04-08T08:37:44.993827Z","modified":"2026-04-08T08:37:44.993827Z","name":"用户管理","icon":"UserOutlined","path":"/main/system/user","type":1,"component":"user/user","pid":1,"identifier":null,"api":"/api/system/user","method":"GET"},{"id":3,"status":1,"created":"2026-04-08T08:37:44.993827Z","modified":"2026-04-08T08:37:44.993827Z","name":"角色管理","icon":"TeamOutlined","path":"/main/system/role","type":1,"component":"role/role","pid":1,"identifier":null,"api":"/api/system/role","method":"GET"},{"id":4,"status":1,"created":"2026-04-08T08:37:44.993827Z","modified":"2026-04-08T08:37:44.993827Z","name":"菜单管理","icon":"MenuOutlined","path":"/main/system/menu","type":1,"component":"menu/menu","pid":1,"identifier":null,"api":"/api/system/menu","method":"GET"}]},{"id":10,"status":1,"created":"2026-04-08T08:37:44.993827Z","modified":"2026-04-08T08:37:44.993827Z","name":"审核中心","icon":"AuditOutlined","path":"/main/audit","type":0,"component":null,"pid":0,"identifier":null,"api":null,"method":null,"children":[{"id":11,"status":1,"created":"2026-04-08T08:37:44.993827Z","modified":"2026-04-08T08:37:44.993827Z","name":"规则库","icon":"DatabaseOutlined","path":"/main/audit/rules","type":1,"component":"audit/rules","pid":10,"identifier":null,"api":"/api/audit/rules","method":"GET"},{"id":12,"status":1,"created":"2026-04-08T08:37:44.993827Z","modified":"2026-04-08T08:37:44.993827Z","name":"规则检索","icon":"SearchOutlined","path":"/main/audit/search","type":1,"component":"audit/search","pid":10,"identifier":null,"api":"/api/audit/search","method":"POST"},{"id":13,"status":1,"created":"2026-04-08T08:37:44.993827Z","modified":"2026-04-08T08:37:44.993827Z","name":"合规判定","icon":"CheckCircleOutlined","path":"/main/audit/judge","type":1,"component":"audit/judge","pid":10,"identifier":null,"api":"/api/audit/judge","method":"POST"}]}],"msg":"请求成功"}
[2026-04-08 18:23:40,391] INFO cb766dc2-479e-4f96-9a3a-fe84a0fa422a Request Log Address(host='127.0.0.1', port=51283) POST http://localhost:8000/api/system/login Headers({'accept-language': 'en-US,en;q=0.9,zh-CN;q=0.8,zh;q=0.7', 'accept-encoding': 'gzip, deflate, br, zstd', 'referer': 'http://localhost:5173/login', 'sec-fetch-dest': 'empty', 'sec-fetch-mode': 'cors', 'sec-fetch-site': 'same-origin', 'origin': 'http://localhost:5173', 'sec-ch-ua-mobile': '?0', 'content-type': 'application/json', 'sec-ch-ua': '"Chromium";v="146", "Not-A.Brand";v="24", "Google Chrome";v="146"', 'accept': 'application/json, text/plain, */*', 'user-agent': 'Mozilla/5.0 (Macintosh; Intel Mac OS X 10_15_7) AppleWebKit/537.36 (KHTML, like Gecko) Chrome/146.0.0.0 Safari/537.36', 'authorization': 'Bearer', 'sec-ch-ua-platform': '"macOS"', 'content-length': '46', 'connection': 'close', 'host': 'localhost:8000'})
 b'{"username":"super_admin","password":"123456"}'
[2026-04-08 18:23:40,634] INFO cb766dc2-479e-4f96-9a3a-fe84a0fa422a Response Log 0.24244308471679688s MutableHeaders({'content-length': '214', 'content-type': 'application/json', 'x-response-time': '0.24244308471679688'})
 {"code":200,"data":{"id":1,"token":"eyJhbGciOiJIUzI1NiIsInR5cCI6IkpXVCJ9.eyJzdWIiOiJzdXBlcl9hZG1pbiIsImV4cCI6MTc3NjI0ODYyMH0.bA_ZAgvcsufL_P031VaJYLpUmS4V7gJI6_HGTXzvwuY","token_type":"Bearer"},"msg":"请求成功"}
[2026-04-08 18:23:40,639] INFO e03dd388-c731-498d-8fe8-edf26a8973fd Request Log Address(host='127.0.0.1', port=51286) GET http://localhost:8000/api/system/user/1 Headers({'accept-language': 'en-US,en;q=0.9,zh-CN;q=0.8,zh;q=0.7', 'accept-encoding': 'gzip, deflate, br, zstd', 'referer': 'http://localhost:5173/login', 'sec-fetch-dest': 'empty', 'sec-fetch-mode': 'cors', 'sec-fetch-site': 'same-origin', 'sec-ch-ua-mobile': '?0', 'sec-ch-ua': '"Chromium";v="146", "Not-A.Brand";v="24", "Google Chrome";v="146"', 'accept': 'application/json, text/plain, */*', 'user-agent': 'Mozilla/5.0 (Macintosh; Intel Mac OS X 10_15_7) AppleWebKit/537.36 (KHTML, like Gecko) Chrome/146.0.0.0 Safari/537.36', 'authorization': 'Bearer eyJhbGciOiJIUzI1NiIsInR5cCI6IkpXVCJ9.eyJzdWIiOiJzdXBlcl9hZG1pbiIsImV4cCI6MTc3NjI0ODYyMH0.bA_ZAgvcsufL_P031VaJYLpUmS4V7gJI6_HGTXzvwuY', 'sec-ch-ua-platform': '"macOS"', 'connection': 'close', 'host': 'localhost:8000'})
 b''
[2026-04-08 18:23:40,642] INFO e03dd388-c731-498d-8fe8-edf26a8973fd Response Log 0.003055095672607422s MutableHeaders({'content-length': '246', 'content-type': 'application/json', 'x-response-time': '0.003055095672607422'})
 {"code":200,"data":{"id":1,"status":1,"created":"2026-04-08T08:37:44.993827Z","modified":"2026-04-08T09:37:25.117382Z","username":"super_admin","nickname":"超级管理员","roles":[{"id":1,"name":"super_admin","status":5}]},"msg":"请求成功"}
[2026-04-08 18:23:40,647] INFO 78e84982-25f5-40ce-adc2-5685e1e321dd Request Log Address(host='127.0.0.1', port=51289) GET http://localhost:8000/api/system/role/1/menu Headers({'accept-language': 'en-US,en;q=0.9,zh-CN;q=0.8,zh;q=0.7', 'accept-encoding': 'gzip, deflate, br, zstd', 'referer': 'http://localhost:5173/login', 'sec-fetch-dest': 'empty', 'sec-fetch-mode': 'cors', 'sec-fetch-site': 'same-origin', 'sec-ch-ua-mobile': '?0', 'sec-ch-ua': '"Chromium";v="146", "Not-A.Brand";v="24", "Google Chrome";v="146"', 'accept': 'application/json, text/plain, */*', 'user-agent': 'Mozilla/5.0 (Macintosh; Intel Mac OS X 10_15_7) AppleWebKit/537.36 (KHTML, like Gecko) Chrome/146.0.0.0 Safari/537.36', 'authorization': 'Bearer eyJhbGciOiJIUzI1NiIsInR5cCI6IkpXVCJ9.eyJzdWIiOiJzdXBlcl9hZG1pbiIsImV4cCI6MTc3NjI0ODYyMH0.bA_ZAgvcsufL_P031VaJYLpUmS4V7gJI6_HGTXzvwuY', 'sec-ch-ua-platform': '"macOS"', 'connection': 'close', 'host': 'localhost:8000'})
 b''
[2026-04-08 18:23:40,650] INFO 78e84982-25f5-40ce-adc2-5685e1e321dd Response Log 0.0029108524322509766s MutableHeaders({'content-length': '2980', 'content-type': 'application/json', 'x-response-time': '0.0029108524322509766'})
 {"code":200,"data":[{"id":1,"name":"系统管理","icon":"SettingOutlined","path":"/main/system","type":0,"component":null,"pid":0,"identifier":null,"api":null,"method":null,"children":[{"id":2,"name":"用户管理","icon":"UserOutlined","path":"/main/system/user","type":1,"component":"user/user","pid":1,"identifier":null,"api":"/api/system/user","method":"GET","children":[{"id":101,"name":"新增用户","icon":null,"path":null,"type":2,"component":null,"pid":2,"identifier":"user:create","api":"/api/system/user","method":"POST"},{"id":102,"name":"编辑用户","icon":null,"path":null,"type":2,"component":null,"pid":2,"identifier":"user:update","api":"/api/system/user/{pk}","method":"PUT"},{"id":103,"name":"删除用户","icon":null,"path":null,"type":2,"component":null,"pid":2,"identifier":"user:delete","api":"/api/system/user/{pk}","method":"DELETE"}]},{"id":3,"name":"角色管理","icon":"TeamOutlined","path":"/main/system/role","type":1,"component":"role/role","pid":1,"identifier":null,"api":"/api/system/role","method":"GET","children":[{"id":111,"name":"新增角色","icon":null,"path":null,"type":2,"component":null,"pid":3,"identifier":"role:create","api":"/api/system/role","method":"POST"},{"id":112,"name":"编辑角色","icon":null,"path":null,"type":2,"component":null,"pid":3,"identifier":"role:update","api":"/api/system/role/{pk}","method":"PUT"},{"id":113,"name":"删除角色","icon":null,"path":null,"type":2,"component":null,"pid":3,"identifier":"role:delete","api":"/api/system/role/{pk}","method":"DELETE"}]},{"id":4,"name":"菜单管理","icon":"MenuOutlined","path":"/main/system/menu","type":1,"component":"menu/menu","pid":1,"identifier":null,"api":"/api/system/menu","method":"GET","children":[{"id":121,"name":"新增菜单","icon":null,"path":null,"type":2,"component":null,"pid":4,"identifier":"menu:create","api":"/api/system/menu","method":"POST"},{"id":122,"name":"编辑菜单","icon":null,"path":null,"type":2,"component":null,"pid":4,"identifier":"menu:update","api":"/api/system/menu/{pk}","method":"PUT"},{"id":123,"name":"删除菜单","icon":null,"path":null,"type":2,"component":null,"pid":4,"identifier":"menu:delete","api":"/api/system/menu/{pk}","method":"DELETE"}]}]},{"id":10,"name":"审核中心","icon":"AuditOutlined","path":"/main/audit","type":0,"component":null,"pid":0,"identifier":null,"api":null,"method":null,"children":[{"id":11,"name":"规则库","icon":"DatabaseOutlined","path":"/main/audit/rules","type":1,"component":"audit/rules","pid":10,"identifier":null,"api":"/api/audit/rules","method":"GET"},{"id":12,"name":"规则检索","icon":"SearchOutlined","path":"/main/audit/search","type":1,"component":"audit/search","pid":10,"identifier":null,"api":"/api/audit/search","method":"POST"},{"id":13,"name":"合规判定","icon":"CheckCircleOutlined","path":"/main/audit/judge","type":1,"component":"audit/judge","pid":10,"identifier":null,"api":"/api/audit/judge","method":"POST"}]}],"msg":"请求成功"}
[2026-04-08 18:23:40,678] INFO 6409560b-5a1b-45dc-bcc2-add255c18be7 Request Log Address(host='127.0.0.1', port=51292) GET http://localhost:8000/api/system/user?offset=1&limit=5 Headers({'accept-language': 'en-US,en;q=0.9,zh-CN;q=0.8,zh;q=0.7', 'accept-encoding': 'gzip, deflate, br, zstd', 'referer': 'http://localhost:5173/main/system/user', 'sec-fetch-dest': 'empty', 'sec-fetch-mode': 'cors', 'sec-fetch-site': 'same-origin', 'sec-ch-ua-mobile': '?0', 'sec-ch-ua': '"Chromium";v="146", "Not-A.Brand";v="24", "Google Chrome";v="146"', 'accept': 'application/json, text/plain, */*', 'user-agent': 'Mozilla/5.0 (Macintosh; Intel Mac OS X 10_15_7) AppleWebKit/537.36 (KHTML, like Gecko) Chrome/146.0.0.0 Safari/537.36', 'authorization': 'Bearer eyJhbGciOiJIUzI1NiIsInR5cCI6IkpXVCJ9.eyJzdWIiOiJzdXBlcl9hZG1pbiIsImV4cCI6MTc3NjI0ODYyMH0.bA_ZAgvcsufL_P031VaJYLpUmS4V7gJI6_HGTXzvwuY', 'sec-ch-ua-platform': '"macOS"', 'connection': 'close', 'host': 'localhost:8000'})
 b''
[2026-04-08 18:23:40,685] INFO 6409560b-5a1b-45dc-bcc2-add255c18be7 Response Log 0.0072629451751708984s MutableHeaders({'content-length': '670', 'content-type': 'application/json', 'x-response-time': '0.0072629451751708984'})
 {"code":200,"data":{"total":4,"items":[{"id":4,"status":1,"created":"2026-04-08T09:39:23.606547Z","modified":"2026-04-08T09:39:23.606547Z","username":"viewer_01","nickname":"查看员1"},{"id":2,"status":1,"created":"2026-04-08T09:38:01.587305Z","modified":"2026-04-08T09:38:01.587305Z","username":"system_admin","nickname":"系统管理员"},{"id":3,"status":1,"created":"2026-04-08T09:38:01.587305Z","modified":"2026-04-08T09:38:01.587305Z","username":"auditor_01","nickname":"审核员1"},{"id":1,"status":1,"created":"2026-04-08T08:37:44.993827Z","modified":"2026-04-08T09:37:25.117382Z","username":"super_admin","nickname":"超级管理员"}]},"msg":"请求成功"}
[2026-04-08 18:23:48,070] INFO b007a7f7-30a9-43f7-ad3b-2045e4e32304 Request Log Address(host='127.0.0.1', port=51323) GET http://localhost:8000/api/system/role?offset=1&limit=5 Headers({'accept-language': 'en-US,en;q=0.9,zh-CN;q=0.8,zh;q=0.7', 'accept-encoding': 'gzip, deflate, br, zstd', 'referer': 'http://localhost:5173/main/system/role', 'sec-fetch-dest': 'empty', 'sec-fetch-mode': 'cors', 'sec-fetch-site': 'same-origin', 'sec-ch-ua-mobile': '?0', 'sec-ch-ua': '"Chromium";v="146", "Not-A.Brand";v="24", "Google Chrome";v="146"', 'accept': 'application/json, text/plain, */*', 'user-agent': 'Mozilla/5.0 (Macintosh; Intel Mac OS X 10_15_7) AppleWebKit/537.36 (KHTML, like Gecko) Chrome/146.0.0.0 Safari/537.36', 'authorization': 'Bearer eyJhbGciOiJIUzI1NiIsInR5cCI6IkpXVCJ9.eyJzdWIiOiJzdXBlcl9hZG1pbiIsImV4cCI6MTc3NjI0ODYyMH0.bA_ZAgvcsufL_P031VaJYLpUmS4V7gJI6_HGTXzvwuY', 'sec-ch-ua-platform': '"macOS"', 'connection': 'close', 'host': 'localhost:8000'})
 b''
[2026-04-08 18:23:48,077] INFO b007a7f7-30a9-43f7-ad3b-2045e4e32304 Response Log 0.00613093376159668s MutableHeaders({'content-length': '638', 'content-type': 'application/json', 'x-response-time': '0.00613093376159668'})
 {"code":200,"data":{"total":4,"items":[{"id":3,"status":1,"created":"2026-04-08T09:06:09.299353Z","modified":"2026-04-08T09:06:09.299353Z","name":"auditor","remark":"审核员"},{"id":4,"status":1,"created":"2026-04-08T09:06:09.299353Z","modified":"2026-04-08T09:06:09.299353Z","name":"viewer","remark":"查看员"},{"id":2,"status":1,"created":"2026-04-08T09:06:09.299353Z","modified":"2026-04-08T09:27:14.388720Z","name":"system_admin","remark":"系统管理员"},{"id":1,"status":1,"created":"2026-04-08T08:37:44.993827Z","modified":"2026-04-08T09:23:42.398415Z","name":"super_admin","remark":"超级管理员"}]},"msg":"请求成功"}
[2026-04-08 18:23:49,408] INFO 1ba0dc09-f481-49f0-8f39-c4428ff300b9 Request Log Address(host='127.0.0.1', port=51333) GET http://localhost:8000/api/system/menu Headers({'accept-language': 'en-US,en;q=0.9,zh-CN;q=0.8,zh;q=0.7', 'accept-encoding': 'gzip, deflate, br, zstd', 'referer': 'http://localhost:5173/main/system/menu', 'sec-fetch-dest': 'empty', 'sec-fetch-mode': 'cors', 'sec-fetch-site': 'same-origin', 'sec-ch-ua-mobile': '?0', 'sec-ch-ua': '"Chromium";v="146", "Not-A.Brand";v="24", "Google Chrome";v="146"', 'accept': 'application/json, text/plain, */*', 'user-agent': 'Mozilla/5.0 (Macintosh; Intel Mac OS X 10_15_7) AppleWebKit/537.36 (KHTML, like Gecko) Chrome/146.0.0.0 Safari/537.36', 'authorization': 'Bearer eyJhbGciOiJIUzI1NiIsInR5cCI6IkpXVCJ9.eyJzdWIiOiJzdXBlcl9hZG1pbiIsImV4cCI6MTc3NjI0ODYyMH0.bA_ZAgvcsufL_P031VaJYLpUmS4V7gJI6_HGTXzvwuY', 'sec-ch-ua-platform': '"macOS"', 'connection': 'close', 'host': 'localhost:8000'})
 b''
[2026-04-08 18:23:49,412] INFO 1ba0dc09-f481-49f0-8f39-c4428ff300b9 Response Log 0.003859996795654297s MutableHeaders({'content-length': '4544', 'content-type': 'application/json', 'x-response-time': '0.003859996795654297'})
 {"code":200,"data":[{"id":1,"status":1,"created":"2026-04-08T08:37:44.993827Z","modified":"2026-04-08T08:37:44.993827Z","name":"系统管理","icon":"SettingOutlined","path":"/main/system","type":0,"component":null,"pid":0,"identifier":null,"api":null,"method":null,"children":[{"id":2,"status":1,"created":"2026-04-08T08:37:44.993827Z","modified":"2026-04-08T08:37:44.993827Z","name":"用户管理","icon":"UserOutlined","path":"/main/system/user","type":1,"component":"user/user","pid":1,"identifier":null,"api":"/api/system/user","method":"GET","children":[{"id":101,"status":1,"created":"2026-04-08T10:22:33.358711Z","modified":"2026-04-08T10:22:33.358711Z","name":"新增用户","icon":null,"path":null,"type":2,"component":null,"pid":2,"identifier":"user:create","api":"/api/system/user","method":"POST"},{"id":102,"status":1,"created":"2026-04-08T10:22:33.358711Z","modified":"2026-04-08T10:22:33.358711Z","name":"编辑用户","icon":null,"path":null,"type":2,"component":null,"pid":2,"identifier":"user:update","api":"/api/system/user/{pk}","method":"PUT"},{"id":103,"status":1,"created":"2026-04-08T10:22:33.358711Z","modified":"2026-04-08T10:22:33.358711Z","name":"删除用户","icon":null,"path":null,"type":2,"component":null,"pid":2,"identifier":"user:delete","api":"/api/system/user/{pk}","method":"DELETE"}]},{"id":3,"status":1,"created":"2026-04-08T08:37:44.993827Z","modified":"2026-04-08T08:37:44.993827Z","name":"角色管理","icon":"TeamOutlined","path":"/main/system/role","type":1,"component":"role/role","pid":1,"identifier":null,"api":"/api/system/role","method":"GET","children":[{"id":111,"status":1,"created":"2026-04-08T10:22:33.358711Z","modified":"2026-04-08T10:22:33.358711Z","name":"新增角色","icon":null,"path":null,"type":2,"component":null,"pid":3,"identifier":"role:create","api":"/api/system/role","method":"POST"},{"id":112,"status":1,"created":"2026-04-08T10:22:33.358711Z","modified":"2026-04-08T10:22:33.358711Z","name":"编辑角色","icon":null,"path":null,"type":2,"component":null,"pid":3,"identifier":"role:update","api":"/api/system/role/{pk}","method":"PUT"},{"id":113,"status":1,"created":"2026-04-08T10:22:33.358711Z","modified":"2026-04-08T10:22:33.358711Z","name":"删除角色","icon":null,"path":null,"type":2,"component":null,"pid":3,"identifier":"role:delete","api":"/api/system/role/{pk}","method":"DELETE"}]},{"id":4,"status":1,"created":"2026-04-08T08:37:44.993827Z","modified":"2026-04-08T08:37:44.993827Z","name":"菜单管理","icon":"MenuOutlined","path":"/main/system/menu","type":1,"component":"menu/menu","pid":1,"identifier":null,"api":"/api/system/menu","method":"GET","children":[{"id":121,"status":1,"created":"2026-04-08T10:22:33.358711Z","modified":"2026-04-08T10:22:33.358711Z","name":"新增菜单","icon":null,"path":null,"type":2,"component":null,"pid":4,"identifier":"menu:create","api":"/api/system/menu","method":"POST"},{"id":122,"status":1,"created":"2026-04-08T10:22:33.358711Z","modified":"2026-04-08T10:22:33.358711Z","name":"编辑菜单","icon":null,"path":null,"type":2,"component":null,"pid":4,"identifier":"menu:update","api":"/api/system/menu/{pk}","method":"PUT"},{"id":123,"status":1,"created":"2026-04-08T10:22:33.358711Z","modified":"2026-04-08T10:22:33.358711Z","name":"删除菜单","icon":null,"path":null,"type":2,"component":null,"pid":4,"identifier":"menu:delete","api":"/api/system/menu/{pk}","method":"DELETE"}]}]},{"id":10,"status":1,"created":"2026-04-08T08:37:44.993827Z","modified":"2026-04-08T08:37:44.993827Z","name":"审核中心","icon":"AuditOutlined","path":"/main/audit","type":0,"component":null,"pid":0,"identifier":null,"api":null,"method":null,"children":[{"id":11,"status":1,"created":"2026-04-08T08:37:44.993827Z","modified":"2026-04-08T08:37:44.993827Z","name":"规则库","icon":"DatabaseOutlined","path":"/main/audit/rules","type":1,"component":"audit/rules","pid":10,"identifier":null,"api":"/api/audit/rules","method":"GET"},{"id":12,"status":1,"created":"2026-04-08T08:37:44.993827Z","modified":"2026-04-08T08:37:44.993827Z","name":"规则检索","icon":"SearchOutlined","path":"/main/audit/search","type":1,"component":"audit/search","pid":10,"identifier":null,"api":"/api/audit/search","method":"POST"},{"id":13,"status":1,"created":"2026-04-08T08:37:44.993827Z","modified":"2026-04-08T08:37:44.993827Z","name":"合规判定","icon":"CheckCircleOutlined","path":"/main/audit/judge","type":1,"component":"audit/judge","pid":10,"identifier":null,"api":"/api/audit/judge","method":"POST"}]}],"msg":"请求成功"}
[2026-04-08 18:23:50,480] INFO d67a403f-5a63-4ee0-b60b-d5ca2bca0ed6 Request Log Address(host='127.0.0.1', port=51340) GET http://localhost:8000/api/system/user?offset=1&limit=5 Headers({'accept-language': 'en-US,en;q=0.9,zh-CN;q=0.8,zh;q=0.7', 'accept-encoding': 'gzip, deflate, br, zstd', 'referer': 'http://localhost:5173/main/system/user', 'sec-fetch-dest': 'empty', 'sec-fetch-mode': 'cors', 'sec-fetch-site': 'same-origin', 'sec-ch-ua-mobile': '?0', 'sec-ch-ua': '"Chromium";v="146", "Not-A.Brand";v="24", "Google Chrome";v="146"', 'accept': 'application/json, text/plain, */*', 'user-agent': 'Mozilla/5.0 (Macintosh; Intel Mac OS X 10_15_7) AppleWebKit/537.36 (KHTML, like Gecko) Chrome/146.0.0.0 Safari/537.36', 'authorization': 'Bearer eyJhbGciOiJIUzI1NiIsInR5cCI6IkpXVCJ9.eyJzdWIiOiJzdXBlcl9hZG1pbiIsImV4cCI6MTc3NjI0ODYyMH0.bA_ZAgvcsufL_P031VaJYLpUmS4V7gJI6_HGTXzvwuY', 'sec-ch-ua-platform': '"macOS"', 'connection': 'close', 'host': 'localhost:8000'})
 b''
[2026-04-08 18:23:50,484] INFO d67a403f-5a63-4ee0-b60b-d5ca2bca0ed6 Response Log 0.0038712024688720703s MutableHeaders({'content-length': '670', 'content-type': 'application/json', 'x-response-time': '0.0038712024688720703'})
 {"code":200,"data":{"total":4,"items":[{"id":4,"status":1,"created":"2026-04-08T09:39:23.606547Z","modified":"2026-04-08T09:39:23.606547Z","username":"viewer_01","nickname":"查看员1"},{"id":2,"status":1,"created":"2026-04-08T09:38:01.587305Z","modified":"2026-04-08T09:38:01.587305Z","username":"system_admin","nickname":"系统管理员"},{"id":3,"status":1,"created":"2026-04-08T09:38:01.587305Z","modified":"2026-04-08T09:38:01.587305Z","username":"auditor_01","nickname":"审核员1"},{"id":1,"status":1,"created":"2026-04-08T08:37:44.993827Z","modified":"2026-04-08T09:37:25.117382Z","username":"super_admin","nickname":"超级管理员"}]},"msg":"请求成功"}
[2026-04-08 18:23:51,760] INFO d0488269-5714-421c-86c3-24436a99ae9a Request Log Address(host='127.0.0.1', port=51348) GET http://localhost:8000/api/system/user/4 Headers({'accept-language': 'en-US,en;q=0.9,zh-CN;q=0.8,zh;q=0.7', 'accept-encoding': 'gzip, deflate, br, zstd', 'referer': 'http://localhost:5173/main/system/user', 'sec-fetch-dest': 'empty', 'sec-fetch-mode': 'cors', 'sec-fetch-site': 'same-origin', 'sec-ch-ua-mobile': '?0', 'sec-ch-ua': '"Chromium";v="146", "Not-A.Brand";v="24", "Google Chrome";v="146"', 'accept': 'application/json, text/plain, */*', 'user-agent': 'Mozilla/5.0 (Macintosh; Intel Mac OS X 10_15_7) AppleWebKit/537.36 (KHTML, like Gecko) Chrome/146.0.0.0 Safari/537.36', 'authorization': 'Bearer eyJhbGciOiJIUzI1NiIsInR5cCI6IkpXVCJ9.eyJzdWIiOiJzdXBlcl9hZG1pbiIsImV4cCI6MTc3NjI0ODYyMH0.bA_ZAgvcsufL_P031VaJYLpUmS4V7gJI6_HGTXzvwuY', 'sec-ch-ua-platform': '"macOS"', 'connection': 'close', 'host': 'localhost:8000'})
 b''
[2026-04-08 18:23:51,761] INFO f77c2263-9390-4136-b66a-5c1dbbb3134a Request Log Address(host='127.0.0.1', port=51350) GET http://localhost:8000/api/system/role?limit=100 Headers({'accept-language': 'en-US,en;q=0.9,zh-CN;q=0.8,zh;q=0.7', 'accept-encoding': 'gzip, deflate, br, zstd', 'referer': 'http://localhost:5173/main/system/user', 'sec-fetch-dest': 'empty', 'sec-fetch-mode': 'cors', 'sec-fetch-site': 'same-origin', 'sec-ch-ua-mobile': '?0', 'sec-ch-ua': '"Chromium";v="146", "Not-A.Brand";v="24", "Google Chrome";v="146"', 'accept': 'application/json, text/plain, */*', 'user-agent': 'Mozilla/5.0 (Macintosh; Intel Mac OS X 10_15_7) AppleWebKit/537.36 (KHTML, like Gecko) Chrome/146.0.0.0 Safari/537.36', 'authorization': 'Bearer eyJhbGciOiJIUzI1NiIsInR5cCI6IkpXVCJ9.eyJzdWIiOiJzdXBlcl9hZG1pbiIsImV4cCI6MTc3NjI0ODYyMH0.bA_ZAgvcsufL_P031VaJYLpUmS4V7gJI6_HGTXzvwuY', 'sec-ch-ua-platform': '"macOS"', 'connection': 'close', 'host': 'localhost:8000'})
 b''
[2026-04-08 18:23:51,763] INFO d0488269-5714-421c-86c3-24436a99ae9a Response Log 0.0025627613067626953s MutableHeaders({'content-length': '234', 'content-type': 'application/json', 'x-response-time': '0.0025627613067626953'})
 {"code":200,"data":{"id":4,"status":1,"created":"2026-04-08T09:39:23.606547Z","modified":"2026-04-08T09:39:23.606547Z","username":"viewer_01","nickname":"查看员1","roles":[{"id":4,"name":"viewer","status":5}]},"msg":"请求成功"}
[2026-04-08 18:23:51,771] INFO f77c2263-9390-4136-b66a-5c1dbbb3134a Response Log 0.009370088577270508s MutableHeaders({'content-length': '638', 'content-type': 'application/json', 'x-response-time': '0.009370088577270508'})
 {"code":200,"data":{"total":4,"items":[{"id":3,"status":1,"created":"2026-04-08T09:06:09.299353Z","modified":"2026-04-08T09:06:09.299353Z","name":"auditor","remark":"审核员"},{"id":4,"status":1,"created":"2026-04-08T09:06:09.299353Z","modified":"2026-04-08T09:06:09.299353Z","name":"viewer","remark":"查看员"},{"id":2,"status":1,"created":"2026-04-08T09:06:09.299353Z","modified":"2026-04-08T09:27:14.388720Z","name":"system_admin","remark":"系统管理员"},{"id":1,"status":1,"created":"2026-04-08T08:37:44.993827Z","modified":"2026-04-08T09:23:42.398415Z","name":"super_admin","remark":"超级管理员"}]},"msg":"请求成功"}
[2026-04-08 18:24:09,514] INFO 9bd21c94-96ac-4dc1-8309-b7753cfa79df Request Log Address(host='127.0.0.1', port=51405) GET http://localhost:8000/api/system/role?offset=1&limit=5 Headers({'accept-language': 'en-US,en;q=0.9,zh-CN;q=0.8,zh;q=0.7', 'accept-encoding': 'gzip, deflate, br, zstd', 'referer': 'http://localhost:5173/main/system/role', 'sec-fetch-dest': 'empty', 'sec-fetch-mode': 'cors', 'sec-fetch-site': 'same-origin', 'sec-ch-ua-mobile': '?0', 'sec-ch-ua': '"Chromium";v="146", "Not-A.Brand";v="24", "Google Chrome";v="146"', 'accept': 'application/json, text/plain, */*', 'user-agent': 'Mozilla/5.0 (Macintosh; Intel Mac OS X 10_15_7) AppleWebKit/537.36 (KHTML, like Gecko) Chrome/146.0.0.0 Safari/537.36', 'authorization': 'Bearer eyJhbGciOiJIUzI1NiIsInR5cCI6IkpXVCJ9.eyJzdWIiOiJzdXBlcl9hZG1pbiIsImV4cCI6MTc3NjI0ODYyMH0.bA_ZAgvcsufL_P031VaJYLpUmS4V7gJI6_HGTXzvwuY', 'sec-ch-ua-platform': '"macOS"', 'connection': 'close', 'host': 'localhost:8000'})
 b''
[2026-04-08 18:24:09,520] INFO 9bd21c94-96ac-4dc1-8309-b7753cfa79df Response Log 0.005802154541015625s MutableHeaders({'content-length': '638', 'content-type': 'application/json', 'x-response-time': '0.005802154541015625'})
 {"code":200,"data":{"total":4,"items":[{"id":3,"status":1,"created":"2026-04-08T09:06:09.299353Z","modified":"2026-04-08T09:06:09.299353Z","name":"auditor","remark":"审核员"},{"id":4,"status":1,"created":"2026-04-08T09:06:09.299353Z","modified":"2026-04-08T09:06:09.299353Z","name":"viewer","remark":"查看员"},{"id":2,"status":1,"created":"2026-04-08T09:06:09.299353Z","modified":"2026-04-08T09:27:14.388720Z","name":"system_admin","remark":"系统管理员"},{"id":1,"status":1,"created":"2026-04-08T08:37:44.993827Z","modified":"2026-04-08T09:23:42.398415Z","name":"super_admin","remark":"超级管理员"}]},"msg":"请求成功"}
[2026-04-08 18:24:11,119] INFO 606b415a-a60c-436b-bbeb-3ae39aef218c Request Log Address(host='127.0.0.1', port=51419) GET http://localhost:8000/api/system/role?offset=1&limit=5 Headers({'accept-language': 'en-US,en;q=0.9,zh-CN;q=0.8,zh;q=0.7', 'accept-encoding': 'gzip, deflate, br, zstd', 'referer': 'http://localhost:5173/main/system/role', 'sec-fetch-dest': 'empty', 'sec-fetch-mode': 'cors', 'sec-fetch-site': 'same-origin', 'sec-ch-ua-mobile': '?0', 'sec-ch-ua': '"Chromium";v="146", "Not-A.Brand";v="24", "Google Chrome";v="146"', 'accept': 'application/json, text/plain, */*', 'user-agent': 'Mozilla/5.0 (Macintosh; Intel Mac OS X 10_15_7) AppleWebKit/537.36 (KHTML, like Gecko) Chrome/146.0.0.0 Safari/537.36', 'authorization': 'Bearer eyJhbGciOiJIUzI1NiIsInR5cCI6IkpXVCJ9.eyJzdWIiOiJzdXBlcl9hZG1pbiIsImV4cCI6MTc3NjI0ODYyMH0.bA_ZAgvcsufL_P031VaJYLpUmS4V7gJI6_HGTXzvwuY', 'sec-ch-ua-platform': '"macOS"', 'connection': 'close', 'host': 'localhost:8000'})
 b''
[2026-04-08 18:24:11,125] INFO 606b415a-a60c-436b-bbeb-3ae39aef218c Response Log 0.0055201053619384766s MutableHeaders({'content-length': '638', 'content-type': 'application/json', 'x-response-time': '0.0055201053619384766'})
 {"code":200,"data":{"total":4,"items":[{"id":3,"status":1,"created":"2026-04-08T09:06:09.299353Z","modified":"2026-04-08T09:06:09.299353Z","name":"auditor","remark":"审核员"},{"id":4,"status":1,"created":"2026-04-08T09:06:09.299353Z","modified":"2026-04-08T09:06:09.299353Z","name":"viewer","remark":"查看员"},{"id":2,"status":1,"created":"2026-04-08T09:06:09.299353Z","modified":"2026-04-08T09:27:14.388720Z","name":"system_admin","remark":"系统管理员"},{"id":1,"status":1,"created":"2026-04-08T08:37:44.993827Z","modified":"2026-04-08T09:23:42.398415Z","name":"super_admin","remark":"超级管理员"}]},"msg":"请求成功"}
[2026-04-08 18:24:15,120] INFO ae88dbd8-d70c-43af-9e58-885cd646a563 Request Log Address(host='127.0.0.1', port=51434) GET http://localhost:8000/api/system/role/3/menu Headers({'accept-language': 'en-US,en;q=0.9,zh-CN;q=0.8,zh;q=0.7', 'accept-encoding': 'gzip, deflate, br, zstd', 'referer': 'http://localhost:5173/main/system/role', 'sec-fetch-dest': 'empty', 'sec-fetch-mode': 'cors', 'sec-fetch-site': 'same-origin', 'sec-ch-ua-mobile': '?0', 'sec-ch-ua': '"Chromium";v="146", "Not-A.Brand";v="24", "Google Chrome";v="146"', 'accept': 'application/json, text/plain, */*', 'user-agent': 'Mozilla/5.0 (Macintosh; Intel Mac OS X 10_15_7) AppleWebKit/537.36 (KHTML, like Gecko) Chrome/146.0.0.0 Safari/537.36', 'authorization': 'Bearer eyJhbGciOiJIUzI1NiIsInR5cCI6IkpXVCJ9.eyJzdWIiOiJzdXBlcl9hZG1pbiIsImV4cCI6MTc3NjI0ODYyMH0.bA_ZAgvcsufL_P031VaJYLpUmS4V7gJI6_HGTXzvwuY', 'sec-ch-ua-platform': '"macOS"', 'connection': 'close', 'host': 'localhost:8000'})
 b''
[2026-04-08 18:24:15,121] INFO bafa9a2c-0384-4b55-a6db-235b6353a4ad Request Log Address(host='127.0.0.1', port=51435) GET http://localhost:8000/api/system/menu Headers({'accept-language': 'en-US,en;q=0.9,zh-CN;q=0.8,zh;q=0.7', 'accept-encoding': 'gzip, deflate, br, zstd', 'referer': 'http://localhost:5173/main/system/role', 'sec-fetch-dest': 'empty', 'sec-fetch-mode': 'cors', 'sec-fetch-site': 'same-origin', 'sec-ch-ua-mobile': '?0', 'sec-ch-ua': '"Chromium";v="146", "Not-A.Brand";v="24", "Google Chrome";v="146"', 'accept': 'application/json, text/plain, */*', 'user-agent': 'Mozilla/5.0 (Macintosh; Intel Mac OS X 10_15_7) AppleWebKit/537.36 (KHTML, like Gecko) Chrome/146.0.0.0 Safari/537.36', 'authorization': 'Bearer eyJhbGciOiJIUzI1NiIsInR5cCI6IkpXVCJ9.eyJzdWIiOiJzdXBlcl9hZG1pbiIsImV4cCI6MTc3NjI0ODYyMH0.bA_ZAgvcsufL_P031VaJYLpUmS4V7gJI6_HGTXzvwuY', 'sec-ch-ua-platform': '"macOS"', 'connection': 'close', 'host': 'localhost:8000'})
 b''
[2026-04-08 18:24:15,125] INFO bafa9a2c-0384-4b55-a6db-235b6353a4ad Response Log 0.0034592151641845703s MutableHeaders({'content-length': '4544', 'content-type': 'application/json', 'x-response-time': '0.0034592151641845703'})
 {"code":200,"data":[{"id":1,"status":1,"created":"2026-04-08T08:37:44.993827Z","modified":"2026-04-08T08:37:44.993827Z","name":"系统管理","icon":"SettingOutlined","path":"/main/system","type":0,"component":null,"pid":0,"identifier":null,"api":null,"method":null,"children":[{"id":2,"status":1,"created":"2026-04-08T08:37:44.993827Z","modified":"2026-04-08T08:37:44.993827Z","name":"用户管理","icon":"UserOutlined","path":"/main/system/user","type":1,"component":"user/user","pid":1,"identifier":null,"api":"/api/system/user","method":"GET","children":[{"id":101,"status":1,"created":"2026-04-08T10:22:33.358711Z","modified":"2026-04-08T10:22:33.358711Z","name":"新增用户","icon":null,"path":null,"type":2,"component":null,"pid":2,"identifier":"user:create","api":"/api/system/user","method":"POST"},{"id":102,"status":1,"created":"2026-04-08T10:22:33.358711Z","modified":"2026-04-08T10:22:33.358711Z","name":"编辑用户","icon":null,"path":null,"type":2,"component":null,"pid":2,"identifier":"user:update","api":"/api/system/user/{pk}","method":"PUT"},{"id":103,"status":1,"created":"2026-04-08T10:22:33.358711Z","modified":"2026-04-08T10:22:33.358711Z","name":"删除用户","icon":null,"path":null,"type":2,"component":null,"pid":2,"identifier":"user:delete","api":"/api/system/user/{pk}","method":"DELETE"}]},{"id":3,"status":1,"created":"2026-04-08T08:37:44.993827Z","modified":"2026-04-08T08:37:44.993827Z","name":"角色管理","icon":"TeamOutlined","path":"/main/system/role","type":1,"component":"role/role","pid":1,"identifier":null,"api":"/api/system/role","method":"GET","children":[{"id":111,"status":1,"created":"2026-04-08T10:22:33.358711Z","modified":"2026-04-08T10:22:33.358711Z","name":"新增角色","icon":null,"path":null,"type":2,"component":null,"pid":3,"identifier":"role:create","api":"/api/system/role","method":"POST"},{"id":112,"status":1,"created":"2026-04-08T10:22:33.358711Z","modified":"2026-04-08T10:22:33.358711Z","name":"编辑角色","icon":null,"path":null,"type":2,"component":null,"pid":3,"identifier":"role:update","api":"/api/system/role/{pk}","method":"PUT"},{"id":113,"status":1,"created":"2026-04-08T10:22:33.358711Z","modified":"2026-04-08T10:22:33.358711Z","name":"删除角色","icon":null,"path":null,"type":2,"component":null,"pid":3,"identifier":"role:delete","api":"/api/system/role/{pk}","method":"DELETE"}]},{"id":4,"status":1,"created":"2026-04-08T08:37:44.993827Z","modified":"2026-04-08T08:37:44.993827Z","name":"菜单管理","icon":"MenuOutlined","path":"/main/system/menu","type":1,"component":"menu/menu","pid":1,"identifier":null,"api":"/api/system/menu","method":"GET","children":[{"id":121,"status":1,"created":"2026-04-08T10:22:33.358711Z","modified":"2026-04-08T10:22:33.358711Z","name":"新增菜单","icon":null,"path":null,"type":2,"component":null,"pid":4,"identifier":"menu:create","api":"/api/system/menu","method":"POST"},{"id":122,"status":1,"created":"2026-04-08T10:22:33.358711Z","modified":"2026-04-08T10:22:33.358711Z","name":"编辑菜单","icon":null,"path":null,"type":2,"component":null,"pid":4,"identifier":"menu:update","api":"/api/system/menu/{pk}","method":"PUT"},{"id":123,"status":1,"created":"2026-04-08T10:22:33.358711Z","modified":"2026-04-08T10:22:33.358711Z","name":"删除菜单","icon":null,"path":null,"type":2,"component":null,"pid":4,"identifier":"menu:delete","api":"/api/system/menu/{pk}","method":"DELETE"}]}]},{"id":10,"status":1,"created":"2026-04-08T08:37:44.993827Z","modified":"2026-04-08T08:37:44.993827Z","name":"审核中心","icon":"AuditOutlined","path":"/main/audit","type":0,"component":null,"pid":0,"identifier":null,"api":null,"method":null,"children":[{"id":11,"status":1,"created":"2026-04-08T08:37:44.993827Z","modified":"2026-04-08T08:37:44.993827Z","name":"规则库","icon":"DatabaseOutlined","path":"/main/audit/rules","type":1,"component":"audit/rules","pid":10,"identifier":null,"api":"/api/audit/rules","method":"GET"},{"id":12,"status":1,"created":"2026-04-08T08:37:44.993827Z","modified":"2026-04-08T08:37:44.993827Z","name":"规则检索","icon":"SearchOutlined","path":"/main/audit/search","type":1,"component":"audit/search","pid":10,"identifier":null,"api":"/api/audit/search","method":"POST"},{"id":13,"status":1,"created":"2026-04-08T08:37:44.993827Z","modified":"2026-04-08T08:37:44.993827Z","name":"合规判定","icon":"CheckCircleOutlined","path":"/main/audit/judge","type":1,"component":"audit/judge","pid":10,"identifier":null,"api":"/api/audit/judge","method":"POST"}]}],"msg":"请求成功"}
[2026-04-08 18:24:34,279] INFO ef86b9c3-5019-4e91-be89-7ef1b6290f98 Request Log Address(host='127.0.0.1', port=51493) GET http://localhost:8000/api/system/user?offset=1&limit=5 Headers({'accept-language': 'en-US,en;q=0.9,zh-CN;q=0.8,zh;q=0.7', 'accept-encoding': 'gzip, deflate, br, zstd', 'referer': 'http://localhost:5173/main/system/user', 'sec-fetch-dest': 'empty', 'sec-fetch-mode': 'cors', 'sec-fetch-site': 'same-origin', 'sec-ch-ua-mobile': '?0', 'sec-ch-ua': '"Chromium";v="146", "Not-A.Brand";v="24", "Google Chrome";v="146"', 'accept': 'application/json, text/plain, */*', 'user-agent': 'Mozilla/5.0 (Macintosh; Intel Mac OS X 10_15_7) AppleWebKit/537.36 (KHTML, like Gecko) Chrome/146.0.0.0 Safari/537.36', 'authorization': 'Bearer eyJhbGciOiJIUzI1NiIsInR5cCI6IkpXVCJ9.eyJzdWIiOiJzdXBlcl9hZG1pbiIsImV4cCI6MTc3NjI0ODYyMH0.bA_ZAgvcsufL_P031VaJYLpUmS4V7gJI6_HGTXzvwuY', 'sec-ch-ua-platform': '"macOS"', 'connection': 'close', 'host': 'localhost:8000'})
 b''
[2026-04-08 18:24:34,284] INFO ef86b9c3-5019-4e91-be89-7ef1b6290f98 Response Log 0.0049479007720947266s MutableHeaders({'content-length': '670', 'content-type': 'application/json', 'x-response-time': '0.0049479007720947266'})
 {"code":200,"data":{"total":4,"items":[{"id":4,"status":1,"created":"2026-04-08T09:39:23.606547Z","modified":"2026-04-08T09:39:23.606547Z","username":"viewer_01","nickname":"查看员1"},{"id":2,"status":1,"created":"2026-04-08T09:38:01.587305Z","modified":"2026-04-08T09:38:01.587305Z","username":"system_admin","nickname":"系统管理员"},{"id":3,"status":1,"created":"2026-04-08T09:38:01.587305Z","modified":"2026-04-08T09:38:01.587305Z","username":"auditor_01","nickname":"审核员1"},{"id":1,"status":1,"created":"2026-04-08T08:37:44.993827Z","modified":"2026-04-08T09:37:25.117382Z","username":"super_admin","nickname":"超级管理员"}]},"msg":"请求成功"}
[2026-04-08 18:24:35,079] INFO 55f78b65-2ff0-47c0-9835-886be0d76d97 Request Log Address(host='127.0.0.1', port=51501) GET http://localhost:8000/api/system/role?offset=1&limit=5 Headers({'accept-language': 'en-US,en;q=0.9,zh-CN;q=0.8,zh;q=0.7', 'accept-encoding': 'gzip, deflate, br, zstd', 'referer': 'http://localhost:5173/main/system/role', 'sec-fetch-dest': 'empty', 'sec-fetch-mode': 'cors', 'sec-fetch-site': 'same-origin', 'sec-ch-ua-mobile': '?0', 'sec-ch-ua': '"Chromium";v="146", "Not-A.Brand";v="24", "Google Chrome";v="146"', 'accept': 'application/json, text/plain, */*', 'user-agent': 'Mozilla/5.0 (Macintosh; Intel Mac OS X 10_15_7) AppleWebKit/537.36 (KHTML, like Gecko) Chrome/146.0.0.0 Safari/537.36', 'authorization': 'Bearer eyJhbGciOiJIUzI1NiIsInR5cCI6IkpXVCJ9.eyJzdWIiOiJzdXBlcl9hZG1pbiIsImV4cCI6MTc3NjI0ODYyMH0.bA_ZAgvcsufL_P031VaJYLpUmS4V7gJI6_HGTXzvwuY', 'sec-ch-ua-platform': '"macOS"', 'connection': 'close', 'host': 'localhost:8000'})
 b''
[2026-04-08 18:24:35,083] INFO 55f78b65-2ff0-47c0-9835-886be0d76d97 Response Log 0.004413127899169922s MutableHeaders({'content-length': '638', 'content-type': 'application/json', 'x-response-time': '0.004413127899169922'})
 {"code":200,"data":{"total":4,"items":[{"id":3,"status":1,"created":"2026-04-08T09:06:09.299353Z","modified":"2026-04-08T09:06:09.299353Z","name":"auditor","remark":"审核员"},{"id":4,"status":1,"created":"2026-04-08T09:06:09.299353Z","modified":"2026-04-08T09:06:09.299353Z","name":"viewer","remark":"查看员"},{"id":2,"status":1,"created":"2026-04-08T09:06:09.299353Z","modified":"2026-04-08T09:27:14.388720Z","name":"system_admin","remark":"系统管理员"},{"id":1,"status":1,"created":"2026-04-08T08:37:44.993827Z","modified":"2026-04-08T09:23:42.398415Z","name":"super_admin","remark":"超级管理员"}]},"msg":"请求成功"}
[2026-04-08 18:24:36,804] INFO 67f66184-f299-4e2c-a9d3-abc407a236b0 Request Log Address(host='127.0.0.1', port=51507) GET http://localhost:8000/api/system/user?offset=1&limit=5 Headers({'accept-language': 'en-US,en;q=0.9,zh-CN;q=0.8,zh;q=0.7', 'accept-encoding': 'gzip, deflate, br, zstd', 'referer': 'http://localhost:5173/main/system/user', 'sec-fetch-dest': 'empty', 'sec-fetch-mode': 'cors', 'sec-fetch-site': 'same-origin', 'sec-ch-ua-mobile': '?0', 'sec-ch-ua': '"Chromium";v="146", "Not-A.Brand";v="24", "Google Chrome";v="146"', 'accept': 'application/json, text/plain, */*', 'user-agent': 'Mozilla/5.0 (Macintosh; Intel Mac OS X 10_15_7) AppleWebKit/537.36 (KHTML, like Gecko) Chrome/146.0.0.0 Safari/537.36', 'authorization': 'Bearer eyJhbGciOiJIUzI1NiIsInR5cCI6IkpXVCJ9.eyJzdWIiOiJzdXBlcl9hZG1pbiIsImV4cCI6MTc3NjI0ODYyMH0.bA_ZAgvcsufL_P031VaJYLpUmS4V7gJI6_HGTXzvwuY', 'sec-ch-ua-platform': '"macOS"', 'connection': 'close', 'host': 'localhost:8000'})
 b''
[2026-04-08 18:24:36,809] INFO 67f66184-f299-4e2c-a9d3-abc407a236b0 Response Log 0.004805326461791992s MutableHeaders({'content-length': '670', 'content-type': 'application/json', 'x-response-time': '0.004805326461791992'})
 {"code":200,"data":{"total":4,"items":[{"id":4,"status":1,"created":"2026-04-08T09:39:23.606547Z","modified":"2026-04-08T09:39:23.606547Z","username":"viewer_01","nickname":"查看员1"},{"id":2,"status":1,"created":"2026-04-08T09:38:01.587305Z","modified":"2026-04-08T09:38:01.587305Z","username":"system_admin","nickname":"系统管理员"},{"id":3,"status":1,"created":"2026-04-08T09:38:01.587305Z","modified":"2026-04-08T09:38:01.587305Z","username":"auditor_01","nickname":"审核员1"},{"id":1,"status":1,"created":"2026-04-08T08:37:44.993827Z","modified":"2026-04-08T09:37:25.117382Z","username":"super_admin","nickname":"超级管理员"}]},"msg":"请求成功"}
[2026-04-08 18:24:38,715] INFO fe4cd43b-7209-42ba-a4b7-84032974cdee Request Log Address(host='127.0.0.1', port=51515) GET http://localhost:8000/api/system/role?offset=1&limit=5 Headers({'accept-language': 'en-US,en;q=0.9,zh-CN;q=0.8,zh;q=0.7', 'accept-encoding': 'gzip, deflate, br, zstd', 'referer': 'http://localhost:5173/main/system/role', 'sec-fetch-dest': 'empty', 'sec-fetch-mode': 'cors', 'sec-fetch-site': 'same-origin', 'sec-ch-ua-mobile': '?0', 'sec-ch-ua': '"Chromium";v="146", "Not-A.Brand";v="24", "Google Chrome";v="146"', 'accept': 'application/json, text/plain, */*', 'user-agent': 'Mozilla/5.0 (Macintosh; Intel Mac OS X 10_15_7) AppleWebKit/537.36 (KHTML, like Gecko) Chrome/146.0.0.0 Safari/537.36', 'authorization': 'Bearer eyJhbGciOiJIUzI1NiIsInR5cCI6IkpXVCJ9.eyJzdWIiOiJzdXBlcl9hZG1pbiIsImV4cCI6MTc3NjI0ODYyMH0.bA_ZAgvcsufL_P031VaJYLpUmS4V7gJI6_HGTXzvwuY', 'sec-ch-ua-platform': '"macOS"', 'connection': 'close', 'host': 'localhost:8000'})
 b''
[2026-04-08 18:24:38,719] INFO fe4cd43b-7209-42ba-a4b7-84032974cdee Response Log 0.0042209625244140625s MutableHeaders({'content-length': '638', 'content-type': 'application/json', 'x-response-time': '0.0042209625244140625'})
 {"code":200,"data":{"total":4,"items":[{"id":3,"status":1,"created":"2026-04-08T09:06:09.299353Z","modified":"2026-04-08T09:06:09.299353Z","name":"auditor","remark":"审核员"},{"id":4,"status":1,"created":"2026-04-08T09:06:09.299353Z","modified":"2026-04-08T09:06:09.299353Z","name":"viewer","remark":"查看员"},{"id":2,"status":1,"created":"2026-04-08T09:06:09.299353Z","modified":"2026-04-08T09:27:14.388720Z","name":"system_admin","remark":"系统管理员"},{"id":1,"status":1,"created":"2026-04-08T08:37:44.993827Z","modified":"2026-04-08T09:23:42.398415Z","name":"super_admin","remark":"超级管理员"}]},"msg":"请求成功"}
[2026-04-09 16:56:23,290] INFO 8e2f29ec-a4a7-4e4c-aa88-5c5e5229a726 Request Log Address(host='127.0.0.1', port=53710) GET http://localhost:8000/api/system/user?offset=1&limit=5 Headers({'accept-language': 'en-US,en;q=0.9,zh-CN;q=0.8,zh;q=0.7', 'accept-encoding': 'gzip, deflate, br, zstd', 'referer': 'http://localhost:5173/main/system/user', 'sec-fetch-dest': 'empty', 'sec-fetch-mode': 'cors', 'sec-fetch-site': 'same-origin', 'sec-ch-ua-mobile': '?0', 'sec-ch-ua': '"Chromium";v="146", "Not-A.Brand";v="24", "Google Chrome";v="146"', 'accept': 'application/json, text/plain, */*', 'user-agent': 'Mozilla/5.0 (Macintosh; Intel Mac OS X 10_15_7) AppleWebKit/537.36 (KHTML, like Gecko) Chrome/146.0.0.0 Safari/537.36', 'authorization': 'Bearer eyJhbGciOiJIUzI1NiIsInR5cCI6IkpXVCJ9.eyJzdWIiOiJzdXBlcl9hZG1pbiIsImV4cCI6MTc3NjI0ODYyMH0.bA_ZAgvcsufL_P031VaJYLpUmS4V7gJI6_HGTXzvwuY', 'sec-ch-ua-platform': '"macOS"', 'connection': 'close', 'host': 'localhost:8000'})
 b''
[2026-04-09 16:56:23,313] INFO 8e2f29ec-a4a7-4e4c-aa88-5c5e5229a726 Response Log 0.022062063217163086s MutableHeaders({'content-length': '670', 'content-type': 'application/json', 'x-response-time': '0.022062063217163086'})
 {"code":200,"data":{"total":4,"items":[{"id":4,"status":1,"created":"2026-04-08T09:39:23.606547Z","modified":"2026-04-08T09:39:23.606547Z","username":"viewer_01","nickname":"查看员1"},{"id":2,"status":1,"created":"2026-04-08T09:38:01.587305Z","modified":"2026-04-08T09:38:01.587305Z","username":"system_admin","nickname":"系统管理员"},{"id":3,"status":1,"created":"2026-04-08T09:38:01.587305Z","modified":"2026-04-08T09:38:01.587305Z","username":"auditor_01","nickname":"审核员1"},{"id":1,"status":1,"created":"2026-04-08T08:37:44.993827Z","modified":"2026-04-08T09:37:25.117382Z","username":"super_admin","nickname":"超级管理员"}]},"msg":"请求成功"}
[2026-04-09 16:56:24,004] INFO ea8af818-4929-4113-a015-1e149a992e8f Request Log Address(host='127.0.0.1', port=53718) GET http://localhost:8000/api/system/role?offset=1&limit=5 Headers({'accept-language': 'en-US,en;q=0.9,zh-CN;q=0.8,zh;q=0.7', 'accept-encoding': 'gzip, deflate, br, zstd', 'referer': 'http://localhost:5173/main/system/role', 'sec-fetch-dest': 'empty', 'sec-fetch-mode': 'cors', 'sec-fetch-site': 'same-origin', 'sec-ch-ua-mobile': '?0', 'sec-ch-ua': '"Chromium";v="146", "Not-A.Brand";v="24", "Google Chrome";v="146"', 'accept': 'application/json, text/plain, */*', 'user-agent': 'Mozilla/5.0 (Macintosh; Intel Mac OS X 10_15_7) AppleWebKit/537.36 (KHTML, like Gecko) Chrome/146.0.0.0 Safari/537.36', 'authorization': 'Bearer eyJhbGciOiJIUzI1NiIsInR5cCI6IkpXVCJ9.eyJzdWIiOiJzdXBlcl9hZG1pbiIsImV4cCI6MTc3NjI0ODYyMH0.bA_ZAgvcsufL_P031VaJYLpUmS4V7gJI6_HGTXzvwuY', 'sec-ch-ua-platform': '"macOS"', 'connection': 'close', 'host': 'localhost:8000'})
 b''
[2026-04-09 16:56:24,010] INFO ea8af818-4929-4113-a015-1e149a992e8f Response Log 0.005949974060058594s MutableHeaders({'content-length': '638', 'content-type': 'application/json', 'x-response-time': '0.005949974060058594'})
 {"code":200,"data":{"total":4,"items":[{"id":3,"status":1,"created":"2026-04-08T09:06:09.299353Z","modified":"2026-04-08T09:06:09.299353Z","name":"auditor","remark":"审核员"},{"id":4,"status":1,"created":"2026-04-08T09:06:09.299353Z","modified":"2026-04-08T09:06:09.299353Z","name":"viewer","remark":"查看员"},{"id":2,"status":1,"created":"2026-04-08T09:06:09.299353Z","modified":"2026-04-08T09:27:14.388720Z","name":"system_admin","remark":"系统管理员"},{"id":1,"status":1,"created":"2026-04-08T08:37:44.993827Z","modified":"2026-04-08T09:23:42.398415Z","name":"super_admin","remark":"超级管理员"}]},"msg":"请求成功"}
[2026-04-09 16:56:24,724] INFO b471730d-526f-4cb6-90b0-5939955cf689 Request Log Address(host='127.0.0.1', port=53725) GET http://localhost:8000/api/system/menu Headers({'accept-language': 'en-US,en;q=0.9,zh-CN;q=0.8,zh;q=0.7', 'accept-encoding': 'gzip, deflate, br, zstd', 'referer': 'http://localhost:5173/main/system/menu', 'sec-fetch-dest': 'empty', 'sec-fetch-mode': 'cors', 'sec-fetch-site': 'same-origin', 'sec-ch-ua-mobile': '?0', 'sec-ch-ua': '"Chromium";v="146", "Not-A.Brand";v="24", "Google Chrome";v="146"', 'accept': 'application/json, text/plain, */*', 'user-agent': 'Mozilla/5.0 (Macintosh; Intel Mac OS X 10_15_7) AppleWebKit/537.36 (KHTML, like Gecko) Chrome/146.0.0.0 Safari/537.36', 'authorization': 'Bearer eyJhbGciOiJIUzI1NiIsInR5cCI6IkpXVCJ9.eyJzdWIiOiJzdXBlcl9hZG1pbiIsImV4cCI6MTc3NjI0ODYyMH0.bA_ZAgvcsufL_P031VaJYLpUmS4V7gJI6_HGTXzvwuY', 'sec-ch-ua-platform': '"macOS"', 'connection': 'close', 'host': 'localhost:8000'})
 b''
[2026-04-09 16:56:24,726] INFO b471730d-526f-4cb6-90b0-5939955cf689 Response Log 0.002249002456665039s MutableHeaders({'content-length': '4544', 'content-type': 'application/json', 'x-response-time': '0.002249002456665039'})
 {"code":200,"data":[{"id":1,"status":1,"created":"2026-04-08T08:37:44.993827Z","modified":"2026-04-08T08:37:44.993827Z","name":"系统管理","icon":"SettingOutlined","path":"/main/system","type":0,"component":null,"pid":0,"identifier":null,"api":null,"method":null,"children":[{"id":2,"status":1,"created":"2026-04-08T08:37:44.993827Z","modified":"2026-04-08T08:37:44.993827Z","name":"用户管理","icon":"UserOutlined","path":"/main/system/user","type":1,"component":"user/user","pid":1,"identifier":null,"api":"/api/system/user","method":"GET","children":[{"id":101,"status":1,"created":"2026-04-08T10:22:33.358711Z","modified":"2026-04-08T10:22:33.358711Z","name":"新增用户","icon":null,"path":null,"type":2,"component":null,"pid":2,"identifier":"user:create","api":"/api/system/user","method":"POST"},{"id":102,"status":1,"created":"2026-04-08T10:22:33.358711Z","modified":"2026-04-08T10:22:33.358711Z","name":"编辑用户","icon":null,"path":null,"type":2,"component":null,"pid":2,"identifier":"user:update","api":"/api/system/user/{pk}","method":"PUT"},{"id":103,"status":1,"created":"2026-04-08T10:22:33.358711Z","modified":"2026-04-08T10:22:33.358711Z","name":"删除用户","icon":null,"path":null,"type":2,"component":null,"pid":2,"identifier":"user:delete","api":"/api/system/user/{pk}","method":"DELETE"}]},{"id":3,"status":1,"created":"2026-04-08T08:37:44.993827Z","modified":"2026-04-08T08:37:44.993827Z","name":"角色管理","icon":"TeamOutlined","path":"/main/system/role","type":1,"component":"role/role","pid":1,"identifier":null,"api":"/api/system/role","method":"GET","children":[{"id":111,"status":1,"created":"2026-04-08T10:22:33.358711Z","modified":"2026-04-08T10:22:33.358711Z","name":"新增角色","icon":null,"path":null,"type":2,"component":null,"pid":3,"identifier":"role:create","api":"/api/system/role","method":"POST"},{"id":112,"status":1,"created":"2026-04-08T10:22:33.358711Z","modified":"2026-04-08T10:22:33.358711Z","name":"编辑角色","icon":null,"path":null,"type":2,"component":null,"pid":3,"identifier":"role:update","api":"/api/system/role/{pk}","method":"PUT"},{"id":113,"status":1,"created":"2026-04-08T10:22:33.358711Z","modified":"2026-04-08T10:22:33.358711Z","name":"删除角色","icon":null,"path":null,"type":2,"component":null,"pid":3,"identifier":"role:delete","api":"/api/system/role/{pk}","method":"DELETE"}]},{"id":4,"status":1,"created":"2026-04-08T08:37:44.993827Z","modified":"2026-04-08T08:37:44.993827Z","name":"菜单管理","icon":"MenuOutlined","path":"/main/system/menu","type":1,"component":"menu/menu","pid":1,"identifier":null,"api":"/api/system/menu","method":"GET","children":[{"id":121,"status":1,"created":"2026-04-08T10:22:33.358711Z","modified":"2026-04-08T10:22:33.358711Z","name":"新增菜单","icon":null,"path":null,"type":2,"component":null,"pid":4,"identifier":"menu:create","api":"/api/system/menu","method":"POST"},{"id":122,"status":1,"created":"2026-04-08T10:22:33.358711Z","modified":"2026-04-08T10:22:33.358711Z","name":"编辑菜单","icon":null,"path":null,"type":2,"component":null,"pid":4,"identifier":"menu:update","api":"/api/system/menu/{pk}","method":"PUT"},{"id":123,"status":1,"created":"2026-04-08T10:22:33.358711Z","modified":"2026-04-08T10:22:33.358711Z","name":"删除菜单","icon":null,"path":null,"type":2,"component":null,"pid":4,"identifier":"menu:delete","api":"/api/system/menu/{pk}","method":"DELETE"}]}]},{"id":10,"status":1,"created":"2026-04-08T08:37:44.993827Z","modified":"2026-04-08T08:37:44.993827Z","name":"审核中心","icon":"AuditOutlined","path":"/main/audit","type":0,"component":null,"pid":0,"identifier":null,"api":null,"method":null,"children":[{"id":11,"status":1,"created":"2026-04-08T08:37:44.993827Z","modified":"2026-04-08T08:37:44.993827Z","name":"规则库","icon":"DatabaseOutlined","path":"/main/audit/rules","type":1,"component":"audit/rules","pid":10,"identifier":null,"api":"/api/audit/rules","method":"GET"},{"id":12,"status":1,"created":"2026-04-08T08:37:44.993827Z","modified":"2026-04-08T08:37:44.993827Z","name":"规则检索","icon":"SearchOutlined","path":"/main/audit/search","type":1,"component":"audit/search","pid":10,"identifier":null,"api":"/api/audit/search","method":"POST"},{"id":13,"status":1,"created":"2026-04-08T08:37:44.993827Z","modified":"2026-04-08T08:37:44.993827Z","name":"合规判定","icon":"CheckCircleOutlined","path":"/main/audit/judge","type":1,"component":"audit/judge","pid":10,"identifier":null,"api":"/api/audit/judge","method":"POST"}]}],"msg":"请求成功"}
[2026-04-09 16:56:31,014] INFO 62fe9856-6d23-4c2e-9d85-5e1d29668110 Request Log Address(host='127.0.0.1', port=53750) GET http://localhost:8000/api/system/user?offset=1&limit=5 Headers({'accept-language': 'en-US,en;q=0.9,zh-CN;q=0.8,zh;q=0.7', 'accept-encoding': 'gzip, deflate, br, zstd', 'referer': 'http://localhost:5173/main/system/user', 'sec-fetch-dest': 'empty', 'sec-fetch-mode': 'cors', 'sec-fetch-site': 'same-origin', 'sec-ch-ua-mobile': '?0', 'sec-ch-ua': '"Chromium";v="146", "Not-A.Brand";v="24", "Google Chrome";v="146"', 'accept': 'application/json, text/plain, */*', 'user-agent': 'Mozilla/5.0 (Macintosh; Intel Mac OS X 10_15_7) AppleWebKit/537.36 (KHTML, like Gecko) Chrome/146.0.0.0 Safari/537.36', 'authorization': 'Bearer eyJhbGciOiJIUzI1NiIsInR5cCI6IkpXVCJ9.eyJzdWIiOiJzdXBlcl9hZG1pbiIsImV4cCI6MTc3NjI0ODYyMH0.bA_ZAgvcsufL_P031VaJYLpUmS4V7gJI6_HGTXzvwuY', 'sec-ch-ua-platform': '"macOS"', 'connection': 'close', 'host': 'localhost:8000'})
 b''
[2026-04-09 16:56:31,020] INFO 62fe9856-6d23-4c2e-9d85-5e1d29668110 Response Log 0.005880117416381836s MutableHeaders({'content-length': '670', 'content-type': 'application/json', 'x-response-time': '0.005880117416381836'})
 {"code":200,"data":{"total":4,"items":[{"id":4,"status":1,"created":"2026-04-08T09:39:23.606547Z","modified":"2026-04-08T09:39:23.606547Z","username":"viewer_01","nickname":"查看员1"},{"id":2,"status":1,"created":"2026-04-08T09:38:01.587305Z","modified":"2026-04-08T09:38:01.587305Z","username":"system_admin","nickname":"系统管理员"},{"id":3,"status":1,"created":"2026-04-08T09:38:01.587305Z","modified":"2026-04-08T09:38:01.587305Z","username":"auditor_01","nickname":"审核员1"},{"id":1,"status":1,"created":"2026-04-08T08:37:44.993827Z","modified":"2026-04-08T09:37:25.117382Z","username":"super_admin","nickname":"超级管理员"}]},"msg":"请求成功"}
[2026-04-09 16:56:39,604] INFO 418d66ad-efb9-4390-9f8e-c7558541c6c3 Request Log Address(host='127.0.0.1', port=53784) GET http://localhost:8000/api/system/user?offset=1&limit=5 Headers({'accept-language': 'en-US,en;q=0.9,zh-CN;q=0.8,zh;q=0.7', 'accept-encoding': 'gzip, deflate, br, zstd', 'referer': 'http://localhost:5173/main/system/user', 'sec-fetch-dest': 'empty', 'sec-fetch-mode': 'cors', 'sec-fetch-site': 'same-origin', 'sec-ch-ua-mobile': '?0', 'sec-ch-ua': '"Chromium";v="146", "Not-A.Brand";v="24", "Google Chrome";v="146"', 'accept': 'application/json, text/plain, */*', 'user-agent': 'Mozilla/5.0 (Macintosh; Intel Mac OS X 10_15_7) AppleWebKit/537.36 (KHTML, like Gecko) Chrome/146.0.0.0 Safari/537.36', 'authorization': 'Bearer eyJhbGciOiJIUzI1NiIsInR5cCI6IkpXVCJ9.eyJzdWIiOiJzdXBlcl9hZG1pbiIsImV4cCI6MTc3NjI0ODYyMH0.bA_ZAgvcsufL_P031VaJYLpUmS4V7gJI6_HGTXzvwuY', 'sec-ch-ua-platform': '"macOS"', 'connection': 'close', 'host': 'localhost:8000'})
 b''
[2026-04-09 16:56:39,608] INFO 418d66ad-efb9-4390-9f8e-c7558541c6c3 Response Log 0.0042572021484375s MutableHeaders({'content-length': '670', 'content-type': 'application/json', 'x-response-time': '0.0042572021484375'})
 {"code":200,"data":{"total":4,"items":[{"id":4,"status":1,"created":"2026-04-08T09:39:23.606547Z","modified":"2026-04-08T09:39:23.606547Z","username":"viewer_01","nickname":"查看员1"},{"id":2,"status":1,"created":"2026-04-08T09:38:01.587305Z","modified":"2026-04-08T09:38:01.587305Z","username":"system_admin","nickname":"系统管理员"},{"id":3,"status":1,"created":"2026-04-08T09:38:01.587305Z","modified":"2026-04-08T09:38:01.587305Z","username":"auditor_01","nickname":"审核员1"},{"id":1,"status":1,"created":"2026-04-08T08:37:44.993827Z","modified":"2026-04-08T09:37:25.117382Z","username":"super_admin","nickname":"超级管理员"}]},"msg":"请求成功"}
[2026-04-09 16:56:56,580] INFO 5f295850-c762-4d7d-bd99-135d10b6993a Request Log Address(host='127.0.0.1', port=53837) GET http://localhost:8000/api/system/role?offset=1&limit=5 Headers({'accept-language': 'en-US,en;q=0.9,zh-CN;q=0.8,zh;q=0.7', 'accept-encoding': 'gzip, deflate, br, zstd', 'referer': 'http://localhost:5173/main/system/role', 'sec-fetch-dest': 'empty', 'sec-fetch-mode': 'cors', 'sec-fetch-site': 'same-origin', 'sec-ch-ua-mobile': '?0', 'sec-ch-ua': '"Chromium";v="146", "Not-A.Brand";v="24", "Google Chrome";v="146"', 'accept': 'application/json, text/plain, */*', 'user-agent': 'Mozilla/5.0 (Macintosh; Intel Mac OS X 10_15_7) AppleWebKit/537.36 (KHTML, like Gecko) Chrome/146.0.0.0 Safari/537.36', 'authorization': 'Bearer eyJhbGciOiJIUzI1NiIsInR5cCI6IkpXVCJ9.eyJzdWIiOiJzdXBlcl9hZG1pbiIsImV4cCI6MTc3NjI0ODYyMH0.bA_ZAgvcsufL_P031VaJYLpUmS4V7gJI6_HGTXzvwuY', 'sec-ch-ua-platform': '"macOS"', 'connection': 'close', 'host': 'localhost:8000'})
 b''
[2026-04-09 16:56:56,584] INFO 5f295850-c762-4d7d-bd99-135d10b6993a Response Log 0.004320859909057617s MutableHeaders({'content-length': '638', 'content-type': 'application/json', 'x-response-time': '0.004320859909057617'})
 {"code":200,"data":{"total":4,"items":[{"id":3,"status":1,"created":"2026-04-08T09:06:09.299353Z","modified":"2026-04-08T09:06:09.299353Z","name":"auditor","remark":"审核员"},{"id":4,"status":1,"created":"2026-04-08T09:06:09.299353Z","modified":"2026-04-08T09:06:09.299353Z","name":"viewer","remark":"查看员"},{"id":2,"status":1,"created":"2026-04-08T09:06:09.299353Z","modified":"2026-04-08T09:27:14.388720Z","name":"system_admin","remark":"系统管理员"},{"id":1,"status":1,"created":"2026-04-08T08:37:44.993827Z","modified":"2026-04-08T09:23:42.398415Z","name":"super_admin","remark":"超级管理员"}]},"msg":"请求成功"}
[2026-04-09 16:56:57,640] INFO b7cf8559-6abe-4f8a-9e39-28ff38f145bd Request Log Address(host='127.0.0.1', port=53844) GET http://localhost:8000/api/system/menu Headers({'accept-language': 'en-US,en;q=0.9,zh-CN;q=0.8,zh;q=0.7', 'accept-encoding': 'gzip, deflate, br, zstd', 'referer': 'http://localhost:5173/main/system/menu', 'sec-fetch-dest': 'empty', 'sec-fetch-mode': 'cors', 'sec-fetch-site': 'same-origin', 'sec-ch-ua-mobile': '?0', 'sec-ch-ua': '"Chromium";v="146", "Not-A.Brand";v="24", "Google Chrome";v="146"', 'accept': 'application/json, text/plain, */*', 'user-agent': 'Mozilla/5.0 (Macintosh; Intel Mac OS X 10_15_7) AppleWebKit/537.36 (KHTML, like Gecko) Chrome/146.0.0.0 Safari/537.36', 'authorization': 'Bearer eyJhbGciOiJIUzI1NiIsInR5cCI6IkpXVCJ9.eyJzdWIiOiJzdXBlcl9hZG1pbiIsImV4cCI6MTc3NjI0ODYyMH0.bA_ZAgvcsufL_P031VaJYLpUmS4V7gJI6_HGTXzvwuY', 'sec-ch-ua-platform': '"macOS"', 'connection': 'close', 'host': 'localhost:8000'})
 b''
[2026-04-09 16:56:57,642] INFO b7cf8559-6abe-4f8a-9e39-28ff38f145bd Response Log 0.0015821456909179688s MutableHeaders({'content-length': '4544', 'content-type': 'application/json', 'x-response-time': '0.0015821456909179688'})
 {"code":200,"data":[{"id":1,"status":1,"created":"2026-04-08T08:37:44.993827Z","modified":"2026-04-08T08:37:44.993827Z","name":"系统管理","icon":"SettingOutlined","path":"/main/system","type":0,"component":null,"pid":0,"identifier":null,"api":null,"method":null,"children":[{"id":2,"status":1,"created":"2026-04-08T08:37:44.993827Z","modified":"2026-04-08T08:37:44.993827Z","name":"用户管理","icon":"UserOutlined","path":"/main/system/user","type":1,"component":"user/user","pid":1,"identifier":null,"api":"/api/system/user","method":"GET","children":[{"id":101,"status":1,"created":"2026-04-08T10:22:33.358711Z","modified":"2026-04-08T10:22:33.358711Z","name":"新增用户","icon":null,"path":null,"type":2,"component":null,"pid":2,"identifier":"user:create","api":"/api/system/user","method":"POST"},{"id":102,"status":1,"created":"2026-04-08T10:22:33.358711Z","modified":"2026-04-08T10:22:33.358711Z","name":"编辑用户","icon":null,"path":null,"type":2,"component":null,"pid":2,"identifier":"user:update","api":"/api/system/user/{pk}","method":"PUT"},{"id":103,"status":1,"created":"2026-04-08T10:22:33.358711Z","modified":"2026-04-08T10:22:33.358711Z","name":"删除用户","icon":null,"path":null,"type":2,"component":null,"pid":2,"identifier":"user:delete","api":"/api/system/user/{pk}","method":"DELETE"}]},{"id":3,"status":1,"created":"2026-04-08T08:37:44.993827Z","modified":"2026-04-08T08:37:44.993827Z","name":"角色管理","icon":"TeamOutlined","path":"/main/system/role","type":1,"component":"role/role","pid":1,"identifier":null,"api":"/api/system/role","method":"GET","children":[{"id":111,"status":1,"created":"2026-04-08T10:22:33.358711Z","modified":"2026-04-08T10:22:33.358711Z","name":"新增角色","icon":null,"path":null,"type":2,"component":null,"pid":3,"identifier":"role:create","api":"/api/system/role","method":"POST"},{"id":112,"status":1,"created":"2026-04-08T10:22:33.358711Z","modified":"2026-04-08T10:22:33.358711Z","name":"编辑角色","icon":null,"path":null,"type":2,"component":null,"pid":3,"identifier":"role:update","api":"/api/system/role/{pk}","method":"PUT"},{"id":113,"status":1,"created":"2026-04-08T10:22:33.358711Z","modified":"2026-04-08T10:22:33.358711Z","name":"删除角色","icon":null,"path":null,"type":2,"component":null,"pid":3,"identifier":"role:delete","api":"/api/system/role/{pk}","method":"DELETE"}]},{"id":4,"status":1,"created":"2026-04-08T08:37:44.993827Z","modified":"2026-04-08T08:37:44.993827Z","name":"菜单管理","icon":"MenuOutlined","path":"/main/system/menu","type":1,"component":"menu/menu","pid":1,"identifier":null,"api":"/api/system/menu","method":"GET","children":[{"id":121,"status":1,"created":"2026-04-08T10:22:33.358711Z","modified":"2026-04-08T10:22:33.358711Z","name":"新增菜单","icon":null,"path":null,"type":2,"component":null,"pid":4,"identifier":"menu:create","api":"/api/system/menu","method":"POST"},{"id":122,"status":1,"created":"2026-04-08T10:22:33.358711Z","modified":"2026-04-08T10:22:33.358711Z","name":"编辑菜单","icon":null,"path":null,"type":2,"component":null,"pid":4,"identifier":"menu:update","api":"/api/system/menu/{pk}","method":"PUT"},{"id":123,"status":1,"created":"2026-04-08T10:22:33.358711Z","modified":"2026-04-08T10:22:33.358711Z","name":"删除菜单","icon":null,"path":null,"type":2,"component":null,"pid":4,"identifier":"menu:delete","api":"/api/system/menu/{pk}","method":"DELETE"}]}]},{"id":10,"status":1,"created":"2026-04-08T08:37:44.993827Z","modified":"2026-04-08T08:37:44.993827Z","name":"审核中心","icon":"AuditOutlined","path":"/main/audit","type":0,"component":null,"pid":0,"identifier":null,"api":null,"method":null,"children":[{"id":11,"status":1,"created":"2026-04-08T08:37:44.993827Z","modified":"2026-04-08T08:37:44.993827Z","name":"规则库","icon":"DatabaseOutlined","path":"/main/audit/rules","type":1,"component":"audit/rules","pid":10,"identifier":null,"api":"/api/audit/rules","method":"GET"},{"id":12,"status":1,"created":"2026-04-08T08:37:44.993827Z","modified":"2026-04-08T08:37:44.993827Z","name":"规则检索","icon":"SearchOutlined","path":"/main/audit/search","type":1,"component":"audit/search","pid":10,"identifier":null,"api":"/api/audit/search","method":"POST"},{"id":13,"status":1,"created":"2026-04-08T08:37:44.993827Z","modified":"2026-04-08T08:37:44.993827Z","name":"合规判定","icon":"CheckCircleOutlined","path":"/main/audit/judge","type":1,"component":"audit/judge","pid":10,"identifier":null,"api":"/api/audit/judge","method":"POST"}]}],"msg":"请求成功"}
[2026-04-09 16:56:58,578] INFO f03c6378-0a09-4ef0-8288-b9d5e6ef5782 Request Log Address(host='127.0.0.1', port=53849) GET http://localhost:8000/api/system/role?offset=1&limit=5 Headers({'accept-language': 'en-US,en;q=0.9,zh-CN;q=0.8,zh;q=0.7', 'accept-encoding': 'gzip, deflate, br, zstd', 'referer': 'http://localhost:5173/main/system/role', 'sec-fetch-dest': 'empty', 'sec-fetch-mode': 'cors', 'sec-fetch-site': 'same-origin', 'sec-ch-ua-mobile': '?0', 'sec-ch-ua': '"Chromium";v="146", "Not-A.Brand";v="24", "Google Chrome";v="146"', 'accept': 'application/json, text/plain, */*', 'user-agent': 'Mozilla/5.0 (Macintosh; Intel Mac OS X 10_15_7) AppleWebKit/537.36 (KHTML, like Gecko) Chrome/146.0.0.0 Safari/537.36', 'authorization': 'Bearer eyJhbGciOiJIUzI1NiIsInR5cCI6IkpXVCJ9.eyJzdWIiOiJzdXBlcl9hZG1pbiIsImV4cCI6MTc3NjI0ODYyMH0.bA_ZAgvcsufL_P031VaJYLpUmS4V7gJI6_HGTXzvwuY', 'sec-ch-ua-platform': '"macOS"', 'connection': 'close', 'host': 'localhost:8000'})
 b''
[2026-04-09 16:56:58,582] INFO f03c6378-0a09-4ef0-8288-b9d5e6ef5782 Response Log 0.003816843032836914s MutableHeaders({'content-length': '638', 'content-type': 'application/json', 'x-response-time': '0.003816843032836914'})
 {"code":200,"data":{"total":4,"items":[{"id":3,"status":1,"created":"2026-04-08T09:06:09.299353Z","modified":"2026-04-08T09:06:09.299353Z","name":"auditor","remark":"审核员"},{"id":4,"status":1,"created":"2026-04-08T09:06:09.299353Z","modified":"2026-04-08T09:06:09.299353Z","name":"viewer","remark":"查看员"},{"id":2,"status":1,"created":"2026-04-08T09:06:09.299353Z","modified":"2026-04-08T09:27:14.388720Z","name":"system_admin","remark":"系统管理员"},{"id":1,"status":1,"created":"2026-04-08T08:37:44.993827Z","modified":"2026-04-08T09:23:42.398415Z","name":"super_admin","remark":"超级管理员"}]},"msg":"请求成功"}
[2026-04-09 16:57:02,502] INFO 40855d97-aeee-4c74-b153-dfd4b17a49a7 Request Log Address(host='127.0.0.1', port=53862) GET http://localhost:8000/api/system/user?offset=1&limit=5 Headers({'accept-language': 'en-US,en;q=0.9,zh-CN;q=0.8,zh;q=0.7', 'accept-encoding': 'gzip, deflate, br, zstd', 'referer': 'http://localhost:5173/main/system/user', 'sec-fetch-dest': 'empty', 'sec-fetch-mode': 'cors', 'sec-fetch-site': 'same-origin', 'sec-ch-ua-mobile': '?0', 'sec-ch-ua': '"Chromium";v="146", "Not-A.Brand";v="24", "Google Chrome";v="146"', 'accept': 'application/json, text/plain, */*', 'user-agent': 'Mozilla/5.0 (Macintosh; Intel Mac OS X 10_15_7) AppleWebKit/537.36 (KHTML, like Gecko) Chrome/146.0.0.0 Safari/537.36', 'authorization': 'Bearer eyJhbGciOiJIUzI1NiIsInR5cCI6IkpXVCJ9.eyJzdWIiOiJzdXBlcl9hZG1pbiIsImV4cCI6MTc3NjI0ODYyMH0.bA_ZAgvcsufL_P031VaJYLpUmS4V7gJI6_HGTXzvwuY', 'sec-ch-ua-platform': '"macOS"', 'connection': 'close', 'host': 'localhost:8000'})
 b''
[2026-04-09 16:57:02,506] INFO 40855d97-aeee-4c74-b153-dfd4b17a49a7 Response Log 0.00403904914855957s MutableHeaders({'content-length': '670', 'content-type': 'application/json', 'x-response-time': '0.00403904914855957'})
 {"code":200,"data":{"total":4,"items":[{"id":4,"status":1,"created":"2026-04-08T09:39:23.606547Z","modified":"2026-04-08T09:39:23.606547Z","username":"viewer_01","nickname":"查看员1"},{"id":2,"status":1,"created":"2026-04-08T09:38:01.587305Z","modified":"2026-04-08T09:38:01.587305Z","username":"system_admin","nickname":"系统管理员"},{"id":3,"status":1,"created":"2026-04-08T09:38:01.587305Z","modified":"2026-04-08T09:38:01.587305Z","username":"auditor_01","nickname":"审核员1"},{"id":1,"status":1,"created":"2026-04-08T08:37:44.993827Z","modified":"2026-04-08T09:37:25.117382Z","username":"super_admin","nickname":"超级管理员"}]},"msg":"请求成功"}
[2026-04-09 16:57:03,126] INFO 5eff053f-13f3-4f6d-9e2e-9d82e89f9d27 Request Log Address(host='127.0.0.1', port=53869) GET http://localhost:8000/api/system/role?offset=1&limit=5 Headers({'accept-language': 'en-US,en;q=0.9,zh-CN;q=0.8,zh;q=0.7', 'accept-encoding': 'gzip, deflate, br, zstd', 'referer': 'http://localhost:5173/main/system/role', 'sec-fetch-dest': 'empty', 'sec-fetch-mode': 'cors', 'sec-fetch-site': 'same-origin', 'sec-ch-ua-mobile': '?0', 'sec-ch-ua': '"Chromium";v="146", "Not-A.Brand";v="24", "Google Chrome";v="146"', 'accept': 'application/json, text/plain, */*', 'user-agent': 'Mozilla/5.0 (Macintosh; Intel Mac OS X 10_15_7) AppleWebKit/537.36 (KHTML, like Gecko) Chrome/146.0.0.0 Safari/537.36', 'authorization': 'Bearer eyJhbGciOiJIUzI1NiIsInR5cCI6IkpXVCJ9.eyJzdWIiOiJzdXBlcl9hZG1pbiIsImV4cCI6MTc3NjI0ODYyMH0.bA_ZAgvcsufL_P031VaJYLpUmS4V7gJI6_HGTXzvwuY', 'sec-ch-ua-platform': '"macOS"', 'connection': 'close', 'host': 'localhost:8000'})
 b''
[2026-04-09 16:57:03,130] INFO 5eff053f-13f3-4f6d-9e2e-9d82e89f9d27 Response Log 0.0037407875061035156s MutableHeaders({'content-length': '638', 'content-type': 'application/json', 'x-response-time': '0.0037407875061035156'})
 {"code":200,"data":{"total":4,"items":[{"id":3,"status":1,"created":"2026-04-08T09:06:09.299353Z","modified":"2026-04-08T09:06:09.299353Z","name":"auditor","remark":"审核员"},{"id":4,"status":1,"created":"2026-04-08T09:06:09.299353Z","modified":"2026-04-08T09:06:09.299353Z","name":"viewer","remark":"查看员"},{"id":2,"status":1,"created":"2026-04-08T09:06:09.299353Z","modified":"2026-04-08T09:27:14.388720Z","name":"system_admin","remark":"系统管理员"},{"id":1,"status":1,"created":"2026-04-08T08:37:44.993827Z","modified":"2026-04-08T09:23:42.398415Z","name":"super_admin","remark":"超级管理员"}]},"msg":"请求成功"}
[2026-04-09 17:12:20,609] INFO d1dfd98a-6356-485c-b20f-18c9149935e2 Request Log Address(host='127.0.0.1', port=57644) GET http://localhost:8000/api/system/menu Headers({'accept-language': 'en-US,en;q=0.9,zh-CN;q=0.8,zh;q=0.7', 'accept-encoding': 'gzip, deflate, br, zstd', 'referer': 'http://localhost:5173/main/system/role', 'sec-fetch-dest': 'empty', 'sec-fetch-mode': 'cors', 'sec-fetch-site': 'same-origin', 'sec-ch-ua-mobile': '?0', 'sec-ch-ua': '"Chromium";v="146", "Not-A.Brand";v="24", "Google Chrome";v="146"', 'accept': 'application/json, text/plain, */*', 'user-agent': 'Mozilla/5.0 (Macintosh; Intel Mac OS X 10_15_7) AppleWebKit/537.36 (KHTML, like Gecko) Chrome/146.0.0.0 Safari/537.36', 'authorization': 'Bearer eyJhbGciOiJIUzI1NiIsInR5cCI6IkpXVCJ9.eyJzdWIiOiJzdXBlcl9hZG1pbiIsImV4cCI6MTc3NjI0ODYyMH0.bA_ZAgvcsufL_P031VaJYLpUmS4V7gJI6_HGTXzvwuY', 'sec-ch-ua-platform': '"macOS"', 'connection': 'close', 'host': 'localhost:8000'})
 b''
[2026-04-09 17:12:20,620] INFO d1dfd98a-6356-485c-b20f-18c9149935e2 Response Log 0.010927200317382812s MutableHeaders({'content-length': '4544', 'content-type': 'application/json', 'x-response-time': '0.010927200317382812'})
 {"code":200,"data":[{"id":1,"status":1,"created":"2026-04-08T08:37:44.993827Z","modified":"2026-04-08T08:37:44.993827Z","name":"系统管理","icon":"SettingOutlined","path":"/main/system","type":0,"component":null,"pid":0,"identifier":null,"api":null,"method":null,"children":[{"id":2,"status":1,"created":"2026-04-08T08:37:44.993827Z","modified":"2026-04-08T08:37:44.993827Z","name":"用户管理","icon":"UserOutlined","path":"/main/system/user","type":1,"component":"user/user","pid":1,"identifier":null,"api":"/api/system/user","method":"GET","children":[{"id":101,"status":1,"created":"2026-04-08T10:22:33.358711Z","modified":"2026-04-08T10:22:33.358711Z","name":"新增用户","icon":null,"path":null,"type":2,"component":null,"pid":2,"identifier":"user:create","api":"/api/system/user","method":"POST"},{"id":102,"status":1,"created":"2026-04-08T10:22:33.358711Z","modified":"2026-04-08T10:22:33.358711Z","name":"编辑用户","icon":null,"path":null,"type":2,"component":null,"pid":2,"identifier":"user:update","api":"/api/system/user/{pk}","method":"PUT"},{"id":103,"status":1,"created":"2026-04-08T10:22:33.358711Z","modified":"2026-04-08T10:22:33.358711Z","name":"删除用户","icon":null,"path":null,"type":2,"component":null,"pid":2,"identifier":"user:delete","api":"/api/system/user/{pk}","method":"DELETE"}]},{"id":3,"status":1,"created":"2026-04-08T08:37:44.993827Z","modified":"2026-04-08T08:37:44.993827Z","name":"角色管理","icon":"TeamOutlined","path":"/main/system/role","type":1,"component":"role/role","pid":1,"identifier":null,"api":"/api/system/role","method":"GET","children":[{"id":111,"status":1,"created":"2026-04-08T10:22:33.358711Z","modified":"2026-04-08T10:22:33.358711Z","name":"新增角色","icon":null,"path":null,"type":2,"component":null,"pid":3,"identifier":"role:create","api":"/api/system/role","method":"POST"},{"id":112,"status":1,"created":"2026-04-08T10:22:33.358711Z","modified":"2026-04-08T10:22:33.358711Z","name":"编辑角色","icon":null,"path":null,"type":2,"component":null,"pid":3,"identifier":"role:update","api":"/api/system/role/{pk}","method":"PUT"},{"id":113,"status":1,"created":"2026-04-08T10:22:33.358711Z","modified":"2026-04-08T10:22:33.358711Z","name":"删除角色","icon":null,"path":null,"type":2,"component":null,"pid":3,"identifier":"role:delete","api":"/api/system/role/{pk}","method":"DELETE"}]},{"id":4,"status":1,"created":"2026-04-08T08:37:44.993827Z","modified":"2026-04-08T08:37:44.993827Z","name":"菜单管理","icon":"MenuOutlined","path":"/main/system/menu","type":1,"component":"menu/menu","pid":1,"identifier":null,"api":"/api/system/menu","method":"GET","children":[{"id":121,"status":1,"created":"2026-04-08T10:22:33.358711Z","modified":"2026-04-08T10:22:33.358711Z","name":"新增菜单","icon":null,"path":null,"type":2,"component":null,"pid":4,"identifier":"menu:create","api":"/api/system/menu","method":"POST"},{"id":122,"status":1,"created":"2026-04-08T10:22:33.358711Z","modified":"2026-04-08T10:22:33.358711Z","name":"编辑菜单","icon":null,"path":null,"type":2,"component":null,"pid":4,"identifier":"menu:update","api":"/api/system/menu/{pk}","method":"PUT"},{"id":123,"status":1,"created":"2026-04-08T10:22:33.358711Z","modified":"2026-04-08T10:22:33.358711Z","name":"删除菜单","icon":null,"path":null,"type":2,"component":null,"pid":4,"identifier":"menu:delete","api":"/api/system/menu/{pk}","method":"DELETE"}]}]},{"id":10,"status":1,"created":"2026-04-08T08:37:44.993827Z","modified":"2026-04-08T08:37:44.993827Z","name":"审核中心","icon":"AuditOutlined","path":"/main/audit","type":0,"component":null,"pid":0,"identifier":null,"api":null,"method":null,"children":[{"id":11,"status":1,"created":"2026-04-08T08:37:44.993827Z","modified":"2026-04-08T08:37:44.993827Z","name":"规则库","icon":"DatabaseOutlined","path":"/main/audit/rules","type":1,"component":"audit/rules","pid":10,"identifier":null,"api":"/api/audit/rules","method":"GET"},{"id":12,"status":1,"created":"2026-04-08T08:37:44.993827Z","modified":"2026-04-08T08:37:44.993827Z","name":"规则检索","icon":"SearchOutlined","path":"/main/audit/search","type":1,"component":"audit/search","pid":10,"identifier":null,"api":"/api/audit/search","method":"POST"},{"id":13,"status":1,"created":"2026-04-08T08:37:44.993827Z","modified":"2026-04-08T08:37:44.993827Z","name":"合规判定","icon":"CheckCircleOutlined","path":"/main/audit/judge","type":1,"component":"audit/judge","pid":10,"identifier":null,"api":"/api/audit/judge","method":"POST"}]}],"msg":"请求成功"}
[2026-04-09 17:12:24,330] INFO 70fe6e28-d0a3-4f21-9052-52c16841874c Request Log Address(host='127.0.0.1', port=57658) GET http://localhost:8000/api/system/menu Headers({'accept-language': 'en-US,en;q=0.9,zh-CN;q=0.8,zh;q=0.7', 'accept-encoding': 'gzip, deflate, br, zstd', 'referer': 'http://localhost:5173/main/system/role', 'sec-fetch-dest': 'empty', 'sec-fetch-mode': 'cors', 'sec-fetch-site': 'same-origin', 'sec-ch-ua-mobile': '?0', 'sec-ch-ua': '"Chromium";v="146", "Not-A.Brand";v="24", "Google Chrome";v="146"', 'accept': 'application/json, text/plain, */*', 'user-agent': 'Mozilla/5.0 (Macintosh; Intel Mac OS X 10_15_7) AppleWebKit/537.36 (KHTML, like Gecko) Chrome/146.0.0.0 Safari/537.36', 'authorization': 'Bearer eyJhbGciOiJIUzI1NiIsInR5cCI6IkpXVCJ9.eyJzdWIiOiJzdXBlcl9hZG1pbiIsImV4cCI6MTc3NjI0ODYyMH0.bA_ZAgvcsufL_P031VaJYLpUmS4V7gJI6_HGTXzvwuY', 'sec-ch-ua-platform': '"macOS"', 'connection': 'close', 'host': 'localhost:8000'})
 b''
[2026-04-09 17:12:24,333] INFO 70fe6e28-d0a3-4f21-9052-52c16841874c Response Log 0.002691030502319336s MutableHeaders({'content-length': '4544', 'content-type': 'application/json', 'x-response-time': '0.002691030502319336'})
 {"code":200,"data":[{"id":1,"status":1,"created":"2026-04-08T08:37:44.993827Z","modified":"2026-04-08T08:37:44.993827Z","name":"系统管理","icon":"SettingOutlined","path":"/main/system","type":0,"component":null,"pid":0,"identifier":null,"api":null,"method":null,"children":[{"id":2,"status":1,"created":"2026-04-08T08:37:44.993827Z","modified":"2026-04-08T08:37:44.993827Z","name":"用户管理","icon":"UserOutlined","path":"/main/system/user","type":1,"component":"user/user","pid":1,"identifier":null,"api":"/api/system/user","method":"GET","children":[{"id":101,"status":1,"created":"2026-04-08T10:22:33.358711Z","modified":"2026-04-08T10:22:33.358711Z","name":"新增用户","icon":null,"path":null,"type":2,"component":null,"pid":2,"identifier":"user:create","api":"/api/system/user","method":"POST"},{"id":102,"status":1,"created":"2026-04-08T10:22:33.358711Z","modified":"2026-04-08T10:22:33.358711Z","name":"编辑用户","icon":null,"path":null,"type":2,"component":null,"pid":2,"identifier":"user:update","api":"/api/system/user/{pk}","method":"PUT"},{"id":103,"status":1,"created":"2026-04-08T10:22:33.358711Z","modified":"2026-04-08T10:22:33.358711Z","name":"删除用户","icon":null,"path":null,"type":2,"component":null,"pid":2,"identifier":"user:delete","api":"/api/system/user/{pk}","method":"DELETE"}]},{"id":3,"status":1,"created":"2026-04-08T08:37:44.993827Z","modified":"2026-04-08T08:37:44.993827Z","name":"角色管理","icon":"TeamOutlined","path":"/main/system/role","type":1,"component":"role/role","pid":1,"identifier":null,"api":"/api/system/role","method":"GET","children":[{"id":111,"status":1,"created":"2026-04-08T10:22:33.358711Z","modified":"2026-04-08T10:22:33.358711Z","name":"新增角色","icon":null,"path":null,"type":2,"component":null,"pid":3,"identifier":"role:create","api":"/api/system/role","method":"POST"},{"id":112,"status":1,"created":"2026-04-08T10:22:33.358711Z","modified":"2026-04-08T10:22:33.358711Z","name":"编辑角色","icon":null,"path":null,"type":2,"component":null,"pid":3,"identifier":"role:update","api":"/api/system/role/{pk}","method":"PUT"},{"id":113,"status":1,"created":"2026-04-08T10:22:33.358711Z","modified":"2026-04-08T10:22:33.358711Z","name":"删除角色","icon":null,"path":null,"type":2,"component":null,"pid":3,"identifier":"role:delete","api":"/api/system/role/{pk}","method":"DELETE"}]},{"id":4,"status":1,"created":"2026-04-08T08:37:44.993827Z","modified":"2026-04-08T08:37:44.993827Z","name":"菜单管理","icon":"MenuOutlined","path":"/main/system/menu","type":1,"component":"menu/menu","pid":1,"identifier":null,"api":"/api/system/menu","method":"GET","children":[{"id":121,"status":1,"created":"2026-04-08T10:22:33.358711Z","modified":"2026-04-08T10:22:33.358711Z","name":"新增菜单","icon":null,"path":null,"type":2,"component":null,"pid":4,"identifier":"menu:create","api":"/api/system/menu","method":"POST"},{"id":122,"status":1,"created":"2026-04-08T10:22:33.358711Z","modified":"2026-04-08T10:22:33.358711Z","name":"编辑菜单","icon":null,"path":null,"type":2,"component":null,"pid":4,"identifier":"menu:update","api":"/api/system/menu/{pk}","method":"PUT"},{"id":123,"status":1,"created":"2026-04-08T10:22:33.358711Z","modified":"2026-04-08T10:22:33.358711Z","name":"删除菜单","icon":null,"path":null,"type":2,"component":null,"pid":4,"identifier":"menu:delete","api":"/api/system/menu/{pk}","method":"DELETE"}]}]},{"id":10,"status":1,"created":"2026-04-08T08:37:44.993827Z","modified":"2026-04-08T08:37:44.993827Z","name":"审核中心","icon":"AuditOutlined","path":"/main/audit","type":0,"component":null,"pid":0,"identifier":null,"api":null,"method":null,"children":[{"id":11,"status":1,"created":"2026-04-08T08:37:44.993827Z","modified":"2026-04-08T08:37:44.993827Z","name":"规则库","icon":"DatabaseOutlined","path":"/main/audit/rules","type":1,"component":"audit/rules","pid":10,"identifier":null,"api":"/api/audit/rules","method":"GET"},{"id":12,"status":1,"created":"2026-04-08T08:37:44.993827Z","modified":"2026-04-08T08:37:44.993827Z","name":"规则检索","icon":"SearchOutlined","path":"/main/audit/search","type":1,"component":"audit/search","pid":10,"identifier":null,"api":"/api/audit/search","method":"POST"},{"id":13,"status":1,"created":"2026-04-08T08:37:44.993827Z","modified":"2026-04-08T08:37:44.993827Z","name":"合规判定","icon":"CheckCircleOutlined","path":"/main/audit/judge","type":1,"component":"audit/judge","pid":10,"identifier":null,"api":"/api/audit/judge","method":"POST"}]}],"msg":"请求成功"}
[2026-04-09 17:12:45,853] INFO b3677a4f-b8b7-4193-806d-35bbc8259053 Request Log Address(host='127.0.0.1', port=57773) POST http://localhost:8000/api/system/role Headers({'accept-language': 'en-US,en;q=0.9,zh-CN;q=0.8,zh;q=0.7', 'accept-encoding': 'gzip, deflate, br, zstd', 'referer': 'http://localhost:5173/main/system/role', 'sec-fetch-dest': 'empty', 'sec-fetch-mode': 'cors', 'sec-fetch-site': 'same-origin', 'origin': 'http://localhost:5173', 'sec-ch-ua-mobile': '?0', 'content-type': 'application/json', 'sec-ch-ua': '"Chromium";v="146", "Not-A.Brand";v="24", "Google Chrome";v="146"', 'accept': 'application/json, text/plain, */*', 'user-agent': 'Mozilla/5.0 (Macintosh; Intel Mac OS X 10_15_7) AppleWebKit/537.36 (KHTML, like Gecko) Chrome/146.0.0.0 Safari/537.36', 'authorization': 'Bearer eyJhbGciOiJIUzI1NiIsInR5cCI6IkpXVCJ9.eyJzdWIiOiJzdXBlcl9hZG1pbiIsImV4cCI6MTc3NjI0ODYyMH0.bA_ZAgvcsufL_P031VaJYLpUmS4V7gJI6_HGTXzvwuY', 'sec-ch-ua-platform': '"macOS"', 'content-length': '91', 'connection': 'close', 'host': 'localhost:8000'})
 b'{"name":"lihao","remark":"\xe7\xae\xa1\xe7\x90\x86\xe5\x91\x98","menus":[1,2,3,4,101,102,103,111,112,113,121,122,123]}'
[2026-04-09 17:12:45,865] ERROR b3677a4f-b8b7-4193-806d-35bbc8259053 Exception Log: duplicate key value violates unique constraint "sys_role_pkey"
DETAIL:  Key (id)=(1) already exists.
Traceback (most recent call last):
  File "/opt/homebrew/Caskroom/miniforge/base/envs/audit-project/lib/python3.11/site-packages/tortoise/backends/asyncpg/client.py", line 89, in _translate_exceptions
    return await func(self, *args, **kwargs)
           ^^^^^^^^^^^^^^^^^^^^^^^^^^^^^^^^^
  File "/opt/homebrew/Caskroom/miniforge/base/envs/audit-project/lib/python3.11/site-packages/tortoise/backends/asyncpg/client.py", line 112, in execute_insert
    return await connection.fetchrow(query, *values)
           ^^^^^^^^^^^^^^^^^^^^^^^^^^^^^^^^^^^^^^^^^
  File "/opt/homebrew/Caskroom/miniforge/base/envs/audit-project/lib/python3.11/site-packages/asyncpg/connection.py", line 752, in fetchrow
    data = await self._execute(
           ^^^^^^^^^^^^^^^^^^^^
  File "/opt/homebrew/Caskroom/miniforge/base/envs/audit-project/lib/python3.11/site-packages/asyncpg/connection.py", line 1873, in _execute
    result, _ = await self.__execute(
                ^^^^^^^^^^^^^^^^^^^^^
  File "/opt/homebrew/Caskroom/miniforge/base/envs/audit-project/lib/python3.11/site-packages/asyncpg/connection.py", line 1970, in __execute
    result, stmt = await self._do_execute(
                   ^^^^^^^^^^^^^^^^^^^^^^^
  File "/opt/homebrew/Caskroom/miniforge/base/envs/audit-project/lib/python3.11/site-packages/asyncpg/connection.py", line 2033, in _do_execute
    result = await executor(stmt, None)
             ^^^^^^^^^^^^^^^^^^^^^^^^^^
  File "asyncpg/protocol/protocol.pyx", line 205, in bind_execute
asyncpg.exceptions.UniqueViolationError: duplicate key value violates unique constraint "sys_role_pkey"
DETAIL:  Key (id)=(1) already exists.

During handling of the above exception, another exception occurred:

Traceback (most recent call last):
  File "/opt/homebrew/Caskroom/miniforge/base/envs/audit-project/lib/python3.11/site-packages/starlette/middleware/errors.py", line 164, in __call__
    await self.app(scope, receive, _send)
  File "/opt/homebrew/Caskroom/miniforge/base/envs/audit-project/lib/python3.11/site-packages/starlette/middleware/cors.py", line 96, in __call__
    await self.simple_response(scope, receive, send, request_headers=headers)
  File "/opt/homebrew/Caskroom/miniforge/base/envs/audit-project/lib/python3.11/site-packages/starlette/middleware/cors.py", line 154, in simple_response
    await self.app(scope, receive, send)
  File "/opt/homebrew/Caskroom/miniforge/base/envs/audit-project/lib/python3.11/site-packages/starlette/middleware/exceptions.py", line 63, in __call__
    await wrap_app_handling_exceptions(self.app, conn)(scope, receive, send)
  File "/opt/homebrew/Caskroom/miniforge/base/envs/audit-project/lib/python3.11/site-packages/starlette/_exception_handler.py", line 53, in wrapped_app
    raise exc
  File "/opt/homebrew/Caskroom/miniforge/base/envs/audit-project/lib/python3.11/site-packages/starlette/_exception_handler.py", line 42, in wrapped_app
    await app(scope, receive, sender)
  File "/opt/homebrew/Caskroom/miniforge/base/envs/audit-project/lib/python3.11/site-packages/fastapi/middleware/asyncexitstack.py", line 18, in __call__
    await self.app(scope, receive, send)
  File "/opt/homebrew/Caskroom/miniforge/base/envs/audit-project/lib/python3.11/site-packages/starlette/routing.py", line 660, in __call__
    await self.middleware_stack(scope, receive, send)
  File "/opt/homebrew/Caskroom/miniforge/base/envs/audit-project/lib/python3.11/site-packages/starlette/routing.py", line 680, in app
    await route.handle(scope, receive, send)
  File "/opt/homebrew/Caskroom/miniforge/base/envs/audit-project/lib/python3.11/site-packages/starlette/routing.py", line 276, in handle
    await self.app(scope, receive, send)
  File "/opt/homebrew/Caskroom/miniforge/base/envs/audit-project/lib/python3.11/site-packages/fastapi/routing.py", line 134, in app
    await wrap_app_handling_exceptions(app, request)(scope, receive, send)
  File "/opt/homebrew/Caskroom/miniforge/base/envs/audit-project/lib/python3.11/site-packages/starlette/_exception_handler.py", line 53, in wrapped_app
    raise exc
  File "/opt/homebrew/Caskroom/miniforge/base/envs/audit-project/lib/python3.11/site-packages/starlette/_exception_handler.py", line 42, in wrapped_app
    await app(scope, receive, sender)
  File "/opt/homebrew/Caskroom/miniforge/base/envs/audit-project/lib/python3.11/site-packages/fastapi/routing.py", line 120, in app
    response = await f(request)
               ^^^^^^^^^^^^^^^^
  File "/Users/alpha-macstudio/Documents/work/AUDIT_PROJECT/backend/app/core/middleware.py", line 37, in custom_route_handler
    response: Response = await original_route_handler(request)
                         ^^^^^^^^^^^^^^^^^^^^^^^^^^^^^^^^^^^^^
  File "/opt/homebrew/Caskroom/miniforge/base/envs/audit-project/lib/python3.11/site-packages/fastapi/routing.py", line 674, in app
    raw_response = await run_endpoint_function(
                   ^^^^^^^^^^^^^^^^^^^^^^^^^^^^
  File "/opt/homebrew/Caskroom/miniforge/base/envs/audit-project/lib/python3.11/site-packages/fastapi/routing.py", line 328, in run_endpoint_function
    return await dependant.call(**values)
           ^^^^^^^^^^^^^^^^^^^^^^^^^^^^^^
  File "/Users/alpha-macstudio/Documents/work/AUDIT_PROJECT/backend/modules/system/api/role_api.py", line 37, in role_create
    return await RoleService.create_item(data)
           ^^^^^^^^^^^^^^^^^^^^^^^^^^^^^^^^^^^
  File "/Users/alpha-macstudio/Documents/work/AUDIT_PROJECT/backend/modules/system/services/role.py", line 21, in create_item
    obj = await RoleDao.insert(dict(name=role.name, remark=role.remark))
          ^^^^^^^^^^^^^^^^^^^^^^^^^^^^^^^^^^^^^^^^^^^^^^^^^^^^^^^^^^^^^^
  File "/Users/alpha-macstudio/Documents/work/AUDIT_PROJECT/backend/app/core/dbhelper.py", line 64, in insert
    return await self.model.create(**data)
           ^^^^^^^^^^^^^^^^^^^^^^^^^^^^^^^
  File "/opt/homebrew/Caskroom/miniforge/base/envs/audit-project/lib/python3.11/site-packages/tortoise/models.py", line 1218, in create
    await instance.save(using_db=db, force_create=True)
  File "/opt/homebrew/Caskroom/miniforge/base/envs/audit-project/lib/python3.11/site-packages/tortoise/models.py", line 1004, in save
    await executor.execute_insert(self)
  File "/opt/homebrew/Caskroom/miniforge/base/envs/audit-project/lib/python3.11/site-packages/tortoise/backends/base/executor.py", line 188, in execute_insert
    insert_result = await self.db.execute_insert(self.insert_query, values)
                    ^^^^^^^^^^^^^^^^^^^^^^^^^^^^^^^^^^^^^^^^^^^^^^^^^^^^^^^
  File "/opt/homebrew/Caskroom/miniforge/base/envs/audit-project/lib/python3.11/site-packages/tortoise/backends/base_postgres/client.py", line 33, in _translate_exceptions
    return await self._translate_exceptions(func, *args, **kwargs)
           ^^^^^^^^^^^^^^^^^^^^^^^^^^^^^^^^^^^^^^^^^^^^^^^^^^^^^^^
  File "/opt/homebrew/Caskroom/miniforge/base/envs/audit-project/lib/python3.11/site-packages/tortoise/backends/asyncpg/client.py", line 93, in _translate_exceptions
    raise IntegrityError(exc)
tortoise.exceptions.IntegrityError: duplicate key value violates unique constraint "sys_role_pkey"
DETAIL:  Key (id)=(1) already exists.
[2026-04-09 17:12:45,885] INFO c90db518-5994-4d64-8afd-878cdaddc794 Request Log Address(host='127.0.0.1', port=57776) GET http://localhost:8000/api/system/role?offset=1&limit=5 Headers({'accept-language': 'en-US,en;q=0.9,zh-CN;q=0.8,zh;q=0.7', 'accept-encoding': 'gzip, deflate, br, zstd', 'referer': 'http://localhost:5173/main/system/role', 'sec-fetch-dest': 'empty', 'sec-fetch-mode': 'cors', 'sec-fetch-site': 'same-origin', 'sec-ch-ua-mobile': '?0', 'sec-ch-ua': '"Chromium";v="146", "Not-A.Brand";v="24", "Google Chrome";v="146"', 'accept': 'application/json, text/plain, */*', 'user-agent': 'Mozilla/5.0 (Macintosh; Intel Mac OS X 10_15_7) AppleWebKit/537.36 (KHTML, like Gecko) Chrome/146.0.0.0 Safari/537.36', 'authorization': 'Bearer eyJhbGciOiJIUzI1NiIsInR5cCI6IkpXVCJ9.eyJzdWIiOiJzdXBlcl9hZG1pbiIsImV4cCI6MTc3NjI0ODYyMH0.bA_ZAgvcsufL_P031VaJYLpUmS4V7gJI6_HGTXzvwuY', 'sec-ch-ua-platform': '"macOS"', 'connection': 'close', 'host': 'localhost:8000'})
 b''
[2026-04-09 17:12:45,891] INFO c90db518-5994-4d64-8afd-878cdaddc794 Response Log 0.00522303581237793s MutableHeaders({'content-length': '638', 'content-type': 'application/json', 'x-response-time': '0.00522303581237793'})
 {"code":200,"data":{"total":4,"items":[{"id":3,"status":1,"created":"2026-04-08T09:06:09.299353Z","modified":"2026-04-08T09:06:09.299353Z","name":"auditor","remark":"审核员"},{"id":4,"status":1,"created":"2026-04-08T09:06:09.299353Z","modified":"2026-04-08T09:06:09.299353Z","name":"viewer","remark":"查看员"},{"id":2,"status":1,"created":"2026-04-08T09:06:09.299353Z","modified":"2026-04-08T09:27:14.388720Z","name":"system_admin","remark":"系统管理员"},{"id":1,"status":1,"created":"2026-04-08T08:37:44.993827Z","modified":"2026-04-08T09:23:42.398415Z","name":"super_admin","remark":"超级管理员"}]},"msg":"请求成功"}
[2026-04-09 17:12:56,608] INFO 0a72a97e-5f01-4a5f-af77-0f4ab8d8bd72 Request Log Address(host='127.0.0.1', port=57814) GET http://localhost:8000/api/system/menu Headers({'accept-language': 'en-US,en;q=0.9,zh-CN;q=0.8,zh;q=0.7', 'accept-encoding': 'gzip, deflate, br, zstd', 'referer': 'http://localhost:5173/main/system/role', 'sec-fetch-dest': 'empty', 'sec-fetch-mode': 'cors', 'sec-fetch-site': 'same-origin', 'sec-ch-ua-mobile': '?0', 'sec-ch-ua': '"Chromium";v="146", "Not-A.Brand";v="24", "Google Chrome";v="146"', 'accept': 'application/json, text/plain, */*', 'user-agent': 'Mozilla/5.0 (Macintosh; Intel Mac OS X 10_15_7) AppleWebKit/537.36 (KHTML, like Gecko) Chrome/146.0.0.0 Safari/537.36', 'authorization': 'Bearer eyJhbGciOiJIUzI1NiIsInR5cCI6IkpXVCJ9.eyJzdWIiOiJzdXBlcl9hZG1pbiIsImV4cCI6MTc3NjI0ODYyMH0.bA_ZAgvcsufL_P031VaJYLpUmS4V7gJI6_HGTXzvwuY', 'sec-ch-ua-platform': '"macOS"', 'connection': 'close', 'host': 'localhost:8000'})
 b''
[2026-04-09 17:12:56,611] INFO 0a72a97e-5f01-4a5f-af77-0f4ab8d8bd72 Response Log 0.003097057342529297s MutableHeaders({'content-length': '4544', 'content-type': 'application/json', 'x-response-time': '0.003097057342529297'})
 {"code":200,"data":[{"id":1,"status":1,"created":"2026-04-08T08:37:44.993827Z","modified":"2026-04-08T08:37:44.993827Z","name":"系统管理","icon":"SettingOutlined","path":"/main/system","type":0,"component":null,"pid":0,"identifier":null,"api":null,"method":null,"children":[{"id":2,"status":1,"created":"2026-04-08T08:37:44.993827Z","modified":"2026-04-08T08:37:44.993827Z","name":"用户管理","icon":"UserOutlined","path":"/main/system/user","type":1,"component":"user/user","pid":1,"identifier":null,"api":"/api/system/user","method":"GET","children":[{"id":101,"status":1,"created":"2026-04-08T10:22:33.358711Z","modified":"2026-04-08T10:22:33.358711Z","name":"新增用户","icon":null,"path":null,"type":2,"component":null,"pid":2,"identifier":"user:create","api":"/api/system/user","method":"POST"},{"id":102,"status":1,"created":"2026-04-08T10:22:33.358711Z","modified":"2026-04-08T10:22:33.358711Z","name":"编辑用户","icon":null,"path":null,"type":2,"component":null,"pid":2,"identifier":"user:update","api":"/api/system/user/{pk}","method":"PUT"},{"id":103,"status":1,"created":"2026-04-08T10:22:33.358711Z","modified":"2026-04-08T10:22:33.358711Z","name":"删除用户","icon":null,"path":null,"type":2,"component":null,"pid":2,"identifier":"user:delete","api":"/api/system/user/{pk}","method":"DELETE"}]},{"id":3,"status":1,"created":"2026-04-08T08:37:44.993827Z","modified":"2026-04-08T08:37:44.993827Z","name":"角色管理","icon":"TeamOutlined","path":"/main/system/role","type":1,"component":"role/role","pid":1,"identifier":null,"api":"/api/system/role","method":"GET","children":[{"id":111,"status":1,"created":"2026-04-08T10:22:33.358711Z","modified":"2026-04-08T10:22:33.358711Z","name":"新增角色","icon":null,"path":null,"type":2,"component":null,"pid":3,"identifier":"role:create","api":"/api/system/role","method":"POST"},{"id":112,"status":1,"created":"2026-04-08T10:22:33.358711Z","modified":"2026-04-08T10:22:33.358711Z","name":"编辑角色","icon":null,"path":null,"type":2,"component":null,"pid":3,"identifier":"role:update","api":"/api/system/role/{pk}","method":"PUT"},{"id":113,"status":1,"created":"2026-04-08T10:22:33.358711Z","modified":"2026-04-08T10:22:33.358711Z","name":"删除角色","icon":null,"path":null,"type":2,"component":null,"pid":3,"identifier":"role:delete","api":"/api/system/role/{pk}","method":"DELETE"}]},{"id":4,"status":1,"created":"2026-04-08T08:37:44.993827Z","modified":"2026-04-08T08:37:44.993827Z","name":"菜单管理","icon":"MenuOutlined","path":"/main/system/menu","type":1,"component":"menu/menu","pid":1,"identifier":null,"api":"/api/system/menu","method":"GET","children":[{"id":121,"status":1,"created":"2026-04-08T10:22:33.358711Z","modified":"2026-04-08T10:22:33.358711Z","name":"新增菜单","icon":null,"path":null,"type":2,"component":null,"pid":4,"identifier":"menu:create","api":"/api/system/menu","method":"POST"},{"id":122,"status":1,"created":"2026-04-08T10:22:33.358711Z","modified":"2026-04-08T10:22:33.358711Z","name":"编辑菜单","icon":null,"path":null,"type":2,"component":null,"pid":4,"identifier":"menu:update","api":"/api/system/menu/{pk}","method":"PUT"},{"id":123,"status":1,"created":"2026-04-08T10:22:33.358711Z","modified":"2026-04-08T10:22:33.358711Z","name":"删除菜单","icon":null,"path":null,"type":2,"component":null,"pid":4,"identifier":"menu:delete","api":"/api/system/menu/{pk}","method":"DELETE"}]}]},{"id":10,"status":1,"created":"2026-04-08T08:37:44.993827Z","modified":"2026-04-08T08:37:44.993827Z","name":"审核中心","icon":"AuditOutlined","path":"/main/audit","type":0,"component":null,"pid":0,"identifier":null,"api":null,"method":null,"children":[{"id":11,"status":1,"created":"2026-04-08T08:37:44.993827Z","modified":"2026-04-08T08:37:44.993827Z","name":"规则库","icon":"DatabaseOutlined","path":"/main/audit/rules","type":1,"component":"audit/rules","pid":10,"identifier":null,"api":"/api/audit/rules","method":"GET"},{"id":12,"status":1,"created":"2026-04-08T08:37:44.993827Z","modified":"2026-04-08T08:37:44.993827Z","name":"规则检索","icon":"SearchOutlined","path":"/main/audit/search","type":1,"component":"audit/search","pid":10,"identifier":null,"api":"/api/audit/search","method":"POST"},{"id":13,"status":1,"created":"2026-04-08T08:37:44.993827Z","modified":"2026-04-08T08:37:44.993827Z","name":"合规判定","icon":"CheckCircleOutlined","path":"/main/audit/judge","type":1,"component":"audit/judge","pid":10,"identifier":null,"api":"/api/audit/judge","method":"POST"}]}],"msg":"请求成功"}
[2026-04-09 17:13:04,362] INFO bffb4f1e-b18d-490d-83b1-edbd12a10112 Request Log Address(host='127.0.0.1', port=57849) POST http://localhost:8000/api/system/role Headers({'accept-language': 'en-US,en;q=0.9,zh-CN;q=0.8,zh;q=0.7', 'accept-encoding': 'gzip, deflate, br, zstd', 'referer': 'http://localhost:5173/main/system/role', 'sec-fetch-dest': 'empty', 'sec-fetch-mode': 'cors', 'sec-fetch-site': 'same-origin', 'origin': 'http://localhost:5173', 'sec-ch-ua-mobile': '?0', 'content-type': 'application/json', 'sec-ch-ua': '"Chromium";v="146", "Not-A.Brand";v="24", "Google Chrome";v="146"', 'accept': 'application/json, text/plain, */*', 'user-agent': 'Mozilla/5.0 (Macintosh; Intel Mac OS X 10_15_7) AppleWebKit/537.36 (KHTML, like Gecko) Chrome/146.0.0.0 Safari/537.36', 'authorization': 'Bearer eyJhbGciOiJIUzI1NiIsInR5cCI6IkpXVCJ9.eyJzdWIiOiJzdXBlcl9hZG1pbiIsImV4cCI6MTc3NjI0ODYyMH0.bA_ZAgvcsufL_P031VaJYLpUmS4V7gJI6_HGTXzvwuY', 'sec-ch-ua-platform': '"macOS"', 'content-length': '83', 'connection': 'close', 'host': 'localhost:8000'})
 b'{"name":"1111","remark":"11","menus":[1,2,3,4,101,102,103,111,112,113,121,122,123]}'
[2026-04-09 17:13:04,371] ERROR bffb4f1e-b18d-490d-83b1-edbd12a10112 Exception Log: duplicate key value violates unique constraint "sys_role_pkey"
DETAIL:  Key (id)=(2) already exists.
Traceback (most recent call last):
  File "/opt/homebrew/Caskroom/miniforge/base/envs/audit-project/lib/python3.11/site-packages/tortoise/backends/asyncpg/client.py", line 89, in _translate_exceptions
    return await func(self, *args, **kwargs)
           ^^^^^^^^^^^^^^^^^^^^^^^^^^^^^^^^^
  File "/opt/homebrew/Caskroom/miniforge/base/envs/audit-project/lib/python3.11/site-packages/tortoise/backends/asyncpg/client.py", line 112, in execute_insert
    return await connection.fetchrow(query, *values)
           ^^^^^^^^^^^^^^^^^^^^^^^^^^^^^^^^^^^^^^^^^
  File "/opt/homebrew/Caskroom/miniforge/base/envs/audit-project/lib/python3.11/site-packages/asyncpg/connection.py", line 752, in fetchrow
    data = await self._execute(
           ^^^^^^^^^^^^^^^^^^^^
  File "/opt/homebrew/Caskroom/miniforge/base/envs/audit-project/lib/python3.11/site-packages/asyncpg/connection.py", line 1873, in _execute
    result, _ = await self.__execute(
                ^^^^^^^^^^^^^^^^^^^^^
  File "/opt/homebrew/Caskroom/miniforge/base/envs/audit-project/lib/python3.11/site-packages/asyncpg/connection.py", line 1970, in __execute
    result, stmt = await self._do_execute(
                   ^^^^^^^^^^^^^^^^^^^^^^^
  File "/opt/homebrew/Caskroom/miniforge/base/envs/audit-project/lib/python3.11/site-packages/asyncpg/connection.py", line 2033, in _do_execute
    result = await executor(stmt, None)
             ^^^^^^^^^^^^^^^^^^^^^^^^^^
  File "asyncpg/protocol/protocol.pyx", line 205, in bind_execute
asyncpg.exceptions.UniqueViolationError: duplicate key value violates unique constraint "sys_role_pkey"
DETAIL:  Key (id)=(2) already exists.

During handling of the above exception, another exception occurred:

Traceback (most recent call last):
  File "/opt/homebrew/Caskroom/miniforge/base/envs/audit-project/lib/python3.11/site-packages/starlette/middleware/errors.py", line 164, in __call__
    await self.app(scope, receive, _send)
  File "/opt/homebrew/Caskroom/miniforge/base/envs/audit-project/lib/python3.11/site-packages/starlette/middleware/cors.py", line 96, in __call__
    await self.simple_response(scope, receive, send, request_headers=headers)
  File "/opt/homebrew/Caskroom/miniforge/base/envs/audit-project/lib/python3.11/site-packages/starlette/middleware/cors.py", line 154, in simple_response
    await self.app(scope, receive, send)
  File "/opt/homebrew/Caskroom/miniforge/base/envs/audit-project/lib/python3.11/site-packages/starlette/middleware/exceptions.py", line 63, in __call__
    await wrap_app_handling_exceptions(self.app, conn)(scope, receive, send)
  File "/opt/homebrew/Caskroom/miniforge/base/envs/audit-project/lib/python3.11/site-packages/starlette/_exception_handler.py", line 53, in wrapped_app
    raise exc
  File "/opt/homebrew/Caskroom/miniforge/base/envs/audit-project/lib/python3.11/site-packages/starlette/_exception_handler.py", line 42, in wrapped_app
    await app(scope, receive, sender)
  File "/opt/homebrew/Caskroom/miniforge/base/envs/audit-project/lib/python3.11/site-packages/fastapi/middleware/asyncexitstack.py", line 18, in __call__
    await self.app(scope, receive, send)
  File "/opt/homebrew/Caskroom/miniforge/base/envs/audit-project/lib/python3.11/site-packages/starlette/routing.py", line 660, in __call__
    await self.middleware_stack(scope, receive, send)
  File "/opt/homebrew/Caskroom/miniforge/base/envs/audit-project/lib/python3.11/site-packages/starlette/routing.py", line 680, in app
    await route.handle(scope, receive, send)
  File "/opt/homebrew/Caskroom/miniforge/base/envs/audit-project/lib/python3.11/site-packages/starlette/routing.py", line 276, in handle
    await self.app(scope, receive, send)
  File "/opt/homebrew/Caskroom/miniforge/base/envs/audit-project/lib/python3.11/site-packages/fastapi/routing.py", line 134, in app
    await wrap_app_handling_exceptions(app, request)(scope, receive, send)
  File "/opt/homebrew/Caskroom/miniforge/base/envs/audit-project/lib/python3.11/site-packages/starlette/_exception_handler.py", line 53, in wrapped_app
    raise exc
  File "/opt/homebrew/Caskroom/miniforge/base/envs/audit-project/lib/python3.11/site-packages/starlette/_exception_handler.py", line 42, in wrapped_app
    await app(scope, receive, sender)
  File "/opt/homebrew/Caskroom/miniforge/base/envs/audit-project/lib/python3.11/site-packages/fastapi/routing.py", line 120, in app
    response = await f(request)
               ^^^^^^^^^^^^^^^^
  File "/Users/alpha-macstudio/Documents/work/AUDIT_PROJECT/backend/app/core/middleware.py", line 37, in custom_route_handler
    response: Response = await original_route_handler(request)
                         ^^^^^^^^^^^^^^^^^^^^^^^^^^^^^^^^^^^^^
  File "/opt/homebrew/Caskroom/miniforge/base/envs/audit-project/lib/python3.11/site-packages/fastapi/routing.py", line 674, in app
    raw_response = await run_endpoint_function(
                   ^^^^^^^^^^^^^^^^^^^^^^^^^^^^
  File "/opt/homebrew/Caskroom/miniforge/base/envs/audit-project/lib/python3.11/site-packages/fastapi/routing.py", line 328, in run_endpoint_function
    return await dependant.call(**values)
           ^^^^^^^^^^^^^^^^^^^^^^^^^^^^^^
  File "/Users/alpha-macstudio/Documents/work/AUDIT_PROJECT/backend/modules/system/api/role_api.py", line 37, in role_create
    return await RoleService.create_item(data)
           ^^^^^^^^^^^^^^^^^^^^^^^^^^^^^^^^^^^
  File "/Users/alpha-macstudio/Documents/work/AUDIT_PROJECT/backend/modules/system/services/role.py", line 21, in create_item
    obj = await RoleDao.insert(dict(name=role.name, remark=role.remark))
          ^^^^^^^^^^^^^^^^^^^^^^^^^^^^^^^^^^^^^^^^^^^^^^^^^^^^^^^^^^^^^^
  File "/Users/alpha-macstudio/Documents/work/AUDIT_PROJECT/backend/app/core/dbhelper.py", line 64, in insert
    return await self.model.create(**data)
           ^^^^^^^^^^^^^^^^^^^^^^^^^^^^^^^
  File "/opt/homebrew/Caskroom/miniforge/base/envs/audit-project/lib/python3.11/site-packages/tortoise/models.py", line 1218, in create
    await instance.save(using_db=db, force_create=True)
  File "/opt/homebrew/Caskroom/miniforge/base/envs/audit-project/lib/python3.11/site-packages/tortoise/models.py", line 1004, in save
    await executor.execute_insert(self)
  File "/opt/homebrew/Caskroom/miniforge/base/envs/audit-project/lib/python3.11/site-packages/tortoise/backends/base/executor.py", line 188, in execute_insert
    insert_result = await self.db.execute_insert(self.insert_query, values)
                    ^^^^^^^^^^^^^^^^^^^^^^^^^^^^^^^^^^^^^^^^^^^^^^^^^^^^^^^
  File "/opt/homebrew/Caskroom/miniforge/base/envs/audit-project/lib/python3.11/site-packages/tortoise/backends/base_postgres/client.py", line 33, in _translate_exceptions
    return await self._translate_exceptions(func, *args, **kwargs)
           ^^^^^^^^^^^^^^^^^^^^^^^^^^^^^^^^^^^^^^^^^^^^^^^^^^^^^^^
  File "/opt/homebrew/Caskroom/miniforge/base/envs/audit-project/lib/python3.11/site-packages/tortoise/backends/asyncpg/client.py", line 93, in _translate_exceptions
    raise IntegrityError(exc)
tortoise.exceptions.IntegrityError: duplicate key value violates unique constraint "sys_role_pkey"
DETAIL:  Key (id)=(2) already exists.
[2026-04-09 17:13:04,384] INFO 777d738c-9b7b-4b60-8aa7-f102abb067f2 Request Log Address(host='127.0.0.1', port=57852) GET http://localhost:8000/api/system/role?offset=1&limit=5 Headers({'accept-language': 'en-US,en;q=0.9,zh-CN;q=0.8,zh;q=0.7', 'accept-encoding': 'gzip, deflate, br, zstd', 'referer': 'http://localhost:5173/main/system/role', 'sec-fetch-dest': 'empty', 'sec-fetch-mode': 'cors', 'sec-fetch-site': 'same-origin', 'sec-ch-ua-mobile': '?0', 'sec-ch-ua': '"Chromium";v="146", "Not-A.Brand";v="24", "Google Chrome";v="146"', 'accept': 'application/json, text/plain, */*', 'user-agent': 'Mozilla/5.0 (Macintosh; Intel Mac OS X 10_15_7) AppleWebKit/537.36 (KHTML, like Gecko) Chrome/146.0.0.0 Safari/537.36', 'authorization': 'Bearer eyJhbGciOiJIUzI1NiIsInR5cCI6IkpXVCJ9.eyJzdWIiOiJzdXBlcl9hZG1pbiIsImV4cCI6MTc3NjI0ODYyMH0.bA_ZAgvcsufL_P031VaJYLpUmS4V7gJI6_HGTXzvwuY', 'sec-ch-ua-platform': '"macOS"', 'connection': 'close', 'host': 'localhost:8000'})
 b''
[2026-04-09 17:13:04,386] INFO 777d738c-9b7b-4b60-8aa7-f102abb067f2 Response Log 0.0026090145111083984s MutableHeaders({'content-length': '638', 'content-type': 'application/json', 'x-response-time': '0.0026090145111083984'})
 {"code":200,"data":{"total":4,"items":[{"id":3,"status":1,"created":"2026-04-08T09:06:09.299353Z","modified":"2026-04-08T09:06:09.299353Z","name":"auditor","remark":"审核员"},{"id":4,"status":1,"created":"2026-04-08T09:06:09.299353Z","modified":"2026-04-08T09:06:09.299353Z","name":"viewer","remark":"查看员"},{"id":2,"status":1,"created":"2026-04-08T09:06:09.299353Z","modified":"2026-04-08T09:27:14.388720Z","name":"system_admin","remark":"系统管理员"},{"id":1,"status":1,"created":"2026-04-08T08:37:44.993827Z","modified":"2026-04-08T09:23:42.398415Z","name":"super_admin","remark":"超级管理员"}]},"msg":"请求成功"}
[2026-04-09 17:14:04,023] INFO a9dc679c-af81-4a41-b304-78be2b3fde3c Request Log Address(host='127.0.0.1', port=58276) GET http://localhost:8000/api/system/role/2/menu Headers({'accept-language': 'en-US,en;q=0.9,zh-CN;q=0.8,zh;q=0.7', 'accept-encoding': 'gzip, deflate, br, zstd', 'referer': 'http://localhost:5173/main/system/role', 'sec-fetch-dest': 'empty', 'sec-fetch-mode': 'cors', 'sec-fetch-site': 'same-origin', 'sec-ch-ua-mobile': '?0', 'sec-ch-ua': '"Chromium";v="146", "Not-A.Brand";v="24", "Google Chrome";v="146"', 'accept': 'application/json, text/plain, */*', 'user-agent': 'Mozilla/5.0 (Macintosh; Intel Mac OS X 10_15_7) AppleWebKit/537.36 (KHTML, like Gecko) Chrome/146.0.0.0 Safari/537.36', 'authorization': 'Bearer eyJhbGciOiJIUzI1NiIsInR5cCI6IkpXVCJ9.eyJzdWIiOiJzdXBlcl9hZG1pbiIsImV4cCI6MTc3NjI0ODYyMH0.bA_ZAgvcsufL_P031VaJYLpUmS4V7gJI6_HGTXzvwuY', 'sec-ch-ua-platform': '"macOS"', 'connection': 'close', 'host': 'localhost:8000'})
 b''
[2026-04-09 17:14:04,025] INFO 8b55dba5-7940-45ae-a2a4-0ce2d41ffb6b Request Log Address(host='127.0.0.1', port=58277) GET http://localhost:8000/api/system/menu Headers({'accept-language': 'en-US,en;q=0.9,zh-CN;q=0.8,zh;q=0.7', 'accept-encoding': 'gzip, deflate, br, zstd', 'referer': 'http://localhost:5173/main/system/role', 'sec-fetch-dest': 'empty', 'sec-fetch-mode': 'cors', 'sec-fetch-site': 'same-origin', 'sec-ch-ua-mobile': '?0', 'sec-ch-ua': '"Chromium";v="146", "Not-A.Brand";v="24", "Google Chrome";v="146"', 'accept': 'application/json, text/plain, */*', 'user-agent': 'Mozilla/5.0 (Macintosh; Intel Mac OS X 10_15_7) AppleWebKit/537.36 (KHTML, like Gecko) Chrome/146.0.0.0 Safari/537.36', 'authorization': 'Bearer eyJhbGciOiJIUzI1NiIsInR5cCI6IkpXVCJ9.eyJzdWIiOiJzdXBlcl9hZG1pbiIsImV4cCI6MTc3NjI0ODYyMH0.bA_ZAgvcsufL_P031VaJYLpUmS4V7gJI6_HGTXzvwuY', 'sec-ch-ua-platform': '"macOS"', 'connection': 'close', 'host': 'localhost:8000'})
 b''
[2026-04-09 17:14:04,041] INFO 8b55dba5-7940-45ae-a2a4-0ce2d41ffb6b Response Log 0.01651310920715332s MutableHeaders({'content-length': '4544', 'content-type': 'application/json', 'x-response-time': '0.01651310920715332'})
 {"code":200,"data":[{"id":1,"status":1,"created":"2026-04-08T08:37:44.993827Z","modified":"2026-04-08T08:37:44.993827Z","name":"系统管理","icon":"SettingOutlined","path":"/main/system","type":0,"component":null,"pid":0,"identifier":null,"api":null,"method":null,"children":[{"id":2,"status":1,"created":"2026-04-08T08:37:44.993827Z","modified":"2026-04-08T08:37:44.993827Z","name":"用户管理","icon":"UserOutlined","path":"/main/system/user","type":1,"component":"user/user","pid":1,"identifier":null,"api":"/api/system/user","method":"GET","children":[{"id":101,"status":1,"created":"2026-04-08T10:22:33.358711Z","modified":"2026-04-08T10:22:33.358711Z","name":"新增用户","icon":null,"path":null,"type":2,"component":null,"pid":2,"identifier":"user:create","api":"/api/system/user","method":"POST"},{"id":102,"status":1,"created":"2026-04-08T10:22:33.358711Z","modified":"2026-04-08T10:22:33.358711Z","name":"编辑用户","icon":null,"path":null,"type":2,"component":null,"pid":2,"identifier":"user:update","api":"/api/system/user/{pk}","method":"PUT"},{"id":103,"status":1,"created":"2026-04-08T10:22:33.358711Z","modified":"2026-04-08T10:22:33.358711Z","name":"删除用户","icon":null,"path":null,"type":2,"component":null,"pid":2,"identifier":"user:delete","api":"/api/system/user/{pk}","method":"DELETE"}]},{"id":3,"status":1,"created":"2026-04-08T08:37:44.993827Z","modified":"2026-04-08T08:37:44.993827Z","name":"角色管理","icon":"TeamOutlined","path":"/main/system/role","type":1,"component":"role/role","pid":1,"identifier":null,"api":"/api/system/role","method":"GET","children":[{"id":111,"status":1,"created":"2026-04-08T10:22:33.358711Z","modified":"2026-04-08T10:22:33.358711Z","name":"新增角色","icon":null,"path":null,"type":2,"component":null,"pid":3,"identifier":"role:create","api":"/api/system/role","method":"POST"},{"id":112,"status":1,"created":"2026-04-08T10:22:33.358711Z","modified":"2026-04-08T10:22:33.358711Z","name":"编辑角色","icon":null,"path":null,"type":2,"component":null,"pid":3,"identifier":"role:update","api":"/api/system/role/{pk}","method":"PUT"},{"id":113,"status":1,"created":"2026-04-08T10:22:33.358711Z","modified":"2026-04-08T10:22:33.358711Z","name":"删除角色","icon":null,"path":null,"type":2,"component":null,"pid":3,"identifier":"role:delete","api":"/api/system/role/{pk}","method":"DELETE"}]},{"id":4,"status":1,"created":"2026-04-08T08:37:44.993827Z","modified":"2026-04-08T08:37:44.993827Z","name":"菜单管理","icon":"MenuOutlined","path":"/main/system/menu","type":1,"component":"menu/menu","pid":1,"identifier":null,"api":"/api/system/menu","method":"GET","children":[{"id":121,"status":1,"created":"2026-04-08T10:22:33.358711Z","modified":"2026-04-08T10:22:33.358711Z","name":"新增菜单","icon":null,"path":null,"type":2,"component":null,"pid":4,"identifier":"menu:create","api":"/api/system/menu","method":"POST"},{"id":122,"status":1,"created":"2026-04-08T10:22:33.358711Z","modified":"2026-04-08T10:22:33.358711Z","name":"编辑菜单","icon":null,"path":null,"type":2,"component":null,"pid":4,"identifier":"menu:update","api":"/api/system/menu/{pk}","method":"PUT"},{"id":123,"status":1,"created":"2026-04-08T10:22:33.358711Z","modified":"2026-04-08T10:22:33.358711Z","name":"删除菜单","icon":null,"path":null,"type":2,"component":null,"pid":4,"identifier":"menu:delete","api":"/api/system/menu/{pk}","method":"DELETE"}]}]},{"id":10,"status":1,"created":"2026-04-08T08:37:44.993827Z","modified":"2026-04-08T08:37:44.993827Z","name":"审核中心","icon":"AuditOutlined","path":"/main/audit","type":0,"component":null,"pid":0,"identifier":null,"api":null,"method":null,"children":[{"id":11,"status":1,"created":"2026-04-08T08:37:44.993827Z","modified":"2026-04-08T08:37:44.993827Z","name":"规则库","icon":"DatabaseOutlined","path":"/main/audit/rules","type":1,"component":"audit/rules","pid":10,"identifier":null,"api":"/api/audit/rules","method":"GET"},{"id":12,"status":1,"created":"2026-04-08T08:37:44.993827Z","modified":"2026-04-08T08:37:44.993827Z","name":"规则检索","icon":"SearchOutlined","path":"/main/audit/search","type":1,"component":"audit/search","pid":10,"identifier":null,"api":"/api/audit/search","method":"POST"},{"id":13,"status":1,"created":"2026-04-08T08:37:44.993827Z","modified":"2026-04-08T08:37:44.993827Z","name":"合规判定","icon":"CheckCircleOutlined","path":"/main/audit/judge","type":1,"component":"audit/judge","pid":10,"identifier":null,"api":"/api/audit/judge","method":"POST"}]}],"msg":"请求成功"}
[2026-04-09 17:15:33,286] INFO d20e30ef-898f-4a51-bce7-b41c11d999fd Request Log Address(host='127.0.0.1', port=58974) GET http://localhost:8000/api/system/menu Headers({'accept-language': 'en-US,en;q=0.9,zh-CN;q=0.8,zh;q=0.7', 'accept-encoding': 'gzip, deflate, br, zstd', 'referer': 'http://localhost:5173/main/system/menu', 'sec-fetch-dest': 'empty', 'sec-fetch-mode': 'cors', 'sec-fetch-site': 'same-origin', 'sec-ch-ua-mobile': '?0', 'sec-ch-ua': '"Chromium";v="146", "Not-A.Brand";v="24", "Google Chrome";v="146"', 'accept': 'application/json, text/plain, */*', 'user-agent': 'Mozilla/5.0 (Macintosh; Intel Mac OS X 10_15_7) AppleWebKit/537.36 (KHTML, like Gecko) Chrome/146.0.0.0 Safari/537.36', 'authorization': 'Bearer eyJhbGciOiJIUzI1NiIsInR5cCI6IkpXVCJ9.eyJzdWIiOiJzdXBlcl9hZG1pbiIsImV4cCI6MTc3NjI0ODYyMH0.bA_ZAgvcsufL_P031VaJYLpUmS4V7gJI6_HGTXzvwuY', 'sec-ch-ua-platform': '"macOS"', 'connection': 'close', 'host': 'localhost:8000'})
 b''
[2026-04-09 17:15:33,291] INFO d20e30ef-898f-4a51-bce7-b41c11d999fd Response Log 0.00480198860168457s MutableHeaders({'content-length': '4544', 'content-type': 'application/json', 'x-response-time': '0.00480198860168457'})
 {"code":200,"data":[{"id":1,"status":1,"created":"2026-04-08T08:37:44.993827Z","modified":"2026-04-08T08:37:44.993827Z","name":"系统管理","icon":"SettingOutlined","path":"/main/system","type":0,"component":null,"pid":0,"identifier":null,"api":null,"method":null,"children":[{"id":2,"status":1,"created":"2026-04-08T08:37:44.993827Z","modified":"2026-04-08T08:37:44.993827Z","name":"用户管理","icon":"UserOutlined","path":"/main/system/user","type":1,"component":"user/user","pid":1,"identifier":null,"api":"/api/system/user","method":"GET","children":[{"id":101,"status":1,"created":"2026-04-08T10:22:33.358711Z","modified":"2026-04-08T10:22:33.358711Z","name":"新增用户","icon":null,"path":null,"type":2,"component":null,"pid":2,"identifier":"user:create","api":"/api/system/user","method":"POST"},{"id":102,"status":1,"created":"2026-04-08T10:22:33.358711Z","modified":"2026-04-08T10:22:33.358711Z","name":"编辑用户","icon":null,"path":null,"type":2,"component":null,"pid":2,"identifier":"user:update","api":"/api/system/user/{pk}","method":"PUT"},{"id":103,"status":1,"created":"2026-04-08T10:22:33.358711Z","modified":"2026-04-08T10:22:33.358711Z","name":"删除用户","icon":null,"path":null,"type":2,"component":null,"pid":2,"identifier":"user:delete","api":"/api/system/user/{pk}","method":"DELETE"}]},{"id":3,"status":1,"created":"2026-04-08T08:37:44.993827Z","modified":"2026-04-08T08:37:44.993827Z","name":"角色管理","icon":"TeamOutlined","path":"/main/system/role","type":1,"component":"role/role","pid":1,"identifier":null,"api":"/api/system/role","method":"GET","children":[{"id":111,"status":1,"created":"2026-04-08T10:22:33.358711Z","modified":"2026-04-08T10:22:33.358711Z","name":"新增角色","icon":null,"path":null,"type":2,"component":null,"pid":3,"identifier":"role:create","api":"/api/system/role","method":"POST"},{"id":112,"status":1,"created":"2026-04-08T10:22:33.358711Z","modified":"2026-04-08T10:22:33.358711Z","name":"编辑角色","icon":null,"path":null,"type":2,"component":null,"pid":3,"identifier":"role:update","api":"/api/system/role/{pk}","method":"PUT"},{"id":113,"status":1,"created":"2026-04-08T10:22:33.358711Z","modified":"2026-04-08T10:22:33.358711Z","name":"删除角色","icon":null,"path":null,"type":2,"component":null,"pid":3,"identifier":"role:delete","api":"/api/system/role/{pk}","method":"DELETE"}]},{"id":4,"status":1,"created":"2026-04-08T08:37:44.993827Z","modified":"2026-04-08T08:37:44.993827Z","name":"菜单管理","icon":"MenuOutlined","path":"/main/system/menu","type":1,"component":"menu/menu","pid":1,"identifier":null,"api":"/api/system/menu","method":"GET","children":[{"id":121,"status":1,"created":"2026-04-08T10:22:33.358711Z","modified":"2026-04-08T10:22:33.358711Z","name":"新增菜单","icon":null,"path":null,"type":2,"component":null,"pid":4,"identifier":"menu:create","api":"/api/system/menu","method":"POST"},{"id":122,"status":1,"created":"2026-04-08T10:22:33.358711Z","modified":"2026-04-08T10:22:33.358711Z","name":"编辑菜单","icon":null,"path":null,"type":2,"component":null,"pid":4,"identifier":"menu:update","api":"/api/system/menu/{pk}","method":"PUT"},{"id":123,"status":1,"created":"2026-04-08T10:22:33.358711Z","modified":"2026-04-08T10:22:33.358711Z","name":"删除菜单","icon":null,"path":null,"type":2,"component":null,"pid":4,"identifier":"menu:delete","api":"/api/system/menu/{pk}","method":"DELETE"}]}]},{"id":10,"status":1,"created":"2026-04-08T08:37:44.993827Z","modified":"2026-04-08T08:37:44.993827Z","name":"审核中心","icon":"AuditOutlined","path":"/main/audit","type":0,"component":null,"pid":0,"identifier":null,"api":null,"method":null,"children":[{"id":11,"status":1,"created":"2026-04-08T08:37:44.993827Z","modified":"2026-04-08T08:37:44.993827Z","name":"规则库","icon":"DatabaseOutlined","path":"/main/audit/rules","type":1,"component":"audit/rules","pid":10,"identifier":null,"api":"/api/audit/rules","method":"GET"},{"id":12,"status":1,"created":"2026-04-08T08:37:44.993827Z","modified":"2026-04-08T08:37:44.993827Z","name":"规则检索","icon":"SearchOutlined","path":"/main/audit/search","type":1,"component":"audit/search","pid":10,"identifier":null,"api":"/api/audit/search","method":"POST"},{"id":13,"status":1,"created":"2026-04-08T08:37:44.993827Z","modified":"2026-04-08T08:37:44.993827Z","name":"合规判定","icon":"CheckCircleOutlined","path":"/main/audit/judge","type":1,"component":"audit/judge","pid":10,"identifier":null,"api":"/api/audit/judge","method":"POST"}]}],"msg":"请求成功"}
[2026-04-09 17:15:34,146] INFO 08fe5741-98e9-49f5-b4d6-dd4533e04ef9 Request Log Address(host='127.0.0.1', port=58990) GET http://localhost:8000/api/system/role?offset=1&limit=5 Headers({'accept-language': 'en-US,en;q=0.9,zh-CN;q=0.8,zh;q=0.7', 'accept-encoding': 'gzip, deflate, br, zstd', 'referer': 'http://localhost:5173/main/system/role', 'sec-fetch-dest': 'empty', 'sec-fetch-mode': 'cors', 'sec-fetch-site': 'same-origin', 'sec-ch-ua-mobile': '?0', 'sec-ch-ua': '"Chromium";v="146", "Not-A.Brand";v="24", "Google Chrome";v="146"', 'accept': 'application/json, text/plain, */*', 'user-agent': 'Mozilla/5.0 (Macintosh; Intel Mac OS X 10_15_7) AppleWebKit/537.36 (KHTML, like Gecko) Chrome/146.0.0.0 Safari/537.36', 'authorization': 'Bearer eyJhbGciOiJIUzI1NiIsInR5cCI6IkpXVCJ9.eyJzdWIiOiJzdXBlcl9hZG1pbiIsImV4cCI6MTc3NjI0ODYyMH0.bA_ZAgvcsufL_P031VaJYLpUmS4V7gJI6_HGTXzvwuY', 'sec-ch-ua-platform': '"macOS"', 'connection': 'close', 'host': 'localhost:8000'})
 b''
[2026-04-09 17:15:34,151] INFO 08fe5741-98e9-49f5-b4d6-dd4533e04ef9 Response Log 0.004840850830078125s MutableHeaders({'content-length': '638', 'content-type': 'application/json', 'x-response-time': '0.004840850830078125'})
 {"code":200,"data":{"total":4,"items":[{"id":3,"status":1,"created":"2026-04-08T09:06:09.299353Z","modified":"2026-04-08T09:06:09.299353Z","name":"auditor","remark":"审核员"},{"id":4,"status":1,"created":"2026-04-08T09:06:09.299353Z","modified":"2026-04-08T09:06:09.299353Z","name":"viewer","remark":"查看员"},{"id":2,"status":1,"created":"2026-04-08T09:06:09.299353Z","modified":"2026-04-08T09:27:14.388720Z","name":"system_admin","remark":"系统管理员"},{"id":1,"status":1,"created":"2026-04-08T08:37:44.993827Z","modified":"2026-04-08T09:23:42.398415Z","name":"super_admin","remark":"超级管理员"}]},"msg":"请求成功"}
[2026-04-09 17:15:35,458] INFO 65a7d0c6-0050-4233-970c-e72464b8db93 Request Log Address(host='127.0.0.1', port=59011) GET http://localhost:8000/api/system/menu Headers({'accept-language': 'en-US,en;q=0.9,zh-CN;q=0.8,zh;q=0.7', 'accept-encoding': 'gzip, deflate, br, zstd', 'referer': 'http://localhost:5173/main/system/menu', 'sec-fetch-dest': 'empty', 'sec-fetch-mode': 'cors', 'sec-fetch-site': 'same-origin', 'sec-ch-ua-mobile': '?0', 'sec-ch-ua': '"Chromium";v="146", "Not-A.Brand";v="24", "Google Chrome";v="146"', 'accept': 'application/json, text/plain, */*', 'user-agent': 'Mozilla/5.0 (Macintosh; Intel Mac OS X 10_15_7) AppleWebKit/537.36 (KHTML, like Gecko) Chrome/146.0.0.0 Safari/537.36', 'authorization': 'Bearer eyJhbGciOiJIUzI1NiIsInR5cCI6IkpXVCJ9.eyJzdWIiOiJzdXBlcl9hZG1pbiIsImV4cCI6MTc3NjI0ODYyMH0.bA_ZAgvcsufL_P031VaJYLpUmS4V7gJI6_HGTXzvwuY', 'sec-ch-ua-platform': '"macOS"', 'connection': 'close', 'host': 'localhost:8000'})
 b''
[2026-04-09 17:15:35,462] INFO 65a7d0c6-0050-4233-970c-e72464b8db93 Response Log 0.004656791687011719s MutableHeaders({'content-length': '4544', 'content-type': 'application/json', 'x-response-time': '0.004656791687011719'})
 {"code":200,"data":[{"id":1,"status":1,"created":"2026-04-08T08:37:44.993827Z","modified":"2026-04-08T08:37:44.993827Z","name":"系统管理","icon":"SettingOutlined","path":"/main/system","type":0,"component":null,"pid":0,"identifier":null,"api":null,"method":null,"children":[{"id":2,"status":1,"created":"2026-04-08T08:37:44.993827Z","modified":"2026-04-08T08:37:44.993827Z","name":"用户管理","icon":"UserOutlined","path":"/main/system/user","type":1,"component":"user/user","pid":1,"identifier":null,"api":"/api/system/user","method":"GET","children":[{"id":101,"status":1,"created":"2026-04-08T10:22:33.358711Z","modified":"2026-04-08T10:22:33.358711Z","name":"新增用户","icon":null,"path":null,"type":2,"component":null,"pid":2,"identifier":"user:create","api":"/api/system/user","method":"POST"},{"id":102,"status":1,"created":"2026-04-08T10:22:33.358711Z","modified":"2026-04-08T10:22:33.358711Z","name":"编辑用户","icon":null,"path":null,"type":2,"component":null,"pid":2,"identifier":"user:update","api":"/api/system/user/{pk}","method":"PUT"},{"id":103,"status":1,"created":"2026-04-08T10:22:33.358711Z","modified":"2026-04-08T10:22:33.358711Z","name":"删除用户","icon":null,"path":null,"type":2,"component":null,"pid":2,"identifier":"user:delete","api":"/api/system/user/{pk}","method":"DELETE"}]},{"id":3,"status":1,"created":"2026-04-08T08:37:44.993827Z","modified":"2026-04-08T08:37:44.993827Z","name":"角色管理","icon":"TeamOutlined","path":"/main/system/role","type":1,"component":"role/role","pid":1,"identifier":null,"api":"/api/system/role","method":"GET","children":[{"id":111,"status":1,"created":"2026-04-08T10:22:33.358711Z","modified":"2026-04-08T10:22:33.358711Z","name":"新增角色","icon":null,"path":null,"type":2,"component":null,"pid":3,"identifier":"role:create","api":"/api/system/role","method":"POST"},{"id":112,"status":1,"created":"2026-04-08T10:22:33.358711Z","modified":"2026-04-08T10:22:33.358711Z","name":"编辑角色","icon":null,"path":null,"type":2,"component":null,"pid":3,"identifier":"role:update","api":"/api/system/role/{pk}","method":"PUT"},{"id":113,"status":1,"created":"2026-04-08T10:22:33.358711Z","modified":"2026-04-08T10:22:33.358711Z","name":"删除角色","icon":null,"path":null,"type":2,"component":null,"pid":3,"identifier":"role:delete","api":"/api/system/role/{pk}","method":"DELETE"}]},{"id":4,"status":1,"created":"2026-04-08T08:37:44.993827Z","modified":"2026-04-08T08:37:44.993827Z","name":"菜单管理","icon":"MenuOutlined","path":"/main/system/menu","type":1,"component":"menu/menu","pid":1,"identifier":null,"api":"/api/system/menu","method":"GET","children":[{"id":121,"status":1,"created":"2026-04-08T10:22:33.358711Z","modified":"2026-04-08T10:22:33.358711Z","name":"新增菜单","icon":null,"path":null,"type":2,"component":null,"pid":4,"identifier":"menu:create","api":"/api/system/menu","method":"POST"},{"id":122,"status":1,"created":"2026-04-08T10:22:33.358711Z","modified":"2026-04-08T10:22:33.358711Z","name":"编辑菜单","icon":null,"path":null,"type":2,"component":null,"pid":4,"identifier":"menu:update","api":"/api/system/menu/{pk}","method":"PUT"},{"id":123,"status":1,"created":"2026-04-08T10:22:33.358711Z","modified":"2026-04-08T10:22:33.358711Z","name":"删除菜单","icon":null,"path":null,"type":2,"component":null,"pid":4,"identifier":"menu:delete","api":"/api/system/menu/{pk}","method":"DELETE"}]}]},{"id":10,"status":1,"created":"2026-04-08T08:37:44.993827Z","modified":"2026-04-08T08:37:44.993827Z","name":"审核中心","icon":"AuditOutlined","path":"/main/audit","type":0,"component":null,"pid":0,"identifier":null,"api":null,"method":null,"children":[{"id":11,"status":1,"created":"2026-04-08T08:37:44.993827Z","modified":"2026-04-08T08:37:44.993827Z","name":"规则库","icon":"DatabaseOutlined","path":"/main/audit/rules","type":1,"component":"audit/rules","pid":10,"identifier":null,"api":"/api/audit/rules","method":"GET"},{"id":12,"status":1,"created":"2026-04-08T08:37:44.993827Z","modified":"2026-04-08T08:37:44.993827Z","name":"规则检索","icon":"SearchOutlined","path":"/main/audit/search","type":1,"component":"audit/search","pid":10,"identifier":null,"api":"/api/audit/search","method":"POST"},{"id":13,"status":1,"created":"2026-04-08T08:37:44.993827Z","modified":"2026-04-08T08:37:44.993827Z","name":"合规判定","icon":"CheckCircleOutlined","path":"/main/audit/judge","type":1,"component":"audit/judge","pid":10,"identifier":null,"api":"/api/audit/judge","method":"POST"}]}],"msg":"请求成功"}
[2026-04-09 17:28:11,931] INFO 8d6a7255-802a-4350-b37c-15fc99c3cfef Request Log Address(host='127.0.0.1', port=64896) GET http://localhost:8000/api/system/role?offset=1&limit=5 Headers({'accept-language': 'en-US,en;q=0.9,zh-CN;q=0.8,zh;q=0.7', 'accept-encoding': 'gzip, deflate, br, zstd', 'referer': 'http://localhost:5173/main/system/role', 'sec-fetch-dest': 'empty', 'sec-fetch-mode': 'cors', 'sec-fetch-site': 'same-origin', 'sec-ch-ua-mobile': '?0', 'sec-ch-ua': '"Chromium";v="146", "Not-A.Brand";v="24", "Google Chrome";v="146"', 'accept': 'application/json, text/plain, */*', 'user-agent': 'Mozilla/5.0 (Macintosh; Intel Mac OS X 10_15_7) AppleWebKit/537.36 (KHTML, like Gecko) Chrome/146.0.0.0 Safari/537.36', 'authorization': 'Bearer eyJhbGciOiJIUzI1NiIsInR5cCI6IkpXVCJ9.eyJzdWIiOiJzdXBlcl9hZG1pbiIsImV4cCI6MTc3NjI0ODYyMH0.bA_ZAgvcsufL_P031VaJYLpUmS4V7gJI6_HGTXzvwuY', 'sec-ch-ua-platform': '"macOS"', 'connection': 'close', 'host': 'localhost:8000'})
 b''
[2026-04-09 17:28:11,942] INFO 8d6a7255-802a-4350-b37c-15fc99c3cfef Response Log 0.010621309280395508s MutableHeaders({'content-length': '638', 'content-type': 'application/json', 'x-response-time': '0.010621309280395508'})
 {"code":200,"data":{"total":4,"items":[{"id":3,"status":1,"created":"2026-04-08T09:06:09.299353Z","modified":"2026-04-08T09:06:09.299353Z","name":"auditor","remark":"审核员"},{"id":4,"status":1,"created":"2026-04-08T09:06:09.299353Z","modified":"2026-04-08T09:06:09.299353Z","name":"viewer","remark":"查看员"},{"id":2,"status":1,"created":"2026-04-08T09:06:09.299353Z","modified":"2026-04-08T09:27:14.388720Z","name":"system_admin","remark":"系统管理员"},{"id":1,"status":1,"created":"2026-04-08T08:37:44.993827Z","modified":"2026-04-08T09:23:42.398415Z","name":"super_admin","remark":"超级管理员"}]},"msg":"请求成功"}
[2026-04-09 17:28:13,291] INFO 5cbdee86-5620-4f17-8d34-966f464c2c34 Request Log Address(host='127.0.0.1', port=64905) GET http://localhost:8000/api/system/user?offset=1&limit=5 Headers({'accept-language': 'en-US,en;q=0.9,zh-CN;q=0.8,zh;q=0.7', 'accept-encoding': 'gzip, deflate, br, zstd', 'referer': 'http://localhost:5173/main/system/user', 'sec-fetch-dest': 'empty', 'sec-fetch-mode': 'cors', 'sec-fetch-site': 'same-origin', 'sec-ch-ua-mobile': '?0', 'sec-ch-ua': '"Chromium";v="146", "Not-A.Brand";v="24", "Google Chrome";v="146"', 'accept': 'application/json, text/plain, */*', 'user-agent': 'Mozilla/5.0 (Macintosh; Intel Mac OS X 10_15_7) AppleWebKit/537.36 (KHTML, like Gecko) Chrome/146.0.0.0 Safari/537.36', 'authorization': 'Bearer eyJhbGciOiJIUzI1NiIsInR5cCI6IkpXVCJ9.eyJzdWIiOiJzdXBlcl9hZG1pbiIsImV4cCI6MTc3NjI0ODYyMH0.bA_ZAgvcsufL_P031VaJYLpUmS4V7gJI6_HGTXzvwuY', 'sec-ch-ua-platform': '"macOS"', 'connection': 'close', 'host': 'localhost:8000'})
 b''
[2026-04-09 17:28:13,296] INFO 5cbdee86-5620-4f17-8d34-966f464c2c34 Response Log 0.0045740604400634766s MutableHeaders({'content-length': '670', 'content-type': 'application/json', 'x-response-time': '0.0045740604400634766'})
 {"code":200,"data":{"total":4,"items":[{"id":4,"status":1,"created":"2026-04-08T09:39:23.606547Z","modified":"2026-04-08T09:39:23.606547Z","username":"viewer_01","nickname":"查看员1"},{"id":2,"status":1,"created":"2026-04-08T09:38:01.587305Z","modified":"2026-04-08T09:38:01.587305Z","username":"system_admin","nickname":"系统管理员"},{"id":3,"status":1,"created":"2026-04-08T09:38:01.587305Z","modified":"2026-04-08T09:38:01.587305Z","username":"auditor_01","nickname":"审核员1"},{"id":1,"status":1,"created":"2026-04-08T08:37:44.993827Z","modified":"2026-04-08T09:37:25.117382Z","username":"super_admin","nickname":"超级管理员"}]},"msg":"请求成功"}
[2026-04-09 17:28:14,909] INFO 229e1420-c0ff-43ce-8328-8dc25d931f6b Request Log Address(host='127.0.0.1', port=64911) GET http://localhost:8000/api/system/role?offset=1&limit=5 Headers({'accept-language': 'en-US,en;q=0.9,zh-CN;q=0.8,zh;q=0.7', 'accept-encoding': 'gzip, deflate, br, zstd', 'referer': 'http://localhost:5173/main/system/role', 'sec-fetch-dest': 'empty', 'sec-fetch-mode': 'cors', 'sec-fetch-site': 'same-origin', 'sec-ch-ua-mobile': '?0', 'sec-ch-ua': '"Chromium";v="146", "Not-A.Brand";v="24", "Google Chrome";v="146"', 'accept': 'application/json, text/plain, */*', 'user-agent': 'Mozilla/5.0 (Macintosh; Intel Mac OS X 10_15_7) AppleWebKit/537.36 (KHTML, like Gecko) Chrome/146.0.0.0 Safari/537.36', 'authorization': 'Bearer eyJhbGciOiJIUzI1NiIsInR5cCI6IkpXVCJ9.eyJzdWIiOiJzdXBlcl9hZG1pbiIsImV4cCI6MTc3NjI0ODYyMH0.bA_ZAgvcsufL_P031VaJYLpUmS4V7gJI6_HGTXzvwuY', 'sec-ch-ua-platform': '"macOS"', 'connection': 'close', 'host': 'localhost:8000'})
 b''
[2026-04-09 17:28:14,913] INFO 229e1420-c0ff-43ce-8328-8dc25d931f6b Response Log 0.0041921138763427734s MutableHeaders({'content-length': '638', 'content-type': 'application/json', 'x-response-time': '0.0041921138763427734'})
 {"code":200,"data":{"total":4,"items":[{"id":3,"status":1,"created":"2026-04-08T09:06:09.299353Z","modified":"2026-04-08T09:06:09.299353Z","name":"auditor","remark":"审核员"},{"id":4,"status":1,"created":"2026-04-08T09:06:09.299353Z","modified":"2026-04-08T09:06:09.299353Z","name":"viewer","remark":"查看员"},{"id":2,"status":1,"created":"2026-04-08T09:06:09.299353Z","modified":"2026-04-08T09:27:14.388720Z","name":"system_admin","remark":"系统管理员"},{"id":1,"status":1,"created":"2026-04-08T08:37:44.993827Z","modified":"2026-04-08T09:23:42.398415Z","name":"super_admin","remark":"超级管理员"}]},"msg":"请求成功"}
[2026-04-09 17:28:16,785] INFO 156ce7af-7e93-48de-bea9-75a6ec5f8995 Request Log Address(host='127.0.0.1', port=64918) GET http://localhost:8000/api/system/user?offset=1&limit=5 Headers({'accept-language': 'en-US,en;q=0.9,zh-CN;q=0.8,zh;q=0.7', 'accept-encoding': 'gzip, deflate, br, zstd', 'referer': 'http://localhost:5173/main/system/user', 'sec-fetch-dest': 'empty', 'sec-fetch-mode': 'cors', 'sec-fetch-site': 'same-origin', 'sec-ch-ua-mobile': '?0', 'sec-ch-ua': '"Chromium";v="146", "Not-A.Brand";v="24", "Google Chrome";v="146"', 'accept': 'application/json, text/plain, */*', 'user-agent': 'Mozilla/5.0 (Macintosh; Intel Mac OS X 10_15_7) AppleWebKit/537.36 (KHTML, like Gecko) Chrome/146.0.0.0 Safari/537.36', 'authorization': 'Bearer eyJhbGciOiJIUzI1NiIsInR5cCI6IkpXVCJ9.eyJzdWIiOiJzdXBlcl9hZG1pbiIsImV4cCI6MTc3NjI0ODYyMH0.bA_ZAgvcsufL_P031VaJYLpUmS4V7gJI6_HGTXzvwuY', 'sec-ch-ua-platform': '"macOS"', 'connection': 'close', 'host': 'localhost:8000'})
 b''
[2026-04-09 17:28:16,790] INFO 156ce7af-7e93-48de-bea9-75a6ec5f8995 Response Log 0.0039081573486328125s MutableHeaders({'content-length': '670', 'content-type': 'application/json', 'x-response-time': '0.0039081573486328125'})
 {"code":200,"data":{"total":4,"items":[{"id":4,"status":1,"created":"2026-04-08T09:39:23.606547Z","modified":"2026-04-08T09:39:23.606547Z","username":"viewer_01","nickname":"查看员1"},{"id":2,"status":1,"created":"2026-04-08T09:38:01.587305Z","modified":"2026-04-08T09:38:01.587305Z","username":"system_admin","nickname":"系统管理员"},{"id":3,"status":1,"created":"2026-04-08T09:38:01.587305Z","modified":"2026-04-08T09:38:01.587305Z","username":"auditor_01","nickname":"审核员1"},{"id":1,"status":1,"created":"2026-04-08T08:37:44.993827Z","modified":"2026-04-08T09:37:25.117382Z","username":"super_admin","nickname":"超级管理员"}]},"msg":"请求成功"}
[2026-04-09 17:28:18,543] INFO d59dfe92-7125-4e93-a026-4210b4b0a4d3 Request Log Address(host='127.0.0.1', port=64929) GET http://localhost:8000/api/system/role?offset=1&limit=5 Headers({'accept-language': 'en-US,en;q=0.9,zh-CN;q=0.8,zh;q=0.7', 'accept-encoding': 'gzip, deflate, br, zstd', 'referer': 'http://localhost:5173/main/system/role', 'sec-fetch-dest': 'empty', 'sec-fetch-mode': 'cors', 'sec-fetch-site': 'same-origin', 'sec-ch-ua-mobile': '?0', 'sec-ch-ua': '"Chromium";v="146", "Not-A.Brand";v="24", "Google Chrome";v="146"', 'accept': 'application/json, text/plain, */*', 'user-agent': 'Mozilla/5.0 (Macintosh; Intel Mac OS X 10_15_7) AppleWebKit/537.36 (KHTML, like Gecko) Chrome/146.0.0.0 Safari/537.36', 'authorization': 'Bearer eyJhbGciOiJIUzI1NiIsInR5cCI6IkpXVCJ9.eyJzdWIiOiJzdXBlcl9hZG1pbiIsImV4cCI6MTc3NjI0ODYyMH0.bA_ZAgvcsufL_P031VaJYLpUmS4V7gJI6_HGTXzvwuY', 'sec-ch-ua-platform': '"macOS"', 'connection': 'close', 'host': 'localhost:8000'})
 b''
[2026-04-09 17:28:18,547] INFO d59dfe92-7125-4e93-a026-4210b4b0a4d3 Response Log 0.0038788318634033203s MutableHeaders({'content-length': '638', 'content-type': 'application/json', 'x-response-time': '0.0038788318634033203'})
 {"code":200,"data":{"total":4,"items":[{"id":3,"status":1,"created":"2026-04-08T09:06:09.299353Z","modified":"2026-04-08T09:06:09.299353Z","name":"auditor","remark":"审核员"},{"id":4,"status":1,"created":"2026-04-08T09:06:09.299353Z","modified":"2026-04-08T09:06:09.299353Z","name":"viewer","remark":"查看员"},{"id":2,"status":1,"created":"2026-04-08T09:06:09.299353Z","modified":"2026-04-08T09:27:14.388720Z","name":"system_admin","remark":"系统管理员"},{"id":1,"status":1,"created":"2026-04-08T08:37:44.993827Z","modified":"2026-04-08T09:23:42.398415Z","name":"super_admin","remark":"超级管理员"}]},"msg":"请求成功"}
[2026-04-09 17:28:19,296] INFO e1f35954-e022-4275-bed7-789cfe587b9a Request Log Address(host='127.0.0.1', port=64933) GET http://localhost:8000/api/system/user?offset=1&limit=5 Headers({'accept-language': 'en-US,en;q=0.9,zh-CN;q=0.8,zh;q=0.7', 'accept-encoding': 'gzip, deflate, br, zstd', 'referer': 'http://localhost:5173/main/system/user', 'sec-fetch-dest': 'empty', 'sec-fetch-mode': 'cors', 'sec-fetch-site': 'same-origin', 'sec-ch-ua-mobile': '?0', 'sec-ch-ua': '"Chromium";v="146", "Not-A.Brand";v="24", "Google Chrome";v="146"', 'accept': 'application/json, text/plain, */*', 'user-agent': 'Mozilla/5.0 (Macintosh; Intel Mac OS X 10_15_7) AppleWebKit/537.36 (KHTML, like Gecko) Chrome/146.0.0.0 Safari/537.36', 'authorization': 'Bearer eyJhbGciOiJIUzI1NiIsInR5cCI6IkpXVCJ9.eyJzdWIiOiJzdXBlcl9hZG1pbiIsImV4cCI6MTc3NjI0ODYyMH0.bA_ZAgvcsufL_P031VaJYLpUmS4V7gJI6_HGTXzvwuY', 'sec-ch-ua-platform': '"macOS"', 'connection': 'close', 'host': 'localhost:8000'})
 b''
[2026-04-09 17:28:19,300] INFO e1f35954-e022-4275-bed7-789cfe587b9a Response Log 0.0037069320678710938s MutableHeaders({'content-length': '670', 'content-type': 'application/json', 'x-response-time': '0.0037069320678710938'})
 {"code":200,"data":{"total":4,"items":[{"id":4,"status":1,"created":"2026-04-08T09:39:23.606547Z","modified":"2026-04-08T09:39:23.606547Z","username":"viewer_01","nickname":"查看员1"},{"id":2,"status":1,"created":"2026-04-08T09:38:01.587305Z","modified":"2026-04-08T09:38:01.587305Z","username":"system_admin","nickname":"系统管理员"},{"id":3,"status":1,"created":"2026-04-08T09:38:01.587305Z","modified":"2026-04-08T09:38:01.587305Z","username":"auditor_01","nickname":"审核员1"},{"id":1,"status":1,"created":"2026-04-08T08:37:44.993827Z","modified":"2026-04-08T09:37:25.117382Z","username":"super_admin","nickname":"超级管理员"}]},"msg":"请求成功"}
[2026-04-09 17:28:28,853] INFO 8718962e-ac61-48df-ab04-e79bef30ac06 Request Log Address(host='127.0.0.1', port=64969) GET http://localhost:8000/api/system/role?offset=1&limit=5 Headers({'accept-language': 'en-US,en;q=0.9,zh-CN;q=0.8,zh;q=0.7', 'accept-encoding': 'gzip, deflate, br, zstd', 'referer': 'http://localhost:5173/main/system/role', 'sec-fetch-dest': 'empty', 'sec-fetch-mode': 'cors', 'sec-fetch-site': 'same-origin', 'sec-ch-ua-mobile': '?0', 'sec-ch-ua': '"Chromium";v="146", "Not-A.Brand";v="24", "Google Chrome";v="146"', 'accept': 'application/json, text/plain, */*', 'user-agent': 'Mozilla/5.0 (Macintosh; Intel Mac OS X 10_15_7) AppleWebKit/537.36 (KHTML, like Gecko) Chrome/146.0.0.0 Safari/537.36', 'authorization': 'Bearer eyJhbGciOiJIUzI1NiIsInR5cCI6IkpXVCJ9.eyJzdWIiOiJzdXBlcl9hZG1pbiIsImV4cCI6MTc3NjI0ODYyMH0.bA_ZAgvcsufL_P031VaJYLpUmS4V7gJI6_HGTXzvwuY', 'sec-ch-ua-platform': '"macOS"', 'connection': 'close', 'host': 'localhost:8000'})
 b''
[2026-04-09 17:28:28,858] INFO 8718962e-ac61-48df-ab04-e79bef30ac06 Response Log 0.004439115524291992s MutableHeaders({'content-length': '638', 'content-type': 'application/json', 'x-response-time': '0.004439115524291992'})
 {"code":200,"data":{"total":4,"items":[{"id":3,"status":1,"created":"2026-04-08T09:06:09.299353Z","modified":"2026-04-08T09:06:09.299353Z","name":"auditor","remark":"审核员"},{"id":4,"status":1,"created":"2026-04-08T09:06:09.299353Z","modified":"2026-04-08T09:06:09.299353Z","name":"viewer","remark":"查看员"},{"id":2,"status":1,"created":"2026-04-08T09:06:09.299353Z","modified":"2026-04-08T09:27:14.388720Z","name":"system_admin","remark":"系统管理员"},{"id":1,"status":1,"created":"2026-04-08T08:37:44.993827Z","modified":"2026-04-08T09:23:42.398415Z","name":"super_admin","remark":"超级管理员"}]},"msg":"请求成功"}
[2026-04-09 17:28:30,466] INFO d3169d80-1e3b-4bc6-a292-31ef861ad7c6 Request Log Address(host='127.0.0.1', port=64978) GET http://localhost:8000/api/system/user?offset=1&limit=5 Headers({'accept-language': 'en-US,en;q=0.9,zh-CN;q=0.8,zh;q=0.7', 'accept-encoding': 'gzip, deflate, br, zstd', 'referer': 'http://localhost:5173/main/system/user', 'sec-fetch-dest': 'empty', 'sec-fetch-mode': 'cors', 'sec-fetch-site': 'same-origin', 'sec-ch-ua-mobile': '?0', 'sec-ch-ua': '"Chromium";v="146", "Not-A.Brand";v="24", "Google Chrome";v="146"', 'accept': 'application/json, text/plain, */*', 'user-agent': 'Mozilla/5.0 (Macintosh; Intel Mac OS X 10_15_7) AppleWebKit/537.36 (KHTML, like Gecko) Chrome/146.0.0.0 Safari/537.36', 'authorization': 'Bearer eyJhbGciOiJIUzI1NiIsInR5cCI6IkpXVCJ9.eyJzdWIiOiJzdXBlcl9hZG1pbiIsImV4cCI6MTc3NjI0ODYyMH0.bA_ZAgvcsufL_P031VaJYLpUmS4V7gJI6_HGTXzvwuY', 'sec-ch-ua-platform': '"macOS"', 'connection': 'close', 'host': 'localhost:8000'})
 b''
[2026-04-09 17:28:30,470] INFO d3169d80-1e3b-4bc6-a292-31ef861ad7c6 Response Log 0.0039751529693603516s MutableHeaders({'content-length': '670', 'content-type': 'application/json', 'x-response-time': '0.0039751529693603516'})
 {"code":200,"data":{"total":4,"items":[{"id":4,"status":1,"created":"2026-04-08T09:39:23.606547Z","modified":"2026-04-08T09:39:23.606547Z","username":"viewer_01","nickname":"查看员1"},{"id":2,"status":1,"created":"2026-04-08T09:38:01.587305Z","modified":"2026-04-08T09:38:01.587305Z","username":"system_admin","nickname":"系统管理员"},{"id":3,"status":1,"created":"2026-04-08T09:38:01.587305Z","modified":"2026-04-08T09:38:01.587305Z","username":"auditor_01","nickname":"审核员1"},{"id":1,"status":1,"created":"2026-04-08T08:37:44.993827Z","modified":"2026-04-08T09:37:25.117382Z","username":"super_admin","nickname":"超级管理员"}]},"msg":"请求成功"}
[2026-04-09 17:28:34,215] INFO 72005978-e19a-4ebd-893b-813f64a9b842 Request Log Address(host='127.0.0.1', port=64998) GET http://localhost:8000/api/system/role?offset=1&limit=5 Headers({'accept-language': 'en-US,en;q=0.9,zh-CN;q=0.8,zh;q=0.7', 'accept-encoding': 'gzip, deflate, br, zstd', 'referer': 'http://localhost:5173/main/system/role', 'sec-fetch-dest': 'empty', 'sec-fetch-mode': 'cors', 'sec-fetch-site': 'same-origin', 'sec-ch-ua-mobile': '?0', 'sec-ch-ua': '"Chromium";v="146", "Not-A.Brand";v="24", "Google Chrome";v="146"', 'accept': 'application/json, text/plain, */*', 'user-agent': 'Mozilla/5.0 (Macintosh; Intel Mac OS X 10_15_7) AppleWebKit/537.36 (KHTML, like Gecko) Chrome/146.0.0.0 Safari/537.36', 'authorization': 'Bearer eyJhbGciOiJIUzI1NiIsInR5cCI6IkpXVCJ9.eyJzdWIiOiJzdXBlcl9hZG1pbiIsImV4cCI6MTc3NjI0ODYyMH0.bA_ZAgvcsufL_P031VaJYLpUmS4V7gJI6_HGTXzvwuY', 'sec-ch-ua-platform': '"macOS"', 'connection': 'close', 'host': 'localhost:8000'})
 b''
[2026-04-09 17:28:34,218] INFO 72005978-e19a-4ebd-893b-813f64a9b842 Response Log 0.0034551620483398438s MutableHeaders({'content-length': '638', 'content-type': 'application/json', 'x-response-time': '0.0034551620483398438'})
 {"code":200,"data":{"total":4,"items":[{"id":3,"status":1,"created":"2026-04-08T09:06:09.299353Z","modified":"2026-04-08T09:06:09.299353Z","name":"auditor","remark":"审核员"},{"id":4,"status":1,"created":"2026-04-08T09:06:09.299353Z","modified":"2026-04-08T09:06:09.299353Z","name":"viewer","remark":"查看员"},{"id":2,"status":1,"created":"2026-04-08T09:06:09.299353Z","modified":"2026-04-08T09:27:14.388720Z","name":"system_admin","remark":"系统管理员"},{"id":1,"status":1,"created":"2026-04-08T08:37:44.993827Z","modified":"2026-04-08T09:23:42.398415Z","name":"super_admin","remark":"超级管理员"}]},"msg":"请求成功"}
[2026-04-09 17:28:40,833] INFO d9048ca9-81c1-47b4-8b89-93051be4e02b Request Log Address(host='127.0.0.1', port=65014) GET http://localhost:8000/api/system/menu Headers({'accept-language': 'en-US,en;q=0.9,zh-CN;q=0.8,zh;q=0.7', 'accept-encoding': 'gzip, deflate, br, zstd', 'referer': 'http://localhost:5173/main/system/role', 'sec-fetch-dest': 'empty', 'sec-fetch-mode': 'cors', 'sec-fetch-site': 'same-origin', 'sec-ch-ua-mobile': '?0', 'sec-ch-ua': '"Chromium";v="146", "Not-A.Brand";v="24", "Google Chrome";v="146"', 'accept': 'application/json, text/plain, */*', 'user-agent': 'Mozilla/5.0 (Macintosh; Intel Mac OS X 10_15_7) AppleWebKit/537.36 (KHTML, like Gecko) Chrome/146.0.0.0 Safari/537.36', 'authorization': 'Bearer eyJhbGciOiJIUzI1NiIsInR5cCI6IkpXVCJ9.eyJzdWIiOiJzdXBlcl9hZG1pbiIsImV4cCI6MTc3NjI0ODYyMH0.bA_ZAgvcsufL_P031VaJYLpUmS4V7gJI6_HGTXzvwuY', 'sec-ch-ua-platform': '"macOS"', 'connection': 'close', 'host': 'localhost:8000'})
 b''
[2026-04-09 17:28:40,836] INFO d9048ca9-81c1-47b4-8b89-93051be4e02b Response Log 0.0032279491424560547s MutableHeaders({'content-length': '4544', 'content-type': 'application/json', 'x-response-time': '0.0032279491424560547'})
 {"code":200,"data":[{"id":1,"status":1,"created":"2026-04-08T08:37:44.993827Z","modified":"2026-04-08T08:37:44.993827Z","name":"系统管理","icon":"SettingOutlined","path":"/main/system","type":0,"component":null,"pid":0,"identifier":null,"api":null,"method":null,"children":[{"id":2,"status":1,"created":"2026-04-08T08:37:44.993827Z","modified":"2026-04-08T08:37:44.993827Z","name":"用户管理","icon":"UserOutlined","path":"/main/system/user","type":1,"component":"user/user","pid":1,"identifier":null,"api":"/api/system/user","method":"GET","children":[{"id":101,"status":1,"created":"2026-04-08T10:22:33.358711Z","modified":"2026-04-08T10:22:33.358711Z","name":"新增用户","icon":null,"path":null,"type":2,"component":null,"pid":2,"identifier":"user:create","api":"/api/system/user","method":"POST"},{"id":102,"status":1,"created":"2026-04-08T10:22:33.358711Z","modified":"2026-04-08T10:22:33.358711Z","name":"编辑用户","icon":null,"path":null,"type":2,"component":null,"pid":2,"identifier":"user:update","api":"/api/system/user/{pk}","method":"PUT"},{"id":103,"status":1,"created":"2026-04-08T10:22:33.358711Z","modified":"2026-04-08T10:22:33.358711Z","name":"删除用户","icon":null,"path":null,"type":2,"component":null,"pid":2,"identifier":"user:delete","api":"/api/system/user/{pk}","method":"DELETE"}]},{"id":3,"status":1,"created":"2026-04-08T08:37:44.993827Z","modified":"2026-04-08T08:37:44.993827Z","name":"角色管理","icon":"TeamOutlined","path":"/main/system/role","type":1,"component":"role/role","pid":1,"identifier":null,"api":"/api/system/role","method":"GET","children":[{"id":111,"status":1,"created":"2026-04-08T10:22:33.358711Z","modified":"2026-04-08T10:22:33.358711Z","name":"新增角色","icon":null,"path":null,"type":2,"component":null,"pid":3,"identifier":"role:create","api":"/api/system/role","method":"POST"},{"id":112,"status":1,"created":"2026-04-08T10:22:33.358711Z","modified":"2026-04-08T10:22:33.358711Z","name":"编辑角色","icon":null,"path":null,"type":2,"component":null,"pid":3,"identifier":"role:update","api":"/api/system/role/{pk}","method":"PUT"},{"id":113,"status":1,"created":"2026-04-08T10:22:33.358711Z","modified":"2026-04-08T10:22:33.358711Z","name":"删除角色","icon":null,"path":null,"type":2,"component":null,"pid":3,"identifier":"role:delete","api":"/api/system/role/{pk}","method":"DELETE"}]},{"id":4,"status":1,"created":"2026-04-08T08:37:44.993827Z","modified":"2026-04-08T08:37:44.993827Z","name":"菜单管理","icon":"MenuOutlined","path":"/main/system/menu","type":1,"component":"menu/menu","pid":1,"identifier":null,"api":"/api/system/menu","method":"GET","children":[{"id":121,"status":1,"created":"2026-04-08T10:22:33.358711Z","modified":"2026-04-08T10:22:33.358711Z","name":"新增菜单","icon":null,"path":null,"type":2,"component":null,"pid":4,"identifier":"menu:create","api":"/api/system/menu","method":"POST"},{"id":122,"status":1,"created":"2026-04-08T10:22:33.358711Z","modified":"2026-04-08T10:22:33.358711Z","name":"编辑菜单","icon":null,"path":null,"type":2,"component":null,"pid":4,"identifier":"menu:update","api":"/api/system/menu/{pk}","method":"PUT"},{"id":123,"status":1,"created":"2026-04-08T10:22:33.358711Z","modified":"2026-04-08T10:22:33.358711Z","name":"删除菜单","icon":null,"path":null,"type":2,"component":null,"pid":4,"identifier":"menu:delete","api":"/api/system/menu/{pk}","method":"DELETE"}]}]},{"id":10,"status":1,"created":"2026-04-08T08:37:44.993827Z","modified":"2026-04-08T08:37:44.993827Z","name":"审核中心","icon":"AuditOutlined","path":"/main/audit","type":0,"component":null,"pid":0,"identifier":null,"api":null,"method":null,"children":[{"id":11,"status":1,"created":"2026-04-08T08:37:44.993827Z","modified":"2026-04-08T08:37:44.993827Z","name":"规则库","icon":"DatabaseOutlined","path":"/main/audit/rules","type":1,"component":"audit/rules","pid":10,"identifier":null,"api":"/api/audit/rules","method":"GET"},{"id":12,"status":1,"created":"2026-04-08T08:37:44.993827Z","modified":"2026-04-08T08:37:44.993827Z","name":"规则检索","icon":"SearchOutlined","path":"/main/audit/search","type":1,"component":"audit/search","pid":10,"identifier":null,"api":"/api/audit/search","method":"POST"},{"id":13,"status":1,"created":"2026-04-08T08:37:44.993827Z","modified":"2026-04-08T08:37:44.993827Z","name":"合规判定","icon":"CheckCircleOutlined","path":"/main/audit/judge","type":1,"component":"audit/judge","pid":10,"identifier":null,"api":"/api/audit/judge","method":"POST"}]}],"msg":"请求成功"}
[2026-04-09 17:29:17,989] INFO 27bddf62-922c-43a9-8839-b4b0ae665cb2 Request Log Address(host='127.0.0.1', port=65156) GET http://localhost:8000/api/system/user?offset=1&limit=5 Headers({'accept-language': 'en-US,en;q=0.9,zh-CN;q=0.8,zh;q=0.7', 'accept-encoding': 'gzip, deflate, br, zstd', 'referer': 'http://localhost:5173/main/system/user', 'sec-fetch-dest': 'empty', 'sec-fetch-mode': 'cors', 'sec-fetch-site': 'same-origin', 'sec-ch-ua-mobile': '?0', 'sec-ch-ua': '"Chromium";v="146", "Not-A.Brand";v="24", "Google Chrome";v="146"', 'accept': 'application/json, text/plain, */*', 'user-agent': 'Mozilla/5.0 (Macintosh; Intel Mac OS X 10_15_7) AppleWebKit/537.36 (KHTML, like Gecko) Chrome/146.0.0.0 Safari/537.36', 'authorization': 'Bearer eyJhbGciOiJIUzI1NiIsInR5cCI6IkpXVCJ9.eyJzdWIiOiJzdXBlcl9hZG1pbiIsImV4cCI6MTc3NjI0ODYyMH0.bA_ZAgvcsufL_P031VaJYLpUmS4V7gJI6_HGTXzvwuY', 'sec-ch-ua-platform': '"macOS"', 'connection': 'close', 'host': 'localhost:8000'})
 b''
[2026-04-09 17:29:17,993] INFO 27bddf62-922c-43a9-8839-b4b0ae665cb2 Response Log 0.00391077995300293s MutableHeaders({'content-length': '670', 'content-type': 'application/json', 'x-response-time': '0.00391077995300293'})
 {"code":200,"data":{"total":4,"items":[{"id":4,"status":1,"created":"2026-04-08T09:39:23.606547Z","modified":"2026-04-08T09:39:23.606547Z","username":"viewer_01","nickname":"查看员1"},{"id":2,"status":1,"created":"2026-04-08T09:38:01.587305Z","modified":"2026-04-08T09:38:01.587305Z","username":"system_admin","nickname":"系统管理员"},{"id":3,"status":1,"created":"2026-04-08T09:38:01.587305Z","modified":"2026-04-08T09:38:01.587305Z","username":"auditor_01","nickname":"审核员1"},{"id":1,"status":1,"created":"2026-04-08T08:37:44.993827Z","modified":"2026-04-08T09:37:25.117382Z","username":"super_admin","nickname":"超级管理员"}]},"msg":"请求成功"}
[2026-04-09 17:29:20,727] INFO 62156672-01a5-4752-9b3d-12db3679d02c Request Log Address(host='127.0.0.1', port=65168) GET http://localhost:8000/api/system/role?offset=1&limit=5 Headers({'accept-language': 'en-US,en;q=0.9,zh-CN;q=0.8,zh;q=0.7', 'accept-encoding': 'gzip, deflate, br, zstd', 'referer': 'http://localhost:5173/main/system/role', 'sec-fetch-dest': 'empty', 'sec-fetch-mode': 'cors', 'sec-fetch-site': 'same-origin', 'sec-ch-ua-mobile': '?0', 'sec-ch-ua': '"Chromium";v="146", "Not-A.Brand";v="24", "Google Chrome";v="146"', 'accept': 'application/json, text/plain, */*', 'user-agent': 'Mozilla/5.0 (Macintosh; Intel Mac OS X 10_15_7) AppleWebKit/537.36 (KHTML, like Gecko) Chrome/146.0.0.0 Safari/537.36', 'authorization': 'Bearer eyJhbGciOiJIUzI1NiIsInR5cCI6IkpXVCJ9.eyJzdWIiOiJzdXBlcl9hZG1pbiIsImV4cCI6MTc3NjI0ODYyMH0.bA_ZAgvcsufL_P031VaJYLpUmS4V7gJI6_HGTXzvwuY', 'sec-ch-ua-platform': '"macOS"', 'connection': 'close', 'host': 'localhost:8000'})
 b''
[2026-04-09 17:29:20,731] INFO 62156672-01a5-4752-9b3d-12db3679d02c Response Log 0.003692150115966797s MutableHeaders({'content-length': '638', 'content-type': 'application/json', 'x-response-time': '0.003692150115966797'})
 {"code":200,"data":{"total":4,"items":[{"id":3,"status":1,"created":"2026-04-08T09:06:09.299353Z","modified":"2026-04-08T09:06:09.299353Z","name":"auditor","remark":"审核员"},{"id":4,"status":1,"created":"2026-04-08T09:06:09.299353Z","modified":"2026-04-08T09:06:09.299353Z","name":"viewer","remark":"查看员"},{"id":2,"status":1,"created":"2026-04-08T09:06:09.299353Z","modified":"2026-04-08T09:27:14.388720Z","name":"system_admin","remark":"系统管理员"},{"id":1,"status":1,"created":"2026-04-08T08:37:44.993827Z","modified":"2026-04-08T09:23:42.398415Z","name":"super_admin","remark":"超级管理员"}]},"msg":"请求成功"}
[2026-04-09 17:29:21,988] INFO 6c83b65b-203c-4668-9bf1-4d0eec098557 Request Log Address(host='127.0.0.1', port=65173) GET http://localhost:8000/api/system/user?offset=1&limit=5 Headers({'accept-language': 'en-US,en;q=0.9,zh-CN;q=0.8,zh;q=0.7', 'accept-encoding': 'gzip, deflate, br, zstd', 'referer': 'http://localhost:5173/main/system/user', 'sec-fetch-dest': 'empty', 'sec-fetch-mode': 'cors', 'sec-fetch-site': 'same-origin', 'sec-ch-ua-mobile': '?0', 'sec-ch-ua': '"Chromium";v="146", "Not-A.Brand";v="24", "Google Chrome";v="146"', 'accept': 'application/json, text/plain, */*', 'user-agent': 'Mozilla/5.0 (Macintosh; Intel Mac OS X 10_15_7) AppleWebKit/537.36 (KHTML, like Gecko) Chrome/146.0.0.0 Safari/537.36', 'authorization': 'Bearer eyJhbGciOiJIUzI1NiIsInR5cCI6IkpXVCJ9.eyJzdWIiOiJzdXBlcl9hZG1pbiIsImV4cCI6MTc3NjI0ODYyMH0.bA_ZAgvcsufL_P031VaJYLpUmS4V7gJI6_HGTXzvwuY', 'sec-ch-ua-platform': '"macOS"', 'connection': 'close', 'host': 'localhost:8000'})
 b''
[2026-04-09 17:29:21,992] INFO 6c83b65b-203c-4668-9bf1-4d0eec098557 Response Log 0.0037729740142822266s MutableHeaders({'content-length': '670', 'content-type': 'application/json', 'x-response-time': '0.0037729740142822266'})
 {"code":200,"data":{"total":4,"items":[{"id":4,"status":1,"created":"2026-04-08T09:39:23.606547Z","modified":"2026-04-08T09:39:23.606547Z","username":"viewer_01","nickname":"查看员1"},{"id":2,"status":1,"created":"2026-04-08T09:38:01.587305Z","modified":"2026-04-08T09:38:01.587305Z","username":"system_admin","nickname":"系统管理员"},{"id":3,"status":1,"created":"2026-04-08T09:38:01.587305Z","modified":"2026-04-08T09:38:01.587305Z","username":"auditor_01","nickname":"审核员1"},{"id":1,"status":1,"created":"2026-04-08T08:37:44.993827Z","modified":"2026-04-08T09:37:25.117382Z","username":"super_admin","nickname":"超级管理员"}]},"msg":"请求成功"}
[2026-04-09 17:29:22,842] INFO bbd50108-4d2e-48e1-b2d9-32bce68115cd Request Log Address(host='127.0.0.1', port=65180) GET http://localhost:8000/api/system/role?limit=100 Headers({'accept-language': 'en-US,en;q=0.9,zh-CN;q=0.8,zh;q=0.7', 'accept-encoding': 'gzip, deflate, br, zstd', 'referer': 'http://localhost:5173/main/system/user', 'sec-fetch-dest': 'empty', 'sec-fetch-mode': 'cors', 'sec-fetch-site': 'same-origin', 'sec-ch-ua-mobile': '?0', 'sec-ch-ua': '"Chromium";v="146", "Not-A.Brand";v="24", "Google Chrome";v="146"', 'accept': 'application/json, text/plain, */*', 'user-agent': 'Mozilla/5.0 (Macintosh; Intel Mac OS X 10_15_7) AppleWebKit/537.36 (KHTML, like Gecko) Chrome/146.0.0.0 Safari/537.36', 'authorization': 'Bearer eyJhbGciOiJIUzI1NiIsInR5cCI6IkpXVCJ9.eyJzdWIiOiJzdXBlcl9hZG1pbiIsImV4cCI6MTc3NjI0ODYyMH0.bA_ZAgvcsufL_P031VaJYLpUmS4V7gJI6_HGTXzvwuY', 'sec-ch-ua-platform': '"macOS"', 'connection': 'close', 'host': 'localhost:8000'})
 b''
[2026-04-09 17:29:22,847] INFO bbd50108-4d2e-48e1-b2d9-32bce68115cd Response Log 0.0048449039459228516s MutableHeaders({'content-length': '638', 'content-type': 'application/json', 'x-response-time': '0.0048449039459228516'})
 {"code":200,"data":{"total":4,"items":[{"id":3,"status":1,"created":"2026-04-08T09:06:09.299353Z","modified":"2026-04-08T09:06:09.299353Z","name":"auditor","remark":"审核员"},{"id":4,"status":1,"created":"2026-04-08T09:06:09.299353Z","modified":"2026-04-08T09:06:09.299353Z","name":"viewer","remark":"查看员"},{"id":2,"status":1,"created":"2026-04-08T09:06:09.299353Z","modified":"2026-04-08T09:27:14.388720Z","name":"system_admin","remark":"系统管理员"},{"id":1,"status":1,"created":"2026-04-08T08:37:44.993827Z","modified":"2026-04-08T09:23:42.398415Z","name":"super_admin","remark":"超级管理员"}]},"msg":"请求成功"}
[2026-04-09 17:29:29,477] INFO 1d49e2d5-8b30-4622-a9ab-366a93343143 Request Log Address(host='127.0.0.1', port=65211) GET http://localhost:8000/api/system/role?offset=1&limit=5 Headers({'accept-language': 'en-US,en;q=0.9,zh-CN;q=0.8,zh;q=0.7', 'accept-encoding': 'gzip, deflate, br, zstd', 'referer': 'http://localhost:5173/main/system/role', 'sec-fetch-dest': 'empty', 'sec-fetch-mode': 'cors', 'sec-fetch-site': 'same-origin', 'sec-ch-ua-mobile': '?0', 'sec-ch-ua': '"Chromium";v="146", "Not-A.Brand";v="24", "Google Chrome";v="146"', 'accept': 'application/json, text/plain, */*', 'user-agent': 'Mozilla/5.0 (Macintosh; Intel Mac OS X 10_15_7) AppleWebKit/537.36 (KHTML, like Gecko) Chrome/146.0.0.0 Safari/537.36', 'authorization': 'Bearer eyJhbGciOiJIUzI1NiIsInR5cCI6IkpXVCJ9.eyJzdWIiOiJzdXBlcl9hZG1pbiIsImV4cCI6MTc3NjI0ODYyMH0.bA_ZAgvcsufL_P031VaJYLpUmS4V7gJI6_HGTXzvwuY', 'sec-ch-ua-platform': '"macOS"', 'connection': 'close', 'host': 'localhost:8000'})
 b''
[2026-04-09 17:29:29,481] INFO 1d49e2d5-8b30-4622-a9ab-366a93343143 Response Log 0.0035142898559570312s MutableHeaders({'content-length': '638', 'content-type': 'application/json', 'x-response-time': '0.0035142898559570312'})
 {"code":200,"data":{"total":4,"items":[{"id":3,"status":1,"created":"2026-04-08T09:06:09.299353Z","modified":"2026-04-08T09:06:09.299353Z","name":"auditor","remark":"审核员"},{"id":4,"status":1,"created":"2026-04-08T09:06:09.299353Z","modified":"2026-04-08T09:06:09.299353Z","name":"viewer","remark":"查看员"},{"id":2,"status":1,"created":"2026-04-08T09:06:09.299353Z","modified":"2026-04-08T09:27:14.388720Z","name":"system_admin","remark":"系统管理员"},{"id":1,"status":1,"created":"2026-04-08T08:37:44.993827Z","modified":"2026-04-08T09:23:42.398415Z","name":"super_admin","remark":"超级管理员"}]},"msg":"请求成功"}
[2026-04-09 17:29:32,427] INFO c2b45d98-8a93-43f1-9135-0b01e5dee3c3 Request Log Address(host='127.0.0.1', port=65224) GET http://localhost:8000/api/system/role/3/menu Headers({'accept-language': 'en-US,en;q=0.9,zh-CN;q=0.8,zh;q=0.7', 'accept-encoding': 'gzip, deflate, br, zstd', 'referer': 'http://localhost:5173/main/system/role', 'sec-fetch-dest': 'empty', 'sec-fetch-mode': 'cors', 'sec-fetch-site': 'same-origin', 'sec-ch-ua-mobile': '?0', 'sec-ch-ua': '"Chromium";v="146", "Not-A.Brand";v="24", "Google Chrome";v="146"', 'accept': 'application/json, text/plain, */*', 'user-agent': 'Mozilla/5.0 (Macintosh; Intel Mac OS X 10_15_7) AppleWebKit/537.36 (KHTML, like Gecko) Chrome/146.0.0.0 Safari/537.36', 'authorization': 'Bearer eyJhbGciOiJIUzI1NiIsInR5cCI6IkpXVCJ9.eyJzdWIiOiJzdXBlcl9hZG1pbiIsImV4cCI6MTc3NjI0ODYyMH0.bA_ZAgvcsufL_P031VaJYLpUmS4V7gJI6_HGTXzvwuY', 'sec-ch-ua-platform': '"macOS"', 'connection': 'close', 'host': 'localhost:8000'})
 b''
[2026-04-09 17:29:32,428] INFO bad8372e-be88-4dd0-bddc-a057db626c10 Request Log Address(host='127.0.0.1', port=65225) GET http://localhost:8000/api/system/menu Headers({'accept-language': 'en-US,en;q=0.9,zh-CN;q=0.8,zh;q=0.7', 'accept-encoding': 'gzip, deflate, br, zstd', 'referer': 'http://localhost:5173/main/system/role', 'sec-fetch-dest': 'empty', 'sec-fetch-mode': 'cors', 'sec-fetch-site': 'same-origin', 'sec-ch-ua-mobile': '?0', 'sec-ch-ua': '"Chromium";v="146", "Not-A.Brand";v="24", "Google Chrome";v="146"', 'accept': 'application/json, text/plain, */*', 'user-agent': 'Mozilla/5.0 (Macintosh; Intel Mac OS X 10_15_7) AppleWebKit/537.36 (KHTML, like Gecko) Chrome/146.0.0.0 Safari/537.36', 'authorization': 'Bearer eyJhbGciOiJIUzI1NiIsInR5cCI6IkpXVCJ9.eyJzdWIiOiJzdXBlcl9hZG1pbiIsImV4cCI6MTc3NjI0ODYyMH0.bA_ZAgvcsufL_P031VaJYLpUmS4V7gJI6_HGTXzvwuY', 'sec-ch-ua-platform': '"macOS"', 'connection': 'close', 'host': 'localhost:8000'})
 b''
[2026-04-09 17:29:32,439] INFO bad8372e-be88-4dd0-bddc-a057db626c10 Response Log 0.010092020034790039s MutableHeaders({'content-length': '4544', 'content-type': 'application/json', 'x-response-time': '0.010092020034790039'})
 {"code":200,"data":[{"id":1,"status":1,"created":"2026-04-08T08:37:44.993827Z","modified":"2026-04-08T08:37:44.993827Z","name":"系统管理","icon":"SettingOutlined","path":"/main/system","type":0,"component":null,"pid":0,"identifier":null,"api":null,"method":null,"children":[{"id":2,"status":1,"created":"2026-04-08T08:37:44.993827Z","modified":"2026-04-08T08:37:44.993827Z","name":"用户管理","icon":"UserOutlined","path":"/main/system/user","type":1,"component":"user/user","pid":1,"identifier":null,"api":"/api/system/user","method":"GET","children":[{"id":101,"status":1,"created":"2026-04-08T10:22:33.358711Z","modified":"2026-04-08T10:22:33.358711Z","name":"新增用户","icon":null,"path":null,"type":2,"component":null,"pid":2,"identifier":"user:create","api":"/api/system/user","method":"POST"},{"id":102,"status":1,"created":"2026-04-08T10:22:33.358711Z","modified":"2026-04-08T10:22:33.358711Z","name":"编辑用户","icon":null,"path":null,"type":2,"component":null,"pid":2,"identifier":"user:update","api":"/api/system/user/{pk}","method":"PUT"},{"id":103,"status":1,"created":"2026-04-08T10:22:33.358711Z","modified":"2026-04-08T10:22:33.358711Z","name":"删除用户","icon":null,"path":null,"type":2,"component":null,"pid":2,"identifier":"user:delete","api":"/api/system/user/{pk}","method":"DELETE"}]},{"id":3,"status":1,"created":"2026-04-08T08:37:44.993827Z","modified":"2026-04-08T08:37:44.993827Z","name":"角色管理","icon":"TeamOutlined","path":"/main/system/role","type":1,"component":"role/role","pid":1,"identifier":null,"api":"/api/system/role","method":"GET","children":[{"id":111,"status":1,"created":"2026-04-08T10:22:33.358711Z","modified":"2026-04-08T10:22:33.358711Z","name":"新增角色","icon":null,"path":null,"type":2,"component":null,"pid":3,"identifier":"role:create","api":"/api/system/role","method":"POST"},{"id":112,"status":1,"created":"2026-04-08T10:22:33.358711Z","modified":"2026-04-08T10:22:33.358711Z","name":"编辑角色","icon":null,"path":null,"type":2,"component":null,"pid":3,"identifier":"role:update","api":"/api/system/role/{pk}","method":"PUT"},{"id":113,"status":1,"created":"2026-04-08T10:22:33.358711Z","modified":"2026-04-08T10:22:33.358711Z","name":"删除角色","icon":null,"path":null,"type":2,"component":null,"pid":3,"identifier":"role:delete","api":"/api/system/role/{pk}","method":"DELETE"}]},{"id":4,"status":1,"created":"2026-04-08T08:37:44.993827Z","modified":"2026-04-08T08:37:44.993827Z","name":"菜单管理","icon":"MenuOutlined","path":"/main/system/menu","type":1,"component":"menu/menu","pid":1,"identifier":null,"api":"/api/system/menu","method":"GET","children":[{"id":121,"status":1,"created":"2026-04-08T10:22:33.358711Z","modified":"2026-04-08T10:22:33.358711Z","name":"新增菜单","icon":null,"path":null,"type":2,"component":null,"pid":4,"identifier":"menu:create","api":"/api/system/menu","method":"POST"},{"id":122,"status":1,"created":"2026-04-08T10:22:33.358711Z","modified":"2026-04-08T10:22:33.358711Z","name":"编辑菜单","icon":null,"path":null,"type":2,"component":null,"pid":4,"identifier":"menu:update","api":"/api/system/menu/{pk}","method":"PUT"},{"id":123,"status":1,"created":"2026-04-08T10:22:33.358711Z","modified":"2026-04-08T10:22:33.358711Z","name":"删除菜单","icon":null,"path":null,"type":2,"component":null,"pid":4,"identifier":"menu:delete","api":"/api/system/menu/{pk}","method":"DELETE"}]}]},{"id":10,"status":1,"created":"2026-04-08T08:37:44.993827Z","modified":"2026-04-08T08:37:44.993827Z","name":"审核中心","icon":"AuditOutlined","path":"/main/audit","type":0,"component":null,"pid":0,"identifier":null,"api":null,"method":null,"children":[{"id":11,"status":1,"created":"2026-04-08T08:37:44.993827Z","modified":"2026-04-08T08:37:44.993827Z","name":"规则库","icon":"DatabaseOutlined","path":"/main/audit/rules","type":1,"component":"audit/rules","pid":10,"identifier":null,"api":"/api/audit/rules","method":"GET"},{"id":12,"status":1,"created":"2026-04-08T08:37:44.993827Z","modified":"2026-04-08T08:37:44.993827Z","name":"规则检索","icon":"SearchOutlined","path":"/main/audit/search","type":1,"component":"audit/search","pid":10,"identifier":null,"api":"/api/audit/search","method":"POST"},{"id":13,"status":1,"created":"2026-04-08T08:37:44.993827Z","modified":"2026-04-08T08:37:44.993827Z","name":"合规判定","icon":"CheckCircleOutlined","path":"/main/audit/judge","type":1,"component":"audit/judge","pid":10,"identifier":null,"api":"/api/audit/judge","method":"POST"}]}],"msg":"请求成功"}
[2026-04-09 17:29:37,366] INFO aee4ea42-5a8c-4283-98c7-1605c7c93c0c Request Log Address(host='127.0.0.1', port=65248) GET http://localhost:8000/api/system/role/4/menu Headers({'accept-language': 'en-US,en;q=0.9,zh-CN;q=0.8,zh;q=0.7', 'accept-encoding': 'gzip, deflate, br, zstd', 'referer': 'http://localhost:5173/main/system/role', 'sec-fetch-dest': 'empty', 'sec-fetch-mode': 'cors', 'sec-fetch-site': 'same-origin', 'sec-ch-ua-mobile': '?0', 'sec-ch-ua': '"Chromium";v="146", "Not-A.Brand";v="24", "Google Chrome";v="146"', 'accept': 'application/json, text/plain, */*', 'user-agent': 'Mozilla/5.0 (Macintosh; Intel Mac OS X 10_15_7) AppleWebKit/537.36 (KHTML, like Gecko) Chrome/146.0.0.0 Safari/537.36', 'authorization': 'Bearer eyJhbGciOiJIUzI1NiIsInR5cCI6IkpXVCJ9.eyJzdWIiOiJzdXBlcl9hZG1pbiIsImV4cCI6MTc3NjI0ODYyMH0.bA_ZAgvcsufL_P031VaJYLpUmS4V7gJI6_HGTXzvwuY', 'sec-ch-ua-platform': '"macOS"', 'connection': 'close', 'host': 'localhost:8000'})
 b''
[2026-04-09 17:29:37,368] INFO 10455e60-3c8f-46de-8875-3b8634cd1284 Request Log Address(host='127.0.0.1', port=65249) GET http://localhost:8000/api/system/menu Headers({'accept-language': 'en-US,en;q=0.9,zh-CN;q=0.8,zh;q=0.7', 'accept-encoding': 'gzip, deflate, br, zstd', 'referer': 'http://localhost:5173/main/system/role', 'sec-fetch-dest': 'empty', 'sec-fetch-mode': 'cors', 'sec-fetch-site': 'same-origin', 'sec-ch-ua-mobile': '?0', 'sec-ch-ua': '"Chromium";v="146", "Not-A.Brand";v="24", "Google Chrome";v="146"', 'accept': 'application/json, text/plain, */*', 'user-agent': 'Mozilla/5.0 (Macintosh; Intel Mac OS X 10_15_7) AppleWebKit/537.36 (KHTML, like Gecko) Chrome/146.0.0.0 Safari/537.36', 'authorization': 'Bearer eyJhbGciOiJIUzI1NiIsInR5cCI6IkpXVCJ9.eyJzdWIiOiJzdXBlcl9hZG1pbiIsImV4cCI6MTc3NjI0ODYyMH0.bA_ZAgvcsufL_P031VaJYLpUmS4V7gJI6_HGTXzvwuY', 'sec-ch-ua-platform': '"macOS"', 'connection': 'close', 'host': 'localhost:8000'})
 b''
[2026-04-09 17:29:37,370] INFO 10455e60-3c8f-46de-8875-3b8634cd1284 Response Log 0.0024728775024414062s MutableHeaders({'content-length': '4544', 'content-type': 'application/json', 'x-response-time': '0.0024728775024414062'})
 {"code":200,"data":[{"id":1,"status":1,"created":"2026-04-08T08:37:44.993827Z","modified":"2026-04-08T08:37:44.993827Z","name":"系统管理","icon":"SettingOutlined","path":"/main/system","type":0,"component":null,"pid":0,"identifier":null,"api":null,"method":null,"children":[{"id":2,"status":1,"created":"2026-04-08T08:37:44.993827Z","modified":"2026-04-08T08:37:44.993827Z","name":"用户管理","icon":"UserOutlined","path":"/main/system/user","type":1,"component":"user/user","pid":1,"identifier":null,"api":"/api/system/user","method":"GET","children":[{"id":101,"status":1,"created":"2026-04-08T10:22:33.358711Z","modified":"2026-04-08T10:22:33.358711Z","name":"新增用户","icon":null,"path":null,"type":2,"component":null,"pid":2,"identifier":"user:create","api":"/api/system/user","method":"POST"},{"id":102,"status":1,"created":"2026-04-08T10:22:33.358711Z","modified":"2026-04-08T10:22:33.358711Z","name":"编辑用户","icon":null,"path":null,"type":2,"component":null,"pid":2,"identifier":"user:update","api":"/api/system/user/{pk}","method":"PUT"},{"id":103,"status":1,"created":"2026-04-08T10:22:33.358711Z","modified":"2026-04-08T10:22:33.358711Z","name":"删除用户","icon":null,"path":null,"type":2,"component":null,"pid":2,"identifier":"user:delete","api":"/api/system/user/{pk}","method":"DELETE"}]},{"id":3,"status":1,"created":"2026-04-08T08:37:44.993827Z","modified":"2026-04-08T08:37:44.993827Z","name":"角色管理","icon":"TeamOutlined","path":"/main/system/role","type":1,"component":"role/role","pid":1,"identifier":null,"api":"/api/system/role","method":"GET","children":[{"id":111,"status":1,"created":"2026-04-08T10:22:33.358711Z","modified":"2026-04-08T10:22:33.358711Z","name":"新增角色","icon":null,"path":null,"type":2,"component":null,"pid":3,"identifier":"role:create","api":"/api/system/role","method":"POST"},{"id":112,"status":1,"created":"2026-04-08T10:22:33.358711Z","modified":"2026-04-08T10:22:33.358711Z","name":"编辑角色","icon":null,"path":null,"type":2,"component":null,"pid":3,"identifier":"role:update","api":"/api/system/role/{pk}","method":"PUT"},{"id":113,"status":1,"created":"2026-04-08T10:22:33.358711Z","modified":"2026-04-08T10:22:33.358711Z","name":"删除角色","icon":null,"path":null,"type":2,"component":null,"pid":3,"identifier":"role:delete","api":"/api/system/role/{pk}","method":"DELETE"}]},{"id":4,"status":1,"created":"2026-04-08T08:37:44.993827Z","modified":"2026-04-08T08:37:44.993827Z","name":"菜单管理","icon":"MenuOutlined","path":"/main/system/menu","type":1,"component":"menu/menu","pid":1,"identifier":null,"api":"/api/system/menu","method":"GET","children":[{"id":121,"status":1,"created":"2026-04-08T10:22:33.358711Z","modified":"2026-04-08T10:22:33.358711Z","name":"新增菜单","icon":null,"path":null,"type":2,"component":null,"pid":4,"identifier":"menu:create","api":"/api/system/menu","method":"POST"},{"id":122,"status":1,"created":"2026-04-08T10:22:33.358711Z","modified":"2026-04-08T10:22:33.358711Z","name":"编辑菜单","icon":null,"path":null,"type":2,"component":null,"pid":4,"identifier":"menu:update","api":"/api/system/menu/{pk}","method":"PUT"},{"id":123,"status":1,"created":"2026-04-08T10:22:33.358711Z","modified":"2026-04-08T10:22:33.358711Z","name":"删除菜单","icon":null,"path":null,"type":2,"component":null,"pid":4,"identifier":"menu:delete","api":"/api/system/menu/{pk}","method":"DELETE"}]}]},{"id":10,"status":1,"created":"2026-04-08T08:37:44.993827Z","modified":"2026-04-08T08:37:44.993827Z","name":"审核中心","icon":"AuditOutlined","path":"/main/audit","type":0,"component":null,"pid":0,"identifier":null,"api":null,"method":null,"children":[{"id":11,"status":1,"created":"2026-04-08T08:37:44.993827Z","modified":"2026-04-08T08:37:44.993827Z","name":"规则库","icon":"DatabaseOutlined","path":"/main/audit/rules","type":1,"component":"audit/rules","pid":10,"identifier":null,"api":"/api/audit/rules","method":"GET"},{"id":12,"status":1,"created":"2026-04-08T08:37:44.993827Z","modified":"2026-04-08T08:37:44.993827Z","name":"规则检索","icon":"SearchOutlined","path":"/main/audit/search","type":1,"component":"audit/search","pid":10,"identifier":null,"api":"/api/audit/search","method":"POST"},{"id":13,"status":1,"created":"2026-04-08T08:37:44.993827Z","modified":"2026-04-08T08:37:44.993827Z","name":"合规判定","icon":"CheckCircleOutlined","path":"/main/audit/judge","type":1,"component":"audit/judge","pid":10,"identifier":null,"api":"/api/audit/judge","method":"POST"}]}],"msg":"请求成功"}
[2026-04-09 17:29:39,646] INFO eae25868-3879-4787-b468-70b9ffffb191 Request Log Address(host='127.0.0.1', port=65265) GET http://localhost:8000/api/system/role/2/menu Headers({'accept-language': 'en-US,en;q=0.9,zh-CN;q=0.8,zh;q=0.7', 'accept-encoding': 'gzip, deflate, br, zstd', 'referer': 'http://localhost:5173/main/system/role', 'sec-fetch-dest': 'empty', 'sec-fetch-mode': 'cors', 'sec-fetch-site': 'same-origin', 'sec-ch-ua-mobile': '?0', 'sec-ch-ua': '"Chromium";v="146", "Not-A.Brand";v="24", "Google Chrome";v="146"', 'accept': 'application/json, text/plain, */*', 'user-agent': 'Mozilla/5.0 (Macintosh; Intel Mac OS X 10_15_7) AppleWebKit/537.36 (KHTML, like Gecko) Chrome/146.0.0.0 Safari/537.36', 'authorization': 'Bearer eyJhbGciOiJIUzI1NiIsInR5cCI6IkpXVCJ9.eyJzdWIiOiJzdXBlcl9hZG1pbiIsImV4cCI6MTc3NjI0ODYyMH0.bA_ZAgvcsufL_P031VaJYLpUmS4V7gJI6_HGTXzvwuY', 'sec-ch-ua-platform': '"macOS"', 'connection': 'close', 'host': 'localhost:8000'})
 b''
[2026-04-09 17:29:39,647] INFO 438a725d-10f7-4f6c-8bfe-fa791693a50c Request Log Address(host='127.0.0.1', port=65266) GET http://localhost:8000/api/system/menu Headers({'accept-language': 'en-US,en;q=0.9,zh-CN;q=0.8,zh;q=0.7', 'accept-encoding': 'gzip, deflate, br, zstd', 'referer': 'http://localhost:5173/main/system/role', 'sec-fetch-dest': 'empty', 'sec-fetch-mode': 'cors', 'sec-fetch-site': 'same-origin', 'sec-ch-ua-mobile': '?0', 'sec-ch-ua': '"Chromium";v="146", "Not-A.Brand";v="24", "Google Chrome";v="146"', 'accept': 'application/json, text/plain, */*', 'user-agent': 'Mozilla/5.0 (Macintosh; Intel Mac OS X 10_15_7) AppleWebKit/537.36 (KHTML, like Gecko) Chrome/146.0.0.0 Safari/537.36', 'authorization': 'Bearer eyJhbGciOiJIUzI1NiIsInR5cCI6IkpXVCJ9.eyJzdWIiOiJzdXBlcl9hZG1pbiIsImV4cCI6MTc3NjI0ODYyMH0.bA_ZAgvcsufL_P031VaJYLpUmS4V7gJI6_HGTXzvwuY', 'sec-ch-ua-platform': '"macOS"', 'connection': 'close', 'host': 'localhost:8000'})
 b''
[2026-04-09 17:29:39,650] INFO 438a725d-10f7-4f6c-8bfe-fa791693a50c Response Log 0.0026350021362304688s MutableHeaders({'content-length': '4544', 'content-type': 'application/json', 'x-response-time': '0.0026350021362304688'})
 {"code":200,"data":[{"id":1,"status":1,"created":"2026-04-08T08:37:44.993827Z","modified":"2026-04-08T08:37:44.993827Z","name":"系统管理","icon":"SettingOutlined","path":"/main/system","type":0,"component":null,"pid":0,"identifier":null,"api":null,"method":null,"children":[{"id":2,"status":1,"created":"2026-04-08T08:37:44.993827Z","modified":"2026-04-08T08:37:44.993827Z","name":"用户管理","icon":"UserOutlined","path":"/main/system/user","type":1,"component":"user/user","pid":1,"identifier":null,"api":"/api/system/user","method":"GET","children":[{"id":101,"status":1,"created":"2026-04-08T10:22:33.358711Z","modified":"2026-04-08T10:22:33.358711Z","name":"新增用户","icon":null,"path":null,"type":2,"component":null,"pid":2,"identifier":"user:create","api":"/api/system/user","method":"POST"},{"id":102,"status":1,"created":"2026-04-08T10:22:33.358711Z","modified":"2026-04-08T10:22:33.358711Z","name":"编辑用户","icon":null,"path":null,"type":2,"component":null,"pid":2,"identifier":"user:update","api":"/api/system/user/{pk}","method":"PUT"},{"id":103,"status":1,"created":"2026-04-08T10:22:33.358711Z","modified":"2026-04-08T10:22:33.358711Z","name":"删除用户","icon":null,"path":null,"type":2,"component":null,"pid":2,"identifier":"user:delete","api":"/api/system/user/{pk}","method":"DELETE"}]},{"id":3,"status":1,"created":"2026-04-08T08:37:44.993827Z","modified":"2026-04-08T08:37:44.993827Z","name":"角色管理","icon":"TeamOutlined","path":"/main/system/role","type":1,"component":"role/role","pid":1,"identifier":null,"api":"/api/system/role","method":"GET","children":[{"id":111,"status":1,"created":"2026-04-08T10:22:33.358711Z","modified":"2026-04-08T10:22:33.358711Z","name":"新增角色","icon":null,"path":null,"type":2,"component":null,"pid":3,"identifier":"role:create","api":"/api/system/role","method":"POST"},{"id":112,"status":1,"created":"2026-04-08T10:22:33.358711Z","modified":"2026-04-08T10:22:33.358711Z","name":"编辑角色","icon":null,"path":null,"type":2,"component":null,"pid":3,"identifier":"role:update","api":"/api/system/role/{pk}","method":"PUT"},{"id":113,"status":1,"created":"2026-04-08T10:22:33.358711Z","modified":"2026-04-08T10:22:33.358711Z","name":"删除角色","icon":null,"path":null,"type":2,"component":null,"pid":3,"identifier":"role:delete","api":"/api/system/role/{pk}","method":"DELETE"}]},{"id":4,"status":1,"created":"2026-04-08T08:37:44.993827Z","modified":"2026-04-08T08:37:44.993827Z","name":"菜单管理","icon":"MenuOutlined","path":"/main/system/menu","type":1,"component":"menu/menu","pid":1,"identifier":null,"api":"/api/system/menu","method":"GET","children":[{"id":121,"status":1,"created":"2026-04-08T10:22:33.358711Z","modified":"2026-04-08T10:22:33.358711Z","name":"新增菜单","icon":null,"path":null,"type":2,"component":null,"pid":4,"identifier":"menu:create","api":"/api/system/menu","method":"POST"},{"id":122,"status":1,"created":"2026-04-08T10:22:33.358711Z","modified":"2026-04-08T10:22:33.358711Z","name":"编辑菜单","icon":null,"path":null,"type":2,"component":null,"pid":4,"identifier":"menu:update","api":"/api/system/menu/{pk}","method":"PUT"},{"id":123,"status":1,"created":"2026-04-08T10:22:33.358711Z","modified":"2026-04-08T10:22:33.358711Z","name":"删除菜单","icon":null,"path":null,"type":2,"component":null,"pid":4,"identifier":"menu:delete","api":"/api/system/menu/{pk}","method":"DELETE"}]}]},{"id":10,"status":1,"created":"2026-04-08T08:37:44.993827Z","modified":"2026-04-08T08:37:44.993827Z","name":"审核中心","icon":"AuditOutlined","path":"/main/audit","type":0,"component":null,"pid":0,"identifier":null,"api":null,"method":null,"children":[{"id":11,"status":1,"created":"2026-04-08T08:37:44.993827Z","modified":"2026-04-08T08:37:44.993827Z","name":"规则库","icon":"DatabaseOutlined","path":"/main/audit/rules","type":1,"component":"audit/rules","pid":10,"identifier":null,"api":"/api/audit/rules","method":"GET"},{"id":12,"status":1,"created":"2026-04-08T08:37:44.993827Z","modified":"2026-04-08T08:37:44.993827Z","name":"规则检索","icon":"SearchOutlined","path":"/main/audit/search","type":1,"component":"audit/search","pid":10,"identifier":null,"api":"/api/audit/search","method":"POST"},{"id":13,"status":1,"created":"2026-04-08T08:37:44.993827Z","modified":"2026-04-08T08:37:44.993827Z","name":"合规判定","icon":"CheckCircleOutlined","path":"/main/audit/judge","type":1,"component":"audit/judge","pid":10,"identifier":null,"api":"/api/audit/judge","method":"POST"}]}],"msg":"请求成功"}
[2026-04-09 17:29:45,078] INFO 44fa202e-bc47-4950-a96a-1a1df09acece Request Log Address(host='127.0.0.1', port=65281) DELETE http://localhost:8000/api/system/role/3 Headers({'content-length': '0', 'accept-language': 'en-US,en;q=0.9,zh-CN;q=0.8,zh;q=0.7', 'accept-encoding': 'gzip, deflate, br, zstd', 'referer': 'http://localhost:5173/main/system/role', 'sec-fetch-dest': 'empty', 'sec-fetch-mode': 'cors', 'sec-fetch-site': 'same-origin', 'origin': 'http://localhost:5173', 'sec-ch-ua-mobile': '?0', 'sec-ch-ua': '"Chromium";v="146", "Not-A.Brand";v="24", "Google Chrome";v="146"', 'accept': 'application/json, text/plain, */*', 'user-agent': 'Mozilla/5.0 (Macintosh; Intel Mac OS X 10_15_7) AppleWebKit/537.36 (KHTML, like Gecko) Chrome/146.0.0.0 Safari/537.36', 'authorization': 'Bearer eyJhbGciOiJIUzI1NiIsInR5cCI6IkpXVCJ9.eyJzdWIiOiJzdXBlcl9hZG1pbiIsImV4cCI6MTc3NjI0ODYyMH0.bA_ZAgvcsufL_P031VaJYLpUmS4V7gJI6_HGTXzvwuY', 'sec-ch-ua-platform': '"macOS"', 'connection': 'close', 'host': 'localhost:8000'})
 b''
[2026-04-09 17:29:45,082] ERROR 44fa202e-bc47-4950-a96a-1a1df09acece Exception Log: 1 validation error:
  {'type': 'missing', 'loc': ('response', 'data'), 'msg': 'Field required', 'input': {}}

  File "/Users/alpha-macstudio/Documents/work/AUDIT_PROJECT/backend/modules/system/api/role_api.py", line 45, in role_del
    DELETE /api/system/role/{pk}
Traceback (most recent call last):
  File "/opt/homebrew/Caskroom/miniforge/base/envs/audit-project/lib/python3.11/site-packages/starlette/middleware/errors.py", line 164, in __call__
    await self.app(scope, receive, _send)
  File "/opt/homebrew/Caskroom/miniforge/base/envs/audit-project/lib/python3.11/site-packages/starlette/middleware/cors.py", line 96, in __call__
    await self.simple_response(scope, receive, send, request_headers=headers)
  File "/opt/homebrew/Caskroom/miniforge/base/envs/audit-project/lib/python3.11/site-packages/starlette/middleware/cors.py", line 154, in simple_response
    await self.app(scope, receive, send)
  File "/opt/homebrew/Caskroom/miniforge/base/envs/audit-project/lib/python3.11/site-packages/starlette/middleware/exceptions.py", line 63, in __call__
    await wrap_app_handling_exceptions(self.app, conn)(scope, receive, send)
  File "/opt/homebrew/Caskroom/miniforge/base/envs/audit-project/lib/python3.11/site-packages/starlette/_exception_handler.py", line 53, in wrapped_app
    raise exc
  File "/opt/homebrew/Caskroom/miniforge/base/envs/audit-project/lib/python3.11/site-packages/starlette/_exception_handler.py", line 42, in wrapped_app
    await app(scope, receive, sender)
  File "/opt/homebrew/Caskroom/miniforge/base/envs/audit-project/lib/python3.11/site-packages/fastapi/middleware/asyncexitstack.py", line 18, in __call__
    await self.app(scope, receive, send)
  File "/opt/homebrew/Caskroom/miniforge/base/envs/audit-project/lib/python3.11/site-packages/starlette/routing.py", line 660, in __call__
    await self.middleware_stack(scope, receive, send)
  File "/opt/homebrew/Caskroom/miniforge/base/envs/audit-project/lib/python3.11/site-packages/starlette/routing.py", line 680, in app
    await route.handle(scope, receive, send)
  File "/opt/homebrew/Caskroom/miniforge/base/envs/audit-project/lib/python3.11/site-packages/starlette/routing.py", line 276, in handle
    await self.app(scope, receive, send)
  File "/opt/homebrew/Caskroom/miniforge/base/envs/audit-project/lib/python3.11/site-packages/fastapi/routing.py", line 134, in app
    await wrap_app_handling_exceptions(app, request)(scope, receive, send)
  File "/opt/homebrew/Caskroom/miniforge/base/envs/audit-project/lib/python3.11/site-packages/starlette/_exception_handler.py", line 53, in wrapped_app
    raise exc
  File "/opt/homebrew/Caskroom/miniforge/base/envs/audit-project/lib/python3.11/site-packages/starlette/_exception_handler.py", line 42, in wrapped_app
    await app(scope, receive, sender)
  File "/opt/homebrew/Caskroom/miniforge/base/envs/audit-project/lib/python3.11/site-packages/fastapi/routing.py", line 120, in app
    response = await f(request)
               ^^^^^^^^^^^^^^^^
  File "/Users/alpha-macstudio/Documents/work/AUDIT_PROJECT/backend/app/core/middleware.py", line 37, in custom_route_handler
    response: Response = await original_route_handler(request)
                         ^^^^^^^^^^^^^^^^^^^^^^^^^^^^^^^^^^^^^
  File "/opt/homebrew/Caskroom/miniforge/base/envs/audit-project/lib/python3.11/site-packages/fastapi/routing.py", line 695, in app
    content = await serialize_response(
              ^^^^^^^^^^^^^^^^^^^^^^^^^
  File "/opt/homebrew/Caskroom/miniforge/base/envs/audit-project/lib/python3.11/site-packages/fastapi/routing.py", line 300, in serialize_response
    raise ResponseValidationError(
fastapi.exceptions.ResponseValidationError: 1 validation error:
  {'type': 'missing', 'loc': ('response', 'data'), 'msg': 'Field required', 'input': {}}

  File "/Users/alpha-macstudio/Documents/work/AUDIT_PROJECT/backend/modules/system/api/role_api.py", line 45, in role_del
    DELETE /api/system/role/{pk}
[2026-04-09 17:29:45,094] INFO 0bdf21fe-765a-4c6a-9f17-d590924a1ce6 Request Log Address(host='127.0.0.1', port=65284) GET http://localhost:8000/api/system/role?offset=1&limit=5 Headers({'accept-language': 'en-US,en;q=0.9,zh-CN;q=0.8,zh;q=0.7', 'accept-encoding': 'gzip, deflate, br, zstd', 'referer': 'http://localhost:5173/main/system/role', 'sec-fetch-dest': 'empty', 'sec-fetch-mode': 'cors', 'sec-fetch-site': 'same-origin', 'sec-ch-ua-mobile': '?0', 'sec-ch-ua': '"Chromium";v="146", "Not-A.Brand";v="24", "Google Chrome";v="146"', 'accept': 'application/json, text/plain, */*', 'user-agent': 'Mozilla/5.0 (Macintosh; Intel Mac OS X 10_15_7) AppleWebKit/537.36 (KHTML, like Gecko) Chrome/146.0.0.0 Safari/537.36', 'authorization': 'Bearer eyJhbGciOiJIUzI1NiIsInR5cCI6IkpXVCJ9.eyJzdWIiOiJzdXBlcl9hZG1pbiIsImV4cCI6MTc3NjI0ODYyMH0.bA_ZAgvcsufL_P031VaJYLpUmS4V7gJI6_HGTXzvwuY', 'sec-ch-ua-platform': '"macOS"', 'connection': 'close', 'host': 'localhost:8000'})
 b''
[2026-04-09 17:29:45,097] INFO 0bdf21fe-765a-4c6a-9f17-d590924a1ce6 Response Log 0.003592967987060547s MutableHeaders({'content-length': '499', 'content-type': 'application/json', 'x-response-time': '0.003592967987060547'})
 {"code":200,"data":{"total":3,"items":[{"id":4,"status":1,"created":"2026-04-08T09:06:09.299353Z","modified":"2026-04-08T09:06:09.299353Z","name":"viewer","remark":"查看员"},{"id":2,"status":1,"created":"2026-04-08T09:06:09.299353Z","modified":"2026-04-08T09:27:14.388720Z","name":"system_admin","remark":"系统管理员"},{"id":1,"status":1,"created":"2026-04-08T08:37:44.993827Z","modified":"2026-04-08T09:23:42.398415Z","name":"super_admin","remark":"超级管理员"}]},"msg":"请求成功"}
[2026-04-09 17:34:01,380] INFO 3e98b964-6c3f-439b-9fd7-fe603996e62c Request Log Address(host='127.0.0.1', port=50618) GET http://localhost:8000/api/system/menu Headers({'accept-language': 'en-US,en;q=0.9,zh-CN;q=0.8,zh;q=0.7', 'accept-encoding': 'gzip, deflate, br, zstd', 'referer': 'http://localhost:5173/main/system/role', 'sec-fetch-dest': 'empty', 'sec-fetch-mode': 'cors', 'sec-fetch-site': 'same-origin', 'sec-ch-ua-mobile': '?0', 'sec-ch-ua': '"Chromium";v="146", "Not-A.Brand";v="24", "Google Chrome";v="146"', 'accept': 'application/json, text/plain, */*', 'user-agent': 'Mozilla/5.0 (Macintosh; Intel Mac OS X 10_15_7) AppleWebKit/537.36 (KHTML, like Gecko) Chrome/146.0.0.0 Safari/537.36', 'authorization': 'Bearer eyJhbGciOiJIUzI1NiIsInR5cCI6IkpXVCJ9.eyJzdWIiOiJzdXBlcl9hZG1pbiIsImV4cCI6MTc3NjI0ODYyMH0.bA_ZAgvcsufL_P031VaJYLpUmS4V7gJI6_HGTXzvwuY', 'sec-ch-ua-platform': '"macOS"', 'connection': 'close', 'host': 'localhost:8000'})
 b''
[2026-04-09 17:34:01,393] INFO 3e98b964-6c3f-439b-9fd7-fe603996e62c Response Log 0.013097047805786133s MutableHeaders({'content-length': '4544', 'content-type': 'application/json', 'x-response-time': '0.013097047805786133'})
 {"code":200,"data":[{"id":1,"status":1,"created":"2026-04-08T08:37:44.993827Z","modified":"2026-04-08T08:37:44.993827Z","name":"系统管理","icon":"SettingOutlined","path":"/main/system","type":0,"component":null,"pid":0,"identifier":null,"api":null,"method":null,"children":[{"id":2,"status":1,"created":"2026-04-08T08:37:44.993827Z","modified":"2026-04-08T08:37:44.993827Z","name":"用户管理","icon":"UserOutlined","path":"/main/system/user","type":1,"component":"user/user","pid":1,"identifier":null,"api":"/api/system/user","method":"GET","children":[{"id":101,"status":1,"created":"2026-04-08T10:22:33.358711Z","modified":"2026-04-08T10:22:33.358711Z","name":"新增用户","icon":null,"path":null,"type":2,"component":null,"pid":2,"identifier":"user:create","api":"/api/system/user","method":"POST"},{"id":102,"status":1,"created":"2026-04-08T10:22:33.358711Z","modified":"2026-04-08T10:22:33.358711Z","name":"编辑用户","icon":null,"path":null,"type":2,"component":null,"pid":2,"identifier":"user:update","api":"/api/system/user/{pk}","method":"PUT"},{"id":103,"status":1,"created":"2026-04-08T10:22:33.358711Z","modified":"2026-04-08T10:22:33.358711Z","name":"删除用户","icon":null,"path":null,"type":2,"component":null,"pid":2,"identifier":"user:delete","api":"/api/system/user/{pk}","method":"DELETE"}]},{"id":3,"status":1,"created":"2026-04-08T08:37:44.993827Z","modified":"2026-04-08T08:37:44.993827Z","name":"角色管理","icon":"TeamOutlined","path":"/main/system/role","type":1,"component":"role/role","pid":1,"identifier":null,"api":"/api/system/role","method":"GET","children":[{"id":111,"status":1,"created":"2026-04-08T10:22:33.358711Z","modified":"2026-04-08T10:22:33.358711Z","name":"新增角色","icon":null,"path":null,"type":2,"component":null,"pid":3,"identifier":"role:create","api":"/api/system/role","method":"POST"},{"id":112,"status":1,"created":"2026-04-08T10:22:33.358711Z","modified":"2026-04-08T10:22:33.358711Z","name":"编辑角色","icon":null,"path":null,"type":2,"component":null,"pid":3,"identifier":"role:update","api":"/api/system/role/{pk}","method":"PUT"},{"id":113,"status":1,"created":"2026-04-08T10:22:33.358711Z","modified":"2026-04-08T10:22:33.358711Z","name":"删除角色","icon":null,"path":null,"type":2,"component":null,"pid":3,"identifier":"role:delete","api":"/api/system/role/{pk}","method":"DELETE"}]},{"id":4,"status":1,"created":"2026-04-08T08:37:44.993827Z","modified":"2026-04-08T08:37:44.993827Z","name":"菜单管理","icon":"MenuOutlined","path":"/main/system/menu","type":1,"component":"menu/menu","pid":1,"identifier":null,"api":"/api/system/menu","method":"GET","children":[{"id":121,"status":1,"created":"2026-04-08T10:22:33.358711Z","modified":"2026-04-08T10:22:33.358711Z","name":"新增菜单","icon":null,"path":null,"type":2,"component":null,"pid":4,"identifier":"menu:create","api":"/api/system/menu","method":"POST"},{"id":122,"status":1,"created":"2026-04-08T10:22:33.358711Z","modified":"2026-04-08T10:22:33.358711Z","name":"编辑菜单","icon":null,"path":null,"type":2,"component":null,"pid":4,"identifier":"menu:update","api":"/api/system/menu/{pk}","method":"PUT"},{"id":123,"status":1,"created":"2026-04-08T10:22:33.358711Z","modified":"2026-04-08T10:22:33.358711Z","name":"删除菜单","icon":null,"path":null,"type":2,"component":null,"pid":4,"identifier":"menu:delete","api":"/api/system/menu/{pk}","method":"DELETE"}]}]},{"id":10,"status":1,"created":"2026-04-08T08:37:44.993827Z","modified":"2026-04-08T08:37:44.993827Z","name":"审核中心","icon":"AuditOutlined","path":"/main/audit","type":0,"component":null,"pid":0,"identifier":null,"api":null,"method":null,"children":[{"id":11,"status":1,"created":"2026-04-08T08:37:44.993827Z","modified":"2026-04-08T08:37:44.993827Z","name":"规则库","icon":"DatabaseOutlined","path":"/main/audit/rules","type":1,"component":"audit/rules","pid":10,"identifier":null,"api":"/api/audit/rules","method":"GET"},{"id":12,"status":1,"created":"2026-04-08T08:37:44.993827Z","modified":"2026-04-08T08:37:44.993827Z","name":"规则检索","icon":"SearchOutlined","path":"/main/audit/search","type":1,"component":"audit/search","pid":10,"identifier":null,"api":"/api/audit/search","method":"POST"},{"id":13,"status":1,"created":"2026-04-08T08:37:44.993827Z","modified":"2026-04-08T08:37:44.993827Z","name":"合规判定","icon":"CheckCircleOutlined","path":"/main/audit/judge","type":1,"component":"audit/judge","pid":10,"identifier":null,"api":"/api/audit/judge","method":"POST"}]}],"msg":"请求成功"}
[2026-04-09 17:34:15,206] INFO 5ab25aee-5701-42d7-990e-15e3a84ccbea Request Log Address(host='127.0.0.1', port=50672) POST http://localhost:8000/api/system/role Headers({'accept-language': 'en-US,en;q=0.9,zh-CN;q=0.8,zh;q=0.7', 'accept-encoding': 'gzip, deflate, br, zstd', 'referer': 'http://localhost:5173/main/system/role', 'sec-fetch-dest': 'empty', 'sec-fetch-mode': 'cors', 'sec-fetch-site': 'same-origin', 'origin': 'http://localhost:5173', 'sec-ch-ua-mobile': '?0', 'content-type': 'application/json', 'sec-ch-ua': '"Chromium";v="146", "Not-A.Brand";v="24", "Google Chrome";v="146"', 'accept': 'application/json, text/plain, */*', 'user-agent': 'Mozilla/5.0 (Macintosh; Intel Mac OS X 10_15_7) AppleWebKit/537.36 (KHTML, like Gecko) Chrome/146.0.0.0 Safari/537.36', 'authorization': 'Bearer eyJhbGciOiJIUzI1NiIsInR5cCI6IkpXVCJ9.eyJzdWIiOiJzdXBlcl9hZG1pbiIsImV4cCI6MTc3NjI0ODYyMH0.bA_ZAgvcsufL_P031VaJYLpUmS4V7gJI6_HGTXzvwuY', 'sec-ch-ua-platform': '"macOS"', 'content-length': '61', 'connection': 'close', 'host': 'localhost:8000'})
 b'{"name":"auditor","remark":"\xe5\xae\xa1\xe6\xa0\xb8\xe5\x91\x98","menus":[10,11,12,13]}'
[2026-04-09 17:34:15,223] INFO 5ab25aee-5701-42d7-990e-15e3a84ccbea Response Log 0.016377925872802734s MutableHeaders({'content-length': '179', 'content-type': 'application/json', 'x-response-time': '0.016377925872802734'})
 {"code":200,"data":{"id":5,"status":1,"created":"2026-04-09T09:34:15.218717Z","modified":"2026-04-09T09:34:15.218724Z","name":"auditor","remark":"审核员"},"msg":"请求成功"}
[2026-04-09 17:34:15,234] INFO 8092ee65-408e-4af7-9afb-6d0717c1b4d9 Request Log Address(host='127.0.0.1', port=50676) GET http://localhost:8000/api/system/role?offset=1&limit=5 Headers({'accept-language': 'en-US,en;q=0.9,zh-CN;q=0.8,zh;q=0.7', 'accept-encoding': 'gzip, deflate, br, zstd', 'referer': 'http://localhost:5173/main/system/role', 'sec-fetch-dest': 'empty', 'sec-fetch-mode': 'cors', 'sec-fetch-site': 'same-origin', 'sec-ch-ua-mobile': '?0', 'sec-ch-ua': '"Chromium";v="146", "Not-A.Brand";v="24", "Google Chrome";v="146"', 'accept': 'application/json, text/plain, */*', 'user-agent': 'Mozilla/5.0 (Macintosh; Intel Mac OS X 10_15_7) AppleWebKit/537.36 (KHTML, like Gecko) Chrome/146.0.0.0 Safari/537.36', 'authorization': 'Bearer eyJhbGciOiJIUzI1NiIsInR5cCI6IkpXVCJ9.eyJzdWIiOiJzdXBlcl9hZG1pbiIsImV4cCI6MTc3NjI0ODYyMH0.bA_ZAgvcsufL_P031VaJYLpUmS4V7gJI6_HGTXzvwuY', 'sec-ch-ua-platform': '"macOS"', 'connection': 'close', 'host': 'localhost:8000'})
 b''
[2026-04-09 17:34:15,241] INFO 8092ee65-408e-4af7-9afb-6d0717c1b4d9 Response Log 0.007159709930419922s MutableHeaders({'content-length': '638', 'content-type': 'application/json', 'x-response-time': '0.007159709930419922'})
 {"code":200,"data":{"total":4,"items":[{"id":5,"status":1,"created":"2026-04-09T09:34:15.218717Z","modified":"2026-04-09T09:34:15.218724Z","name":"auditor","remark":"审核员"},{"id":4,"status":1,"created":"2026-04-08T09:06:09.299353Z","modified":"2026-04-08T09:06:09.299353Z","name":"viewer","remark":"查看员"},{"id":2,"status":1,"created":"2026-04-08T09:06:09.299353Z","modified":"2026-04-08T09:27:14.388720Z","name":"system_admin","remark":"系统管理员"},{"id":1,"status":1,"created":"2026-04-08T08:37:44.993827Z","modified":"2026-04-08T09:23:42.398415Z","name":"super_admin","remark":"超级管理员"}]},"msg":"请求成功"}
[2026-04-09 17:40:02,938] INFO 267ec855-8457-4cb1-89dc-6ec1dc21f0e4 Request Log Address(host='127.0.0.1', port=51828) GET http://localhost:8000/api/system/user?offset=1&limit=5 Headers({'accept-language': 'en-US,en;q=0.9,zh-CN;q=0.8,zh;q=0.7', 'accept-encoding': 'gzip, deflate, br, zstd', 'referer': 'http://localhost:5173/main/system/user', 'sec-fetch-dest': 'empty', 'sec-fetch-mode': 'cors', 'sec-fetch-site': 'same-origin', 'sec-ch-ua-mobile': '?0', 'sec-ch-ua': '"Chromium";v="146", "Not-A.Brand";v="24", "Google Chrome";v="146"', 'accept': 'application/json, text/plain, */*', 'user-agent': 'Mozilla/5.0 (Macintosh; Intel Mac OS X 10_15_7) AppleWebKit/537.36 (KHTML, like Gecko) Chrome/146.0.0.0 Safari/537.36', 'authorization': 'Bearer eyJhbGciOiJIUzI1NiIsInR5cCI6IkpXVCJ9.eyJzdWIiOiJzdXBlcl9hZG1pbiIsImV4cCI6MTc3NjI0ODYyMH0.bA_ZAgvcsufL_P031VaJYLpUmS4V7gJI6_HGTXzvwuY', 'sec-ch-ua-platform': '"macOS"', 'connection': 'close', 'host': 'localhost:8000'})
 b''
[2026-04-09 17:40:02,950] INFO 267ec855-8457-4cb1-89dc-6ec1dc21f0e4 Response Log 0.01223301887512207s MutableHeaders({'content-length': '670', 'content-type': 'application/json', 'x-response-time': '0.01223301887512207'})
 {"code":200,"data":{"total":4,"items":[{"id":4,"status":1,"created":"2026-04-08T09:39:23.606547Z","modified":"2026-04-08T09:39:23.606547Z","username":"viewer_01","nickname":"查看员1"},{"id":2,"status":1,"created":"2026-04-08T09:38:01.587305Z","modified":"2026-04-08T09:38:01.587305Z","username":"system_admin","nickname":"系统管理员"},{"id":3,"status":1,"created":"2026-04-08T09:38:01.587305Z","modified":"2026-04-08T09:38:01.587305Z","username":"auditor_01","nickname":"审核员1"},{"id":1,"status":1,"created":"2026-04-08T08:37:44.993827Z","modified":"2026-04-08T09:37:25.117382Z","username":"super_admin","nickname":"超级管理员"}]},"msg":"请求成功"}
[2026-04-09 17:40:04,845] INFO a90f0d07-478d-46ce-ba51-4004ae8f3a8e Request Log Address(host='127.0.0.1', port=51844) GET http://localhost:8000/api/system/menu Headers({'accept-language': 'en-US,en;q=0.9,zh-CN;q=0.8,zh;q=0.7', 'accept-encoding': 'gzip, deflate, br, zstd', 'referer': 'http://localhost:5173/main/system/menu', 'sec-fetch-dest': 'empty', 'sec-fetch-mode': 'cors', 'sec-fetch-site': 'same-origin', 'sec-ch-ua-mobile': '?0', 'sec-ch-ua': '"Chromium";v="146", "Not-A.Brand";v="24", "Google Chrome";v="146"', 'accept': 'application/json, text/plain, */*', 'user-agent': 'Mozilla/5.0 (Macintosh; Intel Mac OS X 10_15_7) AppleWebKit/537.36 (KHTML, like Gecko) Chrome/146.0.0.0 Safari/537.36', 'authorization': 'Bearer eyJhbGciOiJIUzI1NiIsInR5cCI6IkpXVCJ9.eyJzdWIiOiJzdXBlcl9hZG1pbiIsImV4cCI6MTc3NjI0ODYyMH0.bA_ZAgvcsufL_P031VaJYLpUmS4V7gJI6_HGTXzvwuY', 'sec-ch-ua-platform': '"macOS"', 'connection': 'close', 'host': 'localhost:8000'})
 b''
[2026-04-09 17:40:04,848] INFO a90f0d07-478d-46ce-ba51-4004ae8f3a8e Response Log 0.0028498172760009766s MutableHeaders({'content-length': '4544', 'content-type': 'application/json', 'x-response-time': '0.0028498172760009766'})
 {"code":200,"data":[{"id":1,"status":1,"created":"2026-04-08T08:37:44.993827Z","modified":"2026-04-08T08:37:44.993827Z","name":"系统管理","icon":"SettingOutlined","path":"/main/system","type":0,"component":null,"pid":0,"identifier":null,"api":null,"method":null,"children":[{"id":2,"status":1,"created":"2026-04-08T08:37:44.993827Z","modified":"2026-04-08T08:37:44.993827Z","name":"用户管理","icon":"UserOutlined","path":"/main/system/user","type":1,"component":"user/user","pid":1,"identifier":null,"api":"/api/system/user","method":"GET","children":[{"id":101,"status":1,"created":"2026-04-08T10:22:33.358711Z","modified":"2026-04-08T10:22:33.358711Z","name":"新增用户","icon":null,"path":null,"type":2,"component":null,"pid":2,"identifier":"user:create","api":"/api/system/user","method":"POST"},{"id":102,"status":1,"created":"2026-04-08T10:22:33.358711Z","modified":"2026-04-08T10:22:33.358711Z","name":"编辑用户","icon":null,"path":null,"type":2,"component":null,"pid":2,"identifier":"user:update","api":"/api/system/user/{pk}","method":"PUT"},{"id":103,"status":1,"created":"2026-04-08T10:22:33.358711Z","modified":"2026-04-08T10:22:33.358711Z","name":"删除用户","icon":null,"path":null,"type":2,"component":null,"pid":2,"identifier":"user:delete","api":"/api/system/user/{pk}","method":"DELETE"}]},{"id":3,"status":1,"created":"2026-04-08T08:37:44.993827Z","modified":"2026-04-08T08:37:44.993827Z","name":"角色管理","icon":"TeamOutlined","path":"/main/system/role","type":1,"component":"role/role","pid":1,"identifier":null,"api":"/api/system/role","method":"GET","children":[{"id":111,"status":1,"created":"2026-04-08T10:22:33.358711Z","modified":"2026-04-08T10:22:33.358711Z","name":"新增角色","icon":null,"path":null,"type":2,"component":null,"pid":3,"identifier":"role:create","api":"/api/system/role","method":"POST"},{"id":112,"status":1,"created":"2026-04-08T10:22:33.358711Z","modified":"2026-04-08T10:22:33.358711Z","name":"编辑角色","icon":null,"path":null,"type":2,"component":null,"pid":3,"identifier":"role:update","api":"/api/system/role/{pk}","method":"PUT"},{"id":113,"status":1,"created":"2026-04-08T10:22:33.358711Z","modified":"2026-04-08T10:22:33.358711Z","name":"删除角色","icon":null,"path":null,"type":2,"component":null,"pid":3,"identifier":"role:delete","api":"/api/system/role/{pk}","method":"DELETE"}]},{"id":4,"status":1,"created":"2026-04-08T08:37:44.993827Z","modified":"2026-04-08T08:37:44.993827Z","name":"菜单管理","icon":"MenuOutlined","path":"/main/system/menu","type":1,"component":"menu/menu","pid":1,"identifier":null,"api":"/api/system/menu","method":"GET","children":[{"id":121,"status":1,"created":"2026-04-08T10:22:33.358711Z","modified":"2026-04-08T10:22:33.358711Z","name":"新增菜单","icon":null,"path":null,"type":2,"component":null,"pid":4,"identifier":"menu:create","api":"/api/system/menu","method":"POST"},{"id":122,"status":1,"created":"2026-04-08T10:22:33.358711Z","modified":"2026-04-08T10:22:33.358711Z","name":"编辑菜单","icon":null,"path":null,"type":2,"component":null,"pid":4,"identifier":"menu:update","api":"/api/system/menu/{pk}","method":"PUT"},{"id":123,"status":1,"created":"2026-04-08T10:22:33.358711Z","modified":"2026-04-08T10:22:33.358711Z","name":"删除菜单","icon":null,"path":null,"type":2,"component":null,"pid":4,"identifier":"menu:delete","api":"/api/system/menu/{pk}","method":"DELETE"}]}]},{"id":10,"status":1,"created":"2026-04-08T08:37:44.993827Z","modified":"2026-04-08T08:37:44.993827Z","name":"审核中心","icon":"AuditOutlined","path":"/main/audit","type":0,"component":null,"pid":0,"identifier":null,"api":null,"method":null,"children":[{"id":11,"status":1,"created":"2026-04-08T08:37:44.993827Z","modified":"2026-04-08T08:37:44.993827Z","name":"规则库","icon":"DatabaseOutlined","path":"/main/audit/rules","type":1,"component":"audit/rules","pid":10,"identifier":null,"api":"/api/audit/rules","method":"GET"},{"id":12,"status":1,"created":"2026-04-08T08:37:44.993827Z","modified":"2026-04-08T08:37:44.993827Z","name":"规则检索","icon":"SearchOutlined","path":"/main/audit/search","type":1,"component":"audit/search","pid":10,"identifier":null,"api":"/api/audit/search","method":"POST"},{"id":13,"status":1,"created":"2026-04-08T08:37:44.993827Z","modified":"2026-04-08T08:37:44.993827Z","name":"合规判定","icon":"CheckCircleOutlined","path":"/main/audit/judge","type":1,"component":"audit/judge","pid":10,"identifier":null,"api":"/api/audit/judge","method":"POST"}]}],"msg":"请求成功"}
[2026-04-09 17:40:05,171] INFO 1528b8f7-9c5c-4f92-b550-215ab227dad6 Request Log Address(host='127.0.0.1', port=51847) GET http://localhost:8000/api/system/role?offset=1&limit=5 Headers({'accept-language': 'en-US,en;q=0.9,zh-CN;q=0.8,zh;q=0.7', 'accept-encoding': 'gzip, deflate, br, zstd', 'referer': 'http://localhost:5173/main/system/role', 'sec-fetch-dest': 'empty', 'sec-fetch-mode': 'cors', 'sec-fetch-site': 'same-origin', 'sec-ch-ua-mobile': '?0', 'sec-ch-ua': '"Chromium";v="146", "Not-A.Brand";v="24", "Google Chrome";v="146"', 'accept': 'application/json, text/plain, */*', 'user-agent': 'Mozilla/5.0 (Macintosh; Intel Mac OS X 10_15_7) AppleWebKit/537.36 (KHTML, like Gecko) Chrome/146.0.0.0 Safari/537.36', 'authorization': 'Bearer eyJhbGciOiJIUzI1NiIsInR5cCI6IkpXVCJ9.eyJzdWIiOiJzdXBlcl9hZG1pbiIsImV4cCI6MTc3NjI0ODYyMH0.bA_ZAgvcsufL_P031VaJYLpUmS4V7gJI6_HGTXzvwuY', 'sec-ch-ua-platform': '"macOS"', 'connection': 'close', 'host': 'localhost:8000'})
 b''
[2026-04-09 17:40:05,176] INFO 1528b8f7-9c5c-4f92-b550-215ab227dad6 Response Log 0.004606008529663086s MutableHeaders({'content-length': '638', 'content-type': 'application/json', 'x-response-time': '0.004606008529663086'})
 {"code":200,"data":{"total":4,"items":[{"id":5,"status":1,"created":"2026-04-09T09:34:15.218717Z","modified":"2026-04-09T09:34:15.218724Z","name":"auditor","remark":"审核员"},{"id":4,"status":1,"created":"2026-04-08T09:06:09.299353Z","modified":"2026-04-08T09:06:09.299353Z","name":"viewer","remark":"查看员"},{"id":2,"status":1,"created":"2026-04-08T09:06:09.299353Z","modified":"2026-04-08T09:27:14.388720Z","name":"system_admin","remark":"系统管理员"},{"id":1,"status":1,"created":"2026-04-08T08:37:44.993827Z","modified":"2026-04-08T09:23:42.398415Z","name":"super_admin","remark":"超级管理员"}]},"msg":"请求成功"}
[2026-04-09 17:40:16,875] INFO d2a32aea-833a-4445-9080-61f480c705ef Request Log Address(host='127.0.0.1', port=51884) GET http://localhost:8000/api/system/user?offset=1&limit=5 Headers({'accept-language': 'en-US,en;q=0.9,zh-CN;q=0.8,zh;q=0.7', 'accept-encoding': 'gzip, deflate, br, zstd', 'referer': 'http://localhost:5173/main/system/user', 'sec-fetch-dest': 'empty', 'sec-fetch-mode': 'cors', 'sec-fetch-site': 'same-origin', 'sec-ch-ua-mobile': '?0', 'sec-ch-ua': '"Chromium";v="146", "Not-A.Brand";v="24", "Google Chrome";v="146"', 'accept': 'application/json, text/plain, */*', 'user-agent': 'Mozilla/5.0 (Macintosh; Intel Mac OS X 10_15_7) AppleWebKit/537.36 (KHTML, like Gecko) Chrome/146.0.0.0 Safari/537.36', 'authorization': 'Bearer eyJhbGciOiJIUzI1NiIsInR5cCI6IkpXVCJ9.eyJzdWIiOiJzdXBlcl9hZG1pbiIsImV4cCI6MTc3NjI0ODYyMH0.bA_ZAgvcsufL_P031VaJYLpUmS4V7gJI6_HGTXzvwuY', 'sec-ch-ua-platform': '"macOS"', 'connection': 'close', 'host': 'localhost:8000'})
 b''
[2026-04-09 17:40:16,881] INFO d2a32aea-833a-4445-9080-61f480c705ef Response Log 0.0060138702392578125s MutableHeaders({'content-length': '670', 'content-type': 'application/json', 'x-response-time': '0.0060138702392578125'})
 {"code":200,"data":{"total":4,"items":[{"id":4,"status":1,"created":"2026-04-08T09:39:23.606547Z","modified":"2026-04-08T09:39:23.606547Z","username":"viewer_01","nickname":"查看员1"},{"id":2,"status":1,"created":"2026-04-08T09:38:01.587305Z","modified":"2026-04-08T09:38:01.587305Z","username":"system_admin","nickname":"系统管理员"},{"id":3,"status":1,"created":"2026-04-08T09:38:01.587305Z","modified":"2026-04-08T09:38:01.587305Z","username":"auditor_01","nickname":"审核员1"},{"id":1,"status":1,"created":"2026-04-08T08:37:44.993827Z","modified":"2026-04-08T09:37:25.117382Z","username":"super_admin","nickname":"超级管理员"}]},"msg":"请求成功"}
[2026-04-09 17:40:17,541] INFO bfc36926-b355-49a5-81a0-5022921b1449 Request Log Address(host='127.0.0.1', port=51891) GET http://localhost:8000/api/system/role?offset=1&limit=5 Headers({'accept-language': 'en-US,en;q=0.9,zh-CN;q=0.8,zh;q=0.7', 'accept-encoding': 'gzip, deflate, br, zstd', 'referer': 'http://localhost:5173/main/system/role', 'sec-fetch-dest': 'empty', 'sec-fetch-mode': 'cors', 'sec-fetch-site': 'same-origin', 'sec-ch-ua-mobile': '?0', 'sec-ch-ua': '"Chromium";v="146", "Not-A.Brand";v="24", "Google Chrome";v="146"', 'accept': 'application/json, text/plain, */*', 'user-agent': 'Mozilla/5.0 (Macintosh; Intel Mac OS X 10_15_7) AppleWebKit/537.36 (KHTML, like Gecko) Chrome/146.0.0.0 Safari/537.36', 'authorization': 'Bearer eyJhbGciOiJIUzI1NiIsInR5cCI6IkpXVCJ9.eyJzdWIiOiJzdXBlcl9hZG1pbiIsImV4cCI6MTc3NjI0ODYyMH0.bA_ZAgvcsufL_P031VaJYLpUmS4V7gJI6_HGTXzvwuY', 'sec-ch-ua-platform': '"macOS"', 'connection': 'close', 'host': 'localhost:8000'})
 b''
[2026-04-09 17:40:17,545] INFO bfc36926-b355-49a5-81a0-5022921b1449 Response Log 0.004054069519042969s MutableHeaders({'content-length': '638', 'content-type': 'application/json', 'x-response-time': '0.004054069519042969'})
 {"code":200,"data":{"total":4,"items":[{"id":5,"status":1,"created":"2026-04-09T09:34:15.218717Z","modified":"2026-04-09T09:34:15.218724Z","name":"auditor","remark":"审核员"},{"id":4,"status":1,"created":"2026-04-08T09:06:09.299353Z","modified":"2026-04-08T09:06:09.299353Z","name":"viewer","remark":"查看员"},{"id":2,"status":1,"created":"2026-04-08T09:06:09.299353Z","modified":"2026-04-08T09:27:14.388720Z","name":"system_admin","remark":"系统管理员"},{"id":1,"status":1,"created":"2026-04-08T08:37:44.993827Z","modified":"2026-04-08T09:23:42.398415Z","name":"super_admin","remark":"超级管理员"}]},"msg":"请求成功"}
[2026-04-09 17:40:18,563] INFO 5e6edafb-7588-4222-b15e-01dc0cc919af Request Log Address(host='127.0.0.1', port=51904) GET http://localhost:8000/api/system/user?offset=1&limit=5 Headers({'accept-language': 'en-US,en;q=0.9,zh-CN;q=0.8,zh;q=0.7', 'accept-encoding': 'gzip, deflate, br, zstd', 'referer': 'http://localhost:5173/main/system/user', 'sec-fetch-dest': 'empty', 'sec-fetch-mode': 'cors', 'sec-fetch-site': 'same-origin', 'sec-ch-ua-mobile': '?0', 'sec-ch-ua': '"Chromium";v="146", "Not-A.Brand";v="24", "Google Chrome";v="146"', 'accept': 'application/json, text/plain, */*', 'user-agent': 'Mozilla/5.0 (Macintosh; Intel Mac OS X 10_15_7) AppleWebKit/537.36 (KHTML, like Gecko) Chrome/146.0.0.0 Safari/537.36', 'authorization': 'Bearer eyJhbGciOiJIUzI1NiIsInR5cCI6IkpXVCJ9.eyJzdWIiOiJzdXBlcl9hZG1pbiIsImV4cCI6MTc3NjI0ODYyMH0.bA_ZAgvcsufL_P031VaJYLpUmS4V7gJI6_HGTXzvwuY', 'sec-ch-ua-platform': '"macOS"', 'connection': 'close', 'host': 'localhost:8000'})
 b''
[2026-04-09 17:40:18,566] INFO 5e6edafb-7588-4222-b15e-01dc0cc919af Response Log 0.0028831958770751953s MutableHeaders({'content-length': '670', 'content-type': 'application/json', 'x-response-time': '0.0028831958770751953'})
 {"code":200,"data":{"total":4,"items":[{"id":4,"status":1,"created":"2026-04-08T09:39:23.606547Z","modified":"2026-04-08T09:39:23.606547Z","username":"viewer_01","nickname":"查看员1"},{"id":2,"status":1,"created":"2026-04-08T09:38:01.587305Z","modified":"2026-04-08T09:38:01.587305Z","username":"system_admin","nickname":"系统管理员"},{"id":3,"status":1,"created":"2026-04-08T09:38:01.587305Z","modified":"2026-04-08T09:38:01.587305Z","username":"auditor_01","nickname":"审核员1"},{"id":1,"status":1,"created":"2026-04-08T08:37:44.993827Z","modified":"2026-04-08T09:37:25.117382Z","username":"super_admin","nickname":"超级管理员"}]},"msg":"请求成功"}
[2026-04-09 17:40:28,444] INFO 0ffd89fc-2270-4d83-b0f3-ea6ca6c530fa Request Log Address(host='127.0.0.1', port=51932) POST http://localhost:8000/api/system/login Headers({'accept-language': 'en-US,en;q=0.9,zh-CN;q=0.8,zh;q=0.7', 'accept-encoding': 'gzip, deflate, br, zstd', 'referer': 'http://localhost:5173/login', 'sec-fetch-dest': 'empty', 'sec-fetch-mode': 'cors', 'sec-fetch-site': 'same-origin', 'origin': 'http://localhost:5173', 'sec-ch-ua-mobile': '?0', 'content-type': 'application/json', 'sec-ch-ua': '"Chromium";v="146", "Not-A.Brand";v="24", "Google Chrome";v="146"', 'accept': 'application/json, text/plain, */*', 'user-agent': 'Mozilla/5.0 (Macintosh; Intel Mac OS X 10_15_7) AppleWebKit/537.36 (KHTML, like Gecko) Chrome/146.0.0.0 Safari/537.36', 'authorization': 'Bearer', 'sec-ch-ua-platform': '"macOS"', 'content-length': '47', 'connection': 'close', 'host': 'localhost:8000'})
 b'{"username":"system_admin","password":"123456"}'
[2026-04-09 17:40:28,748] INFO 0ffd89fc-2270-4d83-b0f3-ea6ca6c530fa Response Log 0.30359911918640137s MutableHeaders({'content-length': '215', 'content-type': 'application/json', 'x-response-time': '0.30359911918640137'})
 {"code":200,"data":{"id":2,"token":"eyJhbGciOiJIUzI1NiIsInR5cCI6IkpXVCJ9.eyJzdWIiOiJzeXN0ZW1fYWRtaW4iLCJleHAiOjE3NzYzMzI0Mjh9.jDtoIGKX_OxkI9BYYCk-e3voUGGVtyUpq4t1hNQrt1U","token_type":"Bearer"},"msg":"请求成功"}
[2026-04-09 17:40:28,765] INFO c3f0e40f-6a1d-4433-af38-33e0fd41258c Request Log Address(host='127.0.0.1', port=51935) GET http://localhost:8000/api/system/user/2 Headers({'accept-language': 'en-US,en;q=0.9,zh-CN;q=0.8,zh;q=0.7', 'accept-encoding': 'gzip, deflate, br, zstd', 'referer': 'http://localhost:5173/login', 'sec-fetch-dest': 'empty', 'sec-fetch-mode': 'cors', 'sec-fetch-site': 'same-origin', 'sec-ch-ua-mobile': '?0', 'sec-ch-ua': '"Chromium";v="146", "Not-A.Brand";v="24", "Google Chrome";v="146"', 'accept': 'application/json, text/plain, */*', 'user-agent': 'Mozilla/5.0 (Macintosh; Intel Mac OS X 10_15_7) AppleWebKit/537.36 (KHTML, like Gecko) Chrome/146.0.0.0 Safari/537.36', 'authorization': 'Bearer eyJhbGciOiJIUzI1NiIsInR5cCI6IkpXVCJ9.eyJzdWIiOiJzeXN0ZW1fYWRtaW4iLCJleHAiOjE3NzYzMzI0Mjh9.jDtoIGKX_OxkI9BYYCk-e3voUGGVtyUpq4t1hNQrt1U', 'sec-ch-ua-platform': '"macOS"', 'connection': 'close', 'host': 'localhost:8000'})
 b''
[2026-04-09 17:40:28,773] INFO c3f0e40f-6a1d-4433-af38-33e0fd41258c Response Log 0.008051872253417969s MutableHeaders({'content-length': '248', 'content-type': 'application/json', 'x-response-time': '0.008051872253417969'})
 {"code":200,"data":{"id":2,"status":1,"created":"2026-04-08T09:38:01.587305Z","modified":"2026-04-08T09:38:01.587305Z","username":"system_admin","nickname":"系统管理员","roles":[{"id":2,"name":"system_admin","status":5}]},"msg":"请求成功"}
[2026-04-09 17:40:28,784] INFO 4a1d3a4c-419b-4156-8906-49add4a1e36f Request Log Address(host='127.0.0.1', port=51938) GET http://localhost:8000/api/system/role/2/menu Headers({'accept-language': 'en-US,en;q=0.9,zh-CN;q=0.8,zh;q=0.7', 'accept-encoding': 'gzip, deflate, br, zstd', 'referer': 'http://localhost:5173/login', 'sec-fetch-dest': 'empty', 'sec-fetch-mode': 'cors', 'sec-fetch-site': 'same-origin', 'sec-ch-ua-mobile': '?0', 'sec-ch-ua': '"Chromium";v="146", "Not-A.Brand";v="24", "Google Chrome";v="146"', 'accept': 'application/json, text/plain, */*', 'user-agent': 'Mozilla/5.0 (Macintosh; Intel Mac OS X 10_15_7) AppleWebKit/537.36 (KHTML, like Gecko) Chrome/146.0.0.0 Safari/537.36', 'authorization': 'Bearer eyJhbGciOiJIUzI1NiIsInR5cCI6IkpXVCJ9.eyJzdWIiOiJzeXN0ZW1fYWRtaW4iLCJleHAiOjE3NzYzMzI0Mjh9.jDtoIGKX_OxkI9BYYCk-e3voUGGVtyUpq4t1hNQrt1U', 'sec-ch-ua-platform': '"macOS"', 'connection': 'close', 'host': 'localhost:8000'})
 b''
[2026-04-09 17:40:28,790] INFO 4a1d3a4c-419b-4156-8906-49add4a1e36f Response Log 0.0057239532470703125s MutableHeaders({'content-length': '747', 'content-type': 'application/json', 'x-response-time': '0.0057239532470703125'})
 {"code":200,"data":[{"id":1,"name":"系统管理","icon":"SettingOutlined","path":"/main/system","type":0,"component":null,"pid":0,"identifier":null,"api":null,"method":null,"children":[{"id":2,"name":"用户管理","icon":"UserOutlined","path":"/main/system/user","type":1,"component":"user/user","pid":1,"identifier":null,"api":"/api/system/user","method":"GET"},{"id":3,"name":"角色管理","icon":"TeamOutlined","path":"/main/system/role","type":1,"component":"role/role","pid":1,"identifier":null,"api":"/api/system/role","method":"GET"},{"id":4,"name":"菜单管理","icon":"MenuOutlined","path":"/main/system/menu","type":1,"component":"menu/menu","pid":1,"identifier":null,"api":"/api/system/menu","method":"GET"}]}],"msg":"请求成功"}
[2026-04-09 17:40:28,816] INFO 9471021c-448b-469b-b009-f1a8cd06b670 Request Log Address(host='127.0.0.1', port=51941) GET http://localhost:8000/api/system/user?offset=1&limit=5 Headers({'accept-language': 'en-US,en;q=0.9,zh-CN;q=0.8,zh;q=0.7', 'accept-encoding': 'gzip, deflate, br, zstd', 'referer': 'http://localhost:5173/main/system/user', 'sec-fetch-dest': 'empty', 'sec-fetch-mode': 'cors', 'sec-fetch-site': 'same-origin', 'sec-ch-ua-mobile': '?0', 'sec-ch-ua': '"Chromium";v="146", "Not-A.Brand";v="24", "Google Chrome";v="146"', 'accept': 'application/json, text/plain, */*', 'user-agent': 'Mozilla/5.0 (Macintosh; Intel Mac OS X 10_15_7) AppleWebKit/537.36 (KHTML, like Gecko) Chrome/146.0.0.0 Safari/537.36', 'authorization': 'Bearer eyJhbGciOiJIUzI1NiIsInR5cCI6IkpXVCJ9.eyJzdWIiOiJzeXN0ZW1fYWRtaW4iLCJleHAiOjE3NzYzMzI0Mjh9.jDtoIGKX_OxkI9BYYCk-e3voUGGVtyUpq4t1hNQrt1U', 'sec-ch-ua-platform': '"macOS"', 'connection': 'close', 'host': 'localhost:8000'})
 b''
[2026-04-09 17:40:28,821] INFO 9471021c-448b-469b-b009-f1a8cd06b670 Response Log 0.00478816032409668s MutableHeaders({'content-length': '670', 'content-type': 'application/json', 'x-response-time': '0.00478816032409668'})
 {"code":200,"data":{"total":4,"items":[{"id":4,"status":1,"created":"2026-04-08T09:39:23.606547Z","modified":"2026-04-08T09:39:23.606547Z","username":"viewer_01","nickname":"查看员1"},{"id":2,"status":1,"created":"2026-04-08T09:38:01.587305Z","modified":"2026-04-08T09:38:01.587305Z","username":"system_admin","nickname":"系统管理员"},{"id":3,"status":1,"created":"2026-04-08T09:38:01.587305Z","modified":"2026-04-08T09:38:01.587305Z","username":"auditor_01","nickname":"审核员1"},{"id":1,"status":1,"created":"2026-04-08T08:37:44.993827Z","modified":"2026-04-08T09:37:25.117382Z","username":"super_admin","nickname":"超级管理员"}]},"msg":"请求成功"}
[2026-04-09 17:40:32,255] INFO 2aab0d10-c568-4a0b-b09d-fee9751a760c Request Log Address(host='127.0.0.1', port=51960) GET http://localhost:8000/api/system/role?offset=1&limit=5 Headers({'accept-language': 'en-US,en;q=0.9,zh-CN;q=0.8,zh;q=0.7', 'accept-encoding': 'gzip, deflate, br, zstd', 'referer': 'http://localhost:5173/main/system/role', 'sec-fetch-dest': 'empty', 'sec-fetch-mode': 'cors', 'sec-fetch-site': 'same-origin', 'sec-ch-ua-mobile': '?0', 'sec-ch-ua': '"Chromium";v="146", "Not-A.Brand";v="24", "Google Chrome";v="146"', 'accept': 'application/json, text/plain, */*', 'user-agent': 'Mozilla/5.0 (Macintosh; Intel Mac OS X 10_15_7) AppleWebKit/537.36 (KHTML, like Gecko) Chrome/146.0.0.0 Safari/537.36', 'authorization': 'Bearer eyJhbGciOiJIUzI1NiIsInR5cCI6IkpXVCJ9.eyJzdWIiOiJzeXN0ZW1fYWRtaW4iLCJleHAiOjE3NzYzMzI0Mjh9.jDtoIGKX_OxkI9BYYCk-e3voUGGVtyUpq4t1hNQrt1U', 'sec-ch-ua-platform': '"macOS"', 'connection': 'close', 'host': 'localhost:8000'})
 b''
[2026-04-09 17:40:32,258] INFO 2aab0d10-c568-4a0b-b09d-fee9751a760c Response Log 0.0025300979614257812s MutableHeaders({'content-length': '638', 'content-type': 'application/json', 'x-response-time': '0.0025300979614257812'})
 {"code":200,"data":{"total":4,"items":[{"id":5,"status":1,"created":"2026-04-09T09:34:15.218717Z","modified":"2026-04-09T09:34:15.218724Z","name":"auditor","remark":"审核员"},{"id":4,"status":1,"created":"2026-04-08T09:06:09.299353Z","modified":"2026-04-08T09:06:09.299353Z","name":"viewer","remark":"查看员"},{"id":2,"status":1,"created":"2026-04-08T09:06:09.299353Z","modified":"2026-04-08T09:27:14.388720Z","name":"system_admin","remark":"系统管理员"},{"id":1,"status":1,"created":"2026-04-08T08:37:44.993827Z","modified":"2026-04-08T09:23:42.398415Z","name":"super_admin","remark":"超级管理员"}]},"msg":"请求成功"}
[2026-04-09 17:40:33,235] INFO 3a9f75c6-412b-4498-9271-ccf2a192e15c Request Log Address(host='127.0.0.1', port=51965) GET http://localhost:8000/api/system/menu Headers({'accept-language': 'en-US,en;q=0.9,zh-CN;q=0.8,zh;q=0.7', 'accept-encoding': 'gzip, deflate, br, zstd', 'referer': 'http://localhost:5173/main/system/menu', 'sec-fetch-dest': 'empty', 'sec-fetch-mode': 'cors', 'sec-fetch-site': 'same-origin', 'sec-ch-ua-mobile': '?0', 'sec-ch-ua': '"Chromium";v="146", "Not-A.Brand";v="24", "Google Chrome";v="146"', 'accept': 'application/json, text/plain, */*', 'user-agent': 'Mozilla/5.0 (Macintosh; Intel Mac OS X 10_15_7) AppleWebKit/537.36 (KHTML, like Gecko) Chrome/146.0.0.0 Safari/537.36', 'authorization': 'Bearer eyJhbGciOiJIUzI1NiIsInR5cCI6IkpXVCJ9.eyJzdWIiOiJzeXN0ZW1fYWRtaW4iLCJleHAiOjE3NzYzMzI0Mjh9.jDtoIGKX_OxkI9BYYCk-e3voUGGVtyUpq4t1hNQrt1U', 'sec-ch-ua-platform': '"macOS"', 'connection': 'close', 'host': 'localhost:8000'})
 b''
[2026-04-09 17:40:33,237] INFO 3a9f75c6-412b-4498-9271-ccf2a192e15c Response Log 0.0022330284118652344s MutableHeaders({'content-length': '4544', 'content-type': 'application/json', 'x-response-time': '0.0022330284118652344'})
 {"code":200,"data":[{"id":1,"status":1,"created":"2026-04-08T08:37:44.993827Z","modified":"2026-04-08T08:37:44.993827Z","name":"系统管理","icon":"SettingOutlined","path":"/main/system","type":0,"component":null,"pid":0,"identifier":null,"api":null,"method":null,"children":[{"id":2,"status":1,"created":"2026-04-08T08:37:44.993827Z","modified":"2026-04-08T08:37:44.993827Z","name":"用户管理","icon":"UserOutlined","path":"/main/system/user","type":1,"component":"user/user","pid":1,"identifier":null,"api":"/api/system/user","method":"GET","children":[{"id":101,"status":1,"created":"2026-04-08T10:22:33.358711Z","modified":"2026-04-08T10:22:33.358711Z","name":"新增用户","icon":null,"path":null,"type":2,"component":null,"pid":2,"identifier":"user:create","api":"/api/system/user","method":"POST"},{"id":102,"status":1,"created":"2026-04-08T10:22:33.358711Z","modified":"2026-04-08T10:22:33.358711Z","name":"编辑用户","icon":null,"path":null,"type":2,"component":null,"pid":2,"identifier":"user:update","api":"/api/system/user/{pk}","method":"PUT"},{"id":103,"status":1,"created":"2026-04-08T10:22:33.358711Z","modified":"2026-04-08T10:22:33.358711Z","name":"删除用户","icon":null,"path":null,"type":2,"component":null,"pid":2,"identifier":"user:delete","api":"/api/system/user/{pk}","method":"DELETE"}]},{"id":3,"status":1,"created":"2026-04-08T08:37:44.993827Z","modified":"2026-04-08T08:37:44.993827Z","name":"角色管理","icon":"TeamOutlined","path":"/main/system/role","type":1,"component":"role/role","pid":1,"identifier":null,"api":"/api/system/role","method":"GET","children":[{"id":111,"status":1,"created":"2026-04-08T10:22:33.358711Z","modified":"2026-04-08T10:22:33.358711Z","name":"新增角色","icon":null,"path":null,"type":2,"component":null,"pid":3,"identifier":"role:create","api":"/api/system/role","method":"POST"},{"id":112,"status":1,"created":"2026-04-08T10:22:33.358711Z","modified":"2026-04-08T10:22:33.358711Z","name":"编辑角色","icon":null,"path":null,"type":2,"component":null,"pid":3,"identifier":"role:update","api":"/api/system/role/{pk}","method":"PUT"},{"id":113,"status":1,"created":"2026-04-08T10:22:33.358711Z","modified":"2026-04-08T10:22:33.358711Z","name":"删除角色","icon":null,"path":null,"type":2,"component":null,"pid":3,"identifier":"role:delete","api":"/api/system/role/{pk}","method":"DELETE"}]},{"id":4,"status":1,"created":"2026-04-08T08:37:44.993827Z","modified":"2026-04-08T08:37:44.993827Z","name":"菜单管理","icon":"MenuOutlined","path":"/main/system/menu","type":1,"component":"menu/menu","pid":1,"identifier":null,"api":"/api/system/menu","method":"GET","children":[{"id":121,"status":1,"created":"2026-04-08T10:22:33.358711Z","modified":"2026-04-08T10:22:33.358711Z","name":"新增菜单","icon":null,"path":null,"type":2,"component":null,"pid":4,"identifier":"menu:create","api":"/api/system/menu","method":"POST"},{"id":122,"status":1,"created":"2026-04-08T10:22:33.358711Z","modified":"2026-04-08T10:22:33.358711Z","name":"编辑菜单","icon":null,"path":null,"type":2,"component":null,"pid":4,"identifier":"menu:update","api":"/api/system/menu/{pk}","method":"PUT"},{"id":123,"status":1,"created":"2026-04-08T10:22:33.358711Z","modified":"2026-04-08T10:22:33.358711Z","name":"删除菜单","icon":null,"path":null,"type":2,"component":null,"pid":4,"identifier":"menu:delete","api":"/api/system/menu/{pk}","method":"DELETE"}]}]},{"id":10,"status":1,"created":"2026-04-08T08:37:44.993827Z","modified":"2026-04-08T08:37:44.993827Z","name":"审核中心","icon":"AuditOutlined","path":"/main/audit","type":0,"component":null,"pid":0,"identifier":null,"api":null,"method":null,"children":[{"id":11,"status":1,"created":"2026-04-08T08:37:44.993827Z","modified":"2026-04-08T08:37:44.993827Z","name":"规则库","icon":"DatabaseOutlined","path":"/main/audit/rules","type":1,"component":"audit/rules","pid":10,"identifier":null,"api":"/api/audit/rules","method":"GET"},{"id":12,"status":1,"created":"2026-04-08T08:37:44.993827Z","modified":"2026-04-08T08:37:44.993827Z","name":"规则检索","icon":"SearchOutlined","path":"/main/audit/search","type":1,"component":"audit/search","pid":10,"identifier":null,"api":"/api/audit/search","method":"POST"},{"id":13,"status":1,"created":"2026-04-08T08:37:44.993827Z","modified":"2026-04-08T08:37:44.993827Z","name":"合规判定","icon":"CheckCircleOutlined","path":"/main/audit/judge","type":1,"component":"audit/judge","pid":10,"identifier":null,"api":"/api/audit/judge","method":"POST"}]}],"msg":"请求成功"}
[2026-04-09 17:40:33,784] INFO 2e853f40-ec20-4132-89dd-e85eafb15421 Request Log Address(host='127.0.0.1', port=51972) GET http://localhost:8000/api/system/role?offset=1&limit=5 Headers({'accept-language': 'en-US,en;q=0.9,zh-CN;q=0.8,zh;q=0.7', 'accept-encoding': 'gzip, deflate, br, zstd', 'referer': 'http://localhost:5173/main/system/role', 'sec-fetch-dest': 'empty', 'sec-fetch-mode': 'cors', 'sec-fetch-site': 'same-origin', 'sec-ch-ua-mobile': '?0', 'sec-ch-ua': '"Chromium";v="146", "Not-A.Brand";v="24", "Google Chrome";v="146"', 'accept': 'application/json, text/plain, */*', 'user-agent': 'Mozilla/5.0 (Macintosh; Intel Mac OS X 10_15_7) AppleWebKit/537.36 (KHTML, like Gecko) Chrome/146.0.0.0 Safari/537.36', 'authorization': 'Bearer eyJhbGciOiJIUzI1NiIsInR5cCI6IkpXVCJ9.eyJzdWIiOiJzeXN0ZW1fYWRtaW4iLCJleHAiOjE3NzYzMzI0Mjh9.jDtoIGKX_OxkI9BYYCk-e3voUGGVtyUpq4t1hNQrt1U', 'sec-ch-ua-platform': '"macOS"', 'connection': 'close', 'host': 'localhost:8000'})
 b''
[2026-04-09 17:40:33,787] INFO 2e853f40-ec20-4132-89dd-e85eafb15421 Response Log 0.003117084503173828s MutableHeaders({'content-length': '638', 'content-type': 'application/json', 'x-response-time': '0.003117084503173828'})
 {"code":200,"data":{"total":4,"items":[{"id":5,"status":1,"created":"2026-04-09T09:34:15.218717Z","modified":"2026-04-09T09:34:15.218724Z","name":"auditor","remark":"审核员"},{"id":4,"status":1,"created":"2026-04-08T09:06:09.299353Z","modified":"2026-04-08T09:06:09.299353Z","name":"viewer","remark":"查看员"},{"id":2,"status":1,"created":"2026-04-08T09:06:09.299353Z","modified":"2026-04-08T09:27:14.388720Z","name":"system_admin","remark":"系统管理员"},{"id":1,"status":1,"created":"2026-04-08T08:37:44.993827Z","modified":"2026-04-08T09:23:42.398415Z","name":"super_admin","remark":"超级管理员"}]},"msg":"请求成功"}
[2026-04-09 17:40:36,181] INFO 151d8905-6716-4b36-ad76-3a237fcf22cc Request Log Address(host='127.0.0.1', port=51983) GET http://localhost:8000/api/system/user?offset=1&limit=5 Headers({'accept-language': 'en-US,en;q=0.9,zh-CN;q=0.8,zh;q=0.7', 'accept-encoding': 'gzip, deflate, br, zstd', 'referer': 'http://localhost:5173/main/system/user', 'sec-fetch-dest': 'empty', 'sec-fetch-mode': 'cors', 'sec-fetch-site': 'same-origin', 'sec-ch-ua-mobile': '?0', 'sec-ch-ua': '"Chromium";v="146", "Not-A.Brand";v="24", "Google Chrome";v="146"', 'accept': 'application/json, text/plain, */*', 'user-agent': 'Mozilla/5.0 (Macintosh; Intel Mac OS X 10_15_7) AppleWebKit/537.36 (KHTML, like Gecko) Chrome/146.0.0.0 Safari/537.36', 'authorization': 'Bearer eyJhbGciOiJIUzI1NiIsInR5cCI6IkpXVCJ9.eyJzdWIiOiJzeXN0ZW1fYWRtaW4iLCJleHAiOjE3NzYzMzI0Mjh9.jDtoIGKX_OxkI9BYYCk-e3voUGGVtyUpq4t1hNQrt1U', 'sec-ch-ua-platform': '"macOS"', 'connection': 'close', 'host': 'localhost:8000'})
 b''
[2026-04-09 17:40:36,189] INFO 151d8905-6716-4b36-ad76-3a237fcf22cc Response Log 0.008603096008300781s MutableHeaders({'content-length': '670', 'content-type': 'application/json', 'x-response-time': '0.008603096008300781'})
 {"code":200,"data":{"total":4,"items":[{"id":4,"status":1,"created":"2026-04-08T09:39:23.606547Z","modified":"2026-04-08T09:39:23.606547Z","username":"viewer_01","nickname":"查看员1"},{"id":2,"status":1,"created":"2026-04-08T09:38:01.587305Z","modified":"2026-04-08T09:38:01.587305Z","username":"system_admin","nickname":"系统管理员"},{"id":3,"status":1,"created":"2026-04-08T09:38:01.587305Z","modified":"2026-04-08T09:38:01.587305Z","username":"auditor_01","nickname":"审核员1"},{"id":1,"status":1,"created":"2026-04-08T08:37:44.993827Z","modified":"2026-04-08T09:37:25.117382Z","username":"super_admin","nickname":"超级管理员"}]},"msg":"请求成功"}
[2026-04-09 17:40:36,913] INFO bdbde290-f7b0-4418-af1c-803e2badfcd1 Request Log Address(host='127.0.0.1', port=51988) GET http://localhost:8000/api/system/role?offset=1&limit=5 Headers({'accept-language': 'en-US,en;q=0.9,zh-CN;q=0.8,zh;q=0.7', 'accept-encoding': 'gzip, deflate, br, zstd', 'referer': 'http://localhost:5173/main/system/role', 'sec-fetch-dest': 'empty', 'sec-fetch-mode': 'cors', 'sec-fetch-site': 'same-origin', 'sec-ch-ua-mobile': '?0', 'sec-ch-ua': '"Chromium";v="146", "Not-A.Brand";v="24", "Google Chrome";v="146"', 'accept': 'application/json, text/plain, */*', 'user-agent': 'Mozilla/5.0 (Macintosh; Intel Mac OS X 10_15_7) AppleWebKit/537.36 (KHTML, like Gecko) Chrome/146.0.0.0 Safari/537.36', 'authorization': 'Bearer eyJhbGciOiJIUzI1NiIsInR5cCI6IkpXVCJ9.eyJzdWIiOiJzeXN0ZW1fYWRtaW4iLCJleHAiOjE3NzYzMzI0Mjh9.jDtoIGKX_OxkI9BYYCk-e3voUGGVtyUpq4t1hNQrt1U', 'sec-ch-ua-platform': '"macOS"', 'connection': 'close', 'host': 'localhost:8000'})
 b''
[2026-04-09 17:40:36,917] INFO bdbde290-f7b0-4418-af1c-803e2badfcd1 Response Log 0.003608226776123047s MutableHeaders({'content-length': '638', 'content-type': 'application/json', 'x-response-time': '0.003608226776123047'})
 {"code":200,"data":{"total":4,"items":[{"id":5,"status":1,"created":"2026-04-09T09:34:15.218717Z","modified":"2026-04-09T09:34:15.218724Z","name":"auditor","remark":"审核员"},{"id":4,"status":1,"created":"2026-04-08T09:06:09.299353Z","modified":"2026-04-08T09:06:09.299353Z","name":"viewer","remark":"查看员"},{"id":2,"status":1,"created":"2026-04-08T09:06:09.299353Z","modified":"2026-04-08T09:27:14.388720Z","name":"system_admin","remark":"系统管理员"},{"id":1,"status":1,"created":"2026-04-08T08:37:44.993827Z","modified":"2026-04-08T09:23:42.398415Z","name":"super_admin","remark":"超级管理员"}]},"msg":"请求成功"}
[2026-04-09 17:42:44,464] INFO f81e6eeb-d4fc-48fa-a24d-0bb52cd6b636 Request Log Address(host='127.0.0.1', port=52417) GET http://localhost:8000/api/system/user?offset=1&limit=5 Headers({'accept-language': 'en-US,en;q=0.9,zh-CN;q=0.8,zh;q=0.7', 'accept-encoding': 'gzip, deflate, br, zstd', 'referer': 'http://localhost:5173/main/system/user', 'sec-fetch-dest': 'empty', 'sec-fetch-mode': 'cors', 'sec-fetch-site': 'same-origin', 'sec-ch-ua-mobile': '?0', 'sec-ch-ua': '"Chromium";v="146", "Not-A.Brand";v="24", "Google Chrome";v="146"', 'accept': 'application/json, text/plain, */*', 'user-agent': 'Mozilla/5.0 (Macintosh; Intel Mac OS X 10_15_7) AppleWebKit/537.36 (KHTML, like Gecko) Chrome/146.0.0.0 Safari/537.36', 'authorization': 'Bearer eyJhbGciOiJIUzI1NiIsInR5cCI6IkpXVCJ9.eyJzdWIiOiJzeXN0ZW1fYWRtaW4iLCJleHAiOjE3NzYzMzI0Mjh9.jDtoIGKX_OxkI9BYYCk-e3voUGGVtyUpq4t1hNQrt1U', 'sec-ch-ua-platform': '"macOS"', 'connection': 'close', 'host': 'localhost:8000'})
 b''
[2026-04-09 17:42:44,468] INFO f81e6eeb-d4fc-48fa-a24d-0bb52cd6b636 Response Log 0.003854990005493164s MutableHeaders({'content-length': '670', 'content-type': 'application/json', 'x-response-time': '0.003854990005493164'})
 {"code":200,"data":{"total":4,"items":[{"id":4,"status":1,"created":"2026-04-08T09:39:23.606547Z","modified":"2026-04-08T09:39:23.606547Z","username":"viewer_01","nickname":"查看员1"},{"id":2,"status":1,"created":"2026-04-08T09:38:01.587305Z","modified":"2026-04-08T09:38:01.587305Z","username":"system_admin","nickname":"系统管理员"},{"id":3,"status":1,"created":"2026-04-08T09:38:01.587305Z","modified":"2026-04-08T09:38:01.587305Z","username":"auditor_01","nickname":"审核员1"},{"id":1,"status":1,"created":"2026-04-08T08:37:44.993827Z","modified":"2026-04-08T09:37:25.117382Z","username":"super_admin","nickname":"超级管理员"}]},"msg":"请求成功"}
[2026-04-09 17:42:45,785] INFO f76fa852-bead-4753-83d0-ffc44440c9ef Request Log Address(host='127.0.0.1', port=52430) GET http://localhost:8000/api/system/role?offset=1&limit=5 Headers({'accept-language': 'en-US,en;q=0.9,zh-CN;q=0.8,zh;q=0.7', 'accept-encoding': 'gzip, deflate, br, zstd', 'referer': 'http://localhost:5173/main/system/role', 'sec-fetch-dest': 'empty', 'sec-fetch-mode': 'cors', 'sec-fetch-site': 'same-origin', 'sec-ch-ua-mobile': '?0', 'sec-ch-ua': '"Chromium";v="146", "Not-A.Brand";v="24", "Google Chrome";v="146"', 'accept': 'application/json, text/plain, */*', 'user-agent': 'Mozilla/5.0 (Macintosh; Intel Mac OS X 10_15_7) AppleWebKit/537.36 (KHTML, like Gecko) Chrome/146.0.0.0 Safari/537.36', 'authorization': 'Bearer eyJhbGciOiJIUzI1NiIsInR5cCI6IkpXVCJ9.eyJzdWIiOiJzeXN0ZW1fYWRtaW4iLCJleHAiOjE3NzYzMzI0Mjh9.jDtoIGKX_OxkI9BYYCk-e3voUGGVtyUpq4t1hNQrt1U', 'sec-ch-ua-platform': '"macOS"', 'connection': 'close', 'host': 'localhost:8000'})
 b''
[2026-04-09 17:42:45,789] INFO f76fa852-bead-4753-83d0-ffc44440c9ef Response Log 0.004270076751708984s MutableHeaders({'content-length': '638', 'content-type': 'application/json', 'x-response-time': '0.004270076751708984'})
 {"code":200,"data":{"total":4,"items":[{"id":5,"status":1,"created":"2026-04-09T09:34:15.218717Z","modified":"2026-04-09T09:34:15.218724Z","name":"auditor","remark":"审核员"},{"id":4,"status":1,"created":"2026-04-08T09:06:09.299353Z","modified":"2026-04-08T09:06:09.299353Z","name":"viewer","remark":"查看员"},{"id":2,"status":1,"created":"2026-04-08T09:06:09.299353Z","modified":"2026-04-08T09:27:14.388720Z","name":"system_admin","remark":"系统管理员"},{"id":1,"status":1,"created":"2026-04-08T08:37:44.993827Z","modified":"2026-04-08T09:23:42.398415Z","name":"super_admin","remark":"超级管理员"}]},"msg":"请求成功"}
[2026-04-09 17:46:26,488] INFO 1526e491-fe50-4027-ad5e-7c75eb84c0ff Request Log Address(host='127.0.0.1', port=53200) GET http://localhost:8000/api/system/role?offset=1&limit=5 Headers({'accept-language': 'en-US,en;q=0.9,zh-CN;q=0.8,zh;q=0.7', 'accept-encoding': 'gzip, deflate, br, zstd', 'referer': 'http://localhost:5173/main/system/role', 'sec-fetch-dest': 'empty', 'sec-fetch-mode': 'cors', 'sec-fetch-site': 'same-origin', 'sec-ch-ua-mobile': '?0', 'sec-ch-ua': '"Chromium";v="146", "Not-A.Brand";v="24", "Google Chrome";v="146"', 'accept': 'application/json, text/plain, */*', 'user-agent': 'Mozilla/5.0 (Macintosh; Intel Mac OS X 10_15_7) AppleWebKit/537.36 (KHTML, like Gecko) Chrome/146.0.0.0 Safari/537.36', 'authorization': 'Bearer eyJhbGciOiJIUzI1NiIsInR5cCI6IkpXVCJ9.eyJzdWIiOiJzeXN0ZW1fYWRtaW4iLCJleHAiOjE3NzYzMzI0Mjh9.jDtoIGKX_OxkI9BYYCk-e3voUGGVtyUpq4t1hNQrt1U', 'sec-ch-ua-platform': '"macOS"', 'connection': 'close', 'host': 'localhost:8000'})
 b''
[2026-04-09 17:46:26,541] INFO 1526e491-fe50-4027-ad5e-7c75eb84c0ff Response Log 0.052323102951049805s MutableHeaders({'content-length': '780', 'content-type': 'application/json', 'x-response-time': '0.052323102951049805'})
 {"code":200,"data":{"total":4,"items":[{"id":5,"status":1,"created":"2026-04-09T09:34:15.218717Z","modified":"2026-04-09T09:34:15.218724Z","name":"auditor","remark":"审核员","user_count":0,"users":[]},{"id":4,"status":1,"created":"2026-04-08T09:06:09.299353Z","modified":"2026-04-08T09:06:09.299353Z","name":"viewer","remark":"查看员","user_count":1,"users":["viewer_01"]},{"id":2,"status":1,"created":"2026-04-08T09:06:09.299353Z","modified":"2026-04-08T09:27:14.388720Z","name":"system_admin","remark":"系统管理员","user_count":1,"users":["system_admin"]},{"id":1,"status":1,"created":"2026-04-08T08:37:44.993827Z","modified":"2026-04-08T09:23:42.398415Z","name":"super_admin","remark":"超级管理员","user_count":1,"users":["super_admin"]}]},"msg":"请求成功"}
[2026-04-09 17:47:33,579] INFO 80febeb2-f19e-4572-9e64-6aedfe53a79f Request Log Address(host='127.0.0.1', port=53474) GET http://localhost:8000/api/system/role?offset=1&limit=5 Headers({'accept-language': 'en-US,en;q=0.9,zh-CN;q=0.8,zh;q=0.7', 'accept-encoding': 'gzip, deflate, br, zstd', 'referer': 'http://localhost:5173/main/system/role', 'sec-fetch-dest': 'empty', 'sec-fetch-mode': 'cors', 'sec-fetch-site': 'same-origin', 'sec-ch-ua-mobile': '?0', 'sec-ch-ua': '"Chromium";v="146", "Not-A.Brand";v="24", "Google Chrome";v="146"', 'accept': 'application/json, text/plain, */*', 'user-agent': 'Mozilla/5.0 (Macintosh; Intel Mac OS X 10_15_7) AppleWebKit/537.36 (KHTML, like Gecko) Chrome/146.0.0.0 Safari/537.36', 'authorization': 'Bearer eyJhbGciOiJIUzI1NiIsInR5cCI6IkpXVCJ9.eyJzdWIiOiJzeXN0ZW1fYWRtaW4iLCJleHAiOjE3NzYzMzI0Mjh9.jDtoIGKX_OxkI9BYYCk-e3voUGGVtyUpq4t1hNQrt1U', 'sec-ch-ua-platform': '"macOS"', 'connection': 'close', 'host': 'localhost:8000'})
 b''
[2026-04-09 17:47:33,586] INFO 80febeb2-f19e-4572-9e64-6aedfe53a79f Response Log 0.007050991058349609s MutableHeaders({'content-length': '780', 'content-type': 'application/json', 'x-response-time': '0.007050991058349609'})
 {"code":200,"data":{"total":4,"items":[{"id":5,"status":1,"created":"2026-04-09T09:34:15.218717Z","modified":"2026-04-09T09:34:15.218724Z","name":"auditor","remark":"审核员","user_count":0,"users":[]},{"id":4,"status":1,"created":"2026-04-08T09:06:09.299353Z","modified":"2026-04-08T09:06:09.299353Z","name":"viewer","remark":"查看员","user_count":1,"users":["viewer_01"]},{"id":2,"status":1,"created":"2026-04-08T09:06:09.299353Z","modified":"2026-04-08T09:27:14.388720Z","name":"system_admin","remark":"系统管理员","user_count":1,"users":["system_admin"]},{"id":1,"status":1,"created":"2026-04-08T08:37:44.993827Z","modified":"2026-04-08T09:23:42.398415Z","name":"super_admin","remark":"超级管理员","user_count":1,"users":["super_admin"]}]},"msg":"请求成功"}
[2026-04-09 17:47:42,620] INFO 6d7c3707-8194-4c44-a325-dcec38b91d7b Request Log Address(host='127.0.0.1', port=53517) GET http://localhost:8000/api/system/user?offset=1&limit=5 Headers({'accept-language': 'en-US,en;q=0.9,zh-CN;q=0.8,zh;q=0.7', 'accept-encoding': 'gzip, deflate, br, zstd', 'referer': 'http://localhost:5173/main/system/user', 'sec-fetch-dest': 'empty', 'sec-fetch-mode': 'cors', 'sec-fetch-site': 'same-origin', 'sec-ch-ua-mobile': '?0', 'sec-ch-ua': '"Chromium";v="146", "Not-A.Brand";v="24", "Google Chrome";v="146"', 'accept': 'application/json, text/plain, */*', 'user-agent': 'Mozilla/5.0 (Macintosh; Intel Mac OS X 10_15_7) AppleWebKit/537.36 (KHTML, like Gecko) Chrome/146.0.0.0 Safari/537.36', 'authorization': 'Bearer eyJhbGciOiJIUzI1NiIsInR5cCI6IkpXVCJ9.eyJzdWIiOiJzeXN0ZW1fYWRtaW4iLCJleHAiOjE3NzYzMzI0Mjh9.jDtoIGKX_OxkI9BYYCk-e3voUGGVtyUpq4t1hNQrt1U', 'sec-ch-ua-platform': '"macOS"', 'connection': 'close', 'host': 'localhost:8000'})
 b''
[2026-04-09 17:47:42,624] INFO 6d7c3707-8194-4c44-a325-dcec38b91d7b Response Log 0.004313945770263672s MutableHeaders({'content-length': '670', 'content-type': 'application/json', 'x-response-time': '0.004313945770263672'})
 {"code":200,"data":{"total":4,"items":[{"id":4,"status":1,"created":"2026-04-08T09:39:23.606547Z","modified":"2026-04-08T09:39:23.606547Z","username":"viewer_01","nickname":"查看员1"},{"id":2,"status":1,"created":"2026-04-08T09:38:01.587305Z","modified":"2026-04-08T09:38:01.587305Z","username":"system_admin","nickname":"系统管理员"},{"id":3,"status":1,"created":"2026-04-08T09:38:01.587305Z","modified":"2026-04-08T09:38:01.587305Z","username":"auditor_01","nickname":"审核员1"},{"id":1,"status":1,"created":"2026-04-08T08:37:44.993827Z","modified":"2026-04-08T09:37:25.117382Z","username":"super_admin","nickname":"超级管理员"}]},"msg":"请求成功"}
[2026-04-09 17:47:44,882] INFO cf12cef6-e9f5-41af-8695-501048968bec Request Log Address(host='127.0.0.1', port=53532) GET http://localhost:8000/api/system/user?offset=1&limit=5 Headers({'accept-language': 'en-US,en;q=0.9,zh-CN;q=0.8,zh;q=0.7', 'accept-encoding': 'gzip, deflate, br, zstd', 'referer': 'http://localhost:5173/main/system/user', 'sec-fetch-dest': 'empty', 'sec-fetch-mode': 'cors', 'sec-fetch-site': 'same-origin', 'sec-ch-ua-mobile': '?0', 'sec-ch-ua': '"Chromium";v="146", "Not-A.Brand";v="24", "Google Chrome";v="146"', 'accept': 'application/json, text/plain, */*', 'user-agent': 'Mozilla/5.0 (Macintosh; Intel Mac OS X 10_15_7) AppleWebKit/537.36 (KHTML, like Gecko) Chrome/146.0.0.0 Safari/537.36', 'authorization': 'Bearer eyJhbGciOiJIUzI1NiIsInR5cCI6IkpXVCJ9.eyJzdWIiOiJzeXN0ZW1fYWRtaW4iLCJleHAiOjE3NzYzMzI0Mjh9.jDtoIGKX_OxkI9BYYCk-e3voUGGVtyUpq4t1hNQrt1U', 'sec-ch-ua-platform': '"macOS"', 'connection': 'close', 'host': 'localhost:8000'})
 b''
[2026-04-09 17:47:44,890] INFO cf12cef6-e9f5-41af-8695-501048968bec Response Log 0.008192062377929688s MutableHeaders({'content-length': '670', 'content-type': 'application/json', 'x-response-time': '0.008192062377929688'})
 {"code":200,"data":{"total":4,"items":[{"id":4,"status":1,"created":"2026-04-08T09:39:23.606547Z","modified":"2026-04-08T09:39:23.606547Z","username":"viewer_01","nickname":"查看员1"},{"id":2,"status":1,"created":"2026-04-08T09:38:01.587305Z","modified":"2026-04-08T09:38:01.587305Z","username":"system_admin","nickname":"系统管理员"},{"id":3,"status":1,"created":"2026-04-08T09:38:01.587305Z","modified":"2026-04-08T09:38:01.587305Z","username":"auditor_01","nickname":"审核员1"},{"id":1,"status":1,"created":"2026-04-08T08:37:44.993827Z","modified":"2026-04-08T09:37:25.117382Z","username":"super_admin","nickname":"超级管理员"}]},"msg":"请求成功"}
[2026-04-09 17:47:50,938] INFO 924aff2c-c1e1-4984-afa8-c656a82495a1 Request Log Address(host='127.0.0.1', port=53568) GET http://localhost:8000/api/system/role?offset=1&limit=5 Headers({'accept-language': 'en-US,en;q=0.9,zh-CN;q=0.8,zh;q=0.7', 'accept-encoding': 'gzip, deflate, br, zstd', 'referer': 'http://localhost:5173/main/system/role', 'sec-fetch-dest': 'empty', 'sec-fetch-mode': 'cors', 'sec-fetch-site': 'same-origin', 'sec-ch-ua-mobile': '?0', 'sec-ch-ua': '"Chromium";v="146", "Not-A.Brand";v="24", "Google Chrome";v="146"', 'accept': 'application/json, text/plain, */*', 'user-agent': 'Mozilla/5.0 (Macintosh; Intel Mac OS X 10_15_7) AppleWebKit/537.36 (KHTML, like Gecko) Chrome/146.0.0.0 Safari/537.36', 'authorization': 'Bearer eyJhbGciOiJIUzI1NiIsInR5cCI6IkpXVCJ9.eyJzdWIiOiJzeXN0ZW1fYWRtaW4iLCJleHAiOjE3NzYzMzI0Mjh9.jDtoIGKX_OxkI9BYYCk-e3voUGGVtyUpq4t1hNQrt1U', 'sec-ch-ua-platform': '"macOS"', 'connection': 'close', 'host': 'localhost:8000'})
 b''
[2026-04-09 17:47:50,944] INFO 924aff2c-c1e1-4984-afa8-c656a82495a1 Response Log 0.006333112716674805s MutableHeaders({'content-length': '780', 'content-type': 'application/json', 'x-response-time': '0.006333112716674805'})
 {"code":200,"data":{"total":4,"items":[{"id":5,"status":1,"created":"2026-04-09T09:34:15.218717Z","modified":"2026-04-09T09:34:15.218724Z","name":"auditor","remark":"审核员","user_count":0,"users":[]},{"id":4,"status":1,"created":"2026-04-08T09:06:09.299353Z","modified":"2026-04-08T09:06:09.299353Z","name":"viewer","remark":"查看员","user_count":1,"users":["viewer_01"]},{"id":2,"status":1,"created":"2026-04-08T09:06:09.299353Z","modified":"2026-04-08T09:27:14.388720Z","name":"system_admin","remark":"系统管理员","user_count":1,"users":["system_admin"]},{"id":1,"status":1,"created":"2026-04-08T08:37:44.993827Z","modified":"2026-04-08T09:23:42.398415Z","name":"super_admin","remark":"超级管理员","user_count":1,"users":["super_admin"]}]},"msg":"请求成功"}
[2026-04-09 17:51:44,620] INFO ef284e56-c5c3-4374-b0d2-c6c887840ed7 Request Log Address(host='127.0.0.1', port=54427) GET http://localhost:8000/api/system/user?offset=1&limit=5 Headers({'accept-language': 'en-US,en;q=0.9,zh-CN;q=0.8,zh;q=0.7', 'accept-encoding': 'gzip, deflate, br, zstd', 'referer': 'http://localhost:5173/main/system/user', 'sec-fetch-dest': 'empty', 'sec-fetch-mode': 'cors', 'sec-fetch-site': 'same-origin', 'sec-ch-ua-mobile': '?0', 'sec-ch-ua': '"Chromium";v="146", "Not-A.Brand";v="24", "Google Chrome";v="146"', 'accept': 'application/json, text/plain, */*', 'user-agent': 'Mozilla/5.0 (Macintosh; Intel Mac OS X 10_15_7) AppleWebKit/537.36 (KHTML, like Gecko) Chrome/146.0.0.0 Safari/537.36', 'authorization': 'Bearer eyJhbGciOiJIUzI1NiIsInR5cCI6IkpXVCJ9.eyJzdWIiOiJzeXN0ZW1fYWRtaW4iLCJleHAiOjE3NzYzMzI0Mjh9.jDtoIGKX_OxkI9BYYCk-e3voUGGVtyUpq4t1hNQrt1U', 'sec-ch-ua-platform': '"macOS"', 'connection': 'close', 'host': 'localhost:8000'})
 b''
[2026-04-09 17:51:44,632] INFO ef284e56-c5c3-4374-b0d2-c6c887840ed7 Response Log 0.011217117309570312s MutableHeaders({'content-length': '670', 'content-type': 'application/json', 'x-response-time': '0.011217117309570312'})
 {"code":200,"data":{"total":4,"items":[{"id":4,"status":1,"created":"2026-04-08T09:39:23.606547Z","modified":"2026-04-08T09:39:23.606547Z","username":"viewer_01","nickname":"查看员1"},{"id":2,"status":1,"created":"2026-04-08T09:38:01.587305Z","modified":"2026-04-08T09:38:01.587305Z","username":"system_admin","nickname":"系统管理员"},{"id":3,"status":1,"created":"2026-04-08T09:38:01.587305Z","modified":"2026-04-08T09:38:01.587305Z","username":"auditor_01","nickname":"审核员1"},{"id":1,"status":1,"created":"2026-04-08T08:37:44.993827Z","modified":"2026-04-08T09:37:25.117382Z","username":"super_admin","nickname":"超级管理员"}]},"msg":"请求成功"}
[2026-04-09 17:51:46,688] INFO a7d5a33b-d1a3-464e-ab60-489b81a5b6ee Request Log Address(host='127.0.0.1', port=54440) GET http://localhost:8000/api/system/role?offset=1&limit=5 Headers({'accept-language': 'en-US,en;q=0.9,zh-CN;q=0.8,zh;q=0.7', 'accept-encoding': 'gzip, deflate, br, zstd', 'referer': 'http://localhost:5173/main/system/role', 'sec-fetch-dest': 'empty', 'sec-fetch-mode': 'cors', 'sec-fetch-site': 'same-origin', 'sec-ch-ua-mobile': '?0', 'sec-ch-ua': '"Chromium";v="146", "Not-A.Brand";v="24", "Google Chrome";v="146"', 'accept': 'application/json, text/plain, */*', 'user-agent': 'Mozilla/5.0 (Macintosh; Intel Mac OS X 10_15_7) AppleWebKit/537.36 (KHTML, like Gecko) Chrome/146.0.0.0 Safari/537.36', 'authorization': 'Bearer eyJhbGciOiJIUzI1NiIsInR5cCI6IkpXVCJ9.eyJzdWIiOiJzeXN0ZW1fYWRtaW4iLCJleHAiOjE3NzYzMzI0Mjh9.jDtoIGKX_OxkI9BYYCk-e3voUGGVtyUpq4t1hNQrt1U', 'sec-ch-ua-platform': '"macOS"', 'connection': 'close', 'host': 'localhost:8000'})
 b''
[2026-04-09 17:51:46,693] INFO a7d5a33b-d1a3-464e-ab60-489b81a5b6ee Response Log 0.005763053894042969s MutableHeaders({'content-length': '780', 'content-type': 'application/json', 'x-response-time': '0.005763053894042969'})
 {"code":200,"data":{"total":4,"items":[{"id":5,"status":1,"created":"2026-04-09T09:34:15.218717Z","modified":"2026-04-09T09:34:15.218724Z","name":"auditor","remark":"审核员","user_count":0,"users":[]},{"id":4,"status":1,"created":"2026-04-08T09:06:09.299353Z","modified":"2026-04-08T09:06:09.299353Z","name":"viewer","remark":"查看员","user_count":1,"users":["viewer_01"]},{"id":2,"status":1,"created":"2026-04-08T09:06:09.299353Z","modified":"2026-04-08T09:27:14.388720Z","name":"system_admin","remark":"系统管理员","user_count":1,"users":["system_admin"]},{"id":1,"status":1,"created":"2026-04-08T08:37:44.993827Z","modified":"2026-04-08T09:23:42.398415Z","name":"super_admin","remark":"超级管理员","user_count":1,"users":["super_admin"]}]},"msg":"请求成功"}
[2026-04-09 17:51:47,537] INFO 9609a86e-5ae9-40c0-a712-ac26db501990 Request Log Address(host='127.0.0.1', port=54446) GET http://localhost:8000/api/system/menu Headers({'accept-language': 'en-US,en;q=0.9,zh-CN;q=0.8,zh;q=0.7', 'accept-encoding': 'gzip, deflate, br, zstd', 'referer': 'http://localhost:5173/main/system/menu', 'sec-fetch-dest': 'empty', 'sec-fetch-mode': 'cors', 'sec-fetch-site': 'same-origin', 'sec-ch-ua-mobile': '?0', 'sec-ch-ua': '"Chromium";v="146", "Not-A.Brand";v="24", "Google Chrome";v="146"', 'accept': 'application/json, text/plain, */*', 'user-agent': 'Mozilla/5.0 (Macintosh; Intel Mac OS X 10_15_7) AppleWebKit/537.36 (KHTML, like Gecko) Chrome/146.0.0.0 Safari/537.36', 'authorization': 'Bearer eyJhbGciOiJIUzI1NiIsInR5cCI6IkpXVCJ9.eyJzdWIiOiJzeXN0ZW1fYWRtaW4iLCJleHAiOjE3NzYzMzI0Mjh9.jDtoIGKX_OxkI9BYYCk-e3voUGGVtyUpq4t1hNQrt1U', 'sec-ch-ua-platform': '"macOS"', 'connection': 'close', 'host': 'localhost:8000'})
 b''
[2026-04-09 17:51:47,540] INFO 9609a86e-5ae9-40c0-a712-ac26db501990 Response Log 0.0031630992889404297s MutableHeaders({'content-length': '4544', 'content-type': 'application/json', 'x-response-time': '0.0031630992889404297'})
 {"code":200,"data":[{"id":1,"status":1,"created":"2026-04-08T08:37:44.993827Z","modified":"2026-04-08T08:37:44.993827Z","name":"系统管理","icon":"SettingOutlined","path":"/main/system","type":0,"component":null,"pid":0,"identifier":null,"api":null,"method":null,"children":[{"id":2,"status":1,"created":"2026-04-08T08:37:44.993827Z","modified":"2026-04-08T08:37:44.993827Z","name":"用户管理","icon":"UserOutlined","path":"/main/system/user","type":1,"component":"user/user","pid":1,"identifier":null,"api":"/api/system/user","method":"GET","children":[{"id":101,"status":1,"created":"2026-04-08T10:22:33.358711Z","modified":"2026-04-08T10:22:33.358711Z","name":"新增用户","icon":null,"path":null,"type":2,"component":null,"pid":2,"identifier":"user:create","api":"/api/system/user","method":"POST"},{"id":102,"status":1,"created":"2026-04-08T10:22:33.358711Z","modified":"2026-04-08T10:22:33.358711Z","name":"编辑用户","icon":null,"path":null,"type":2,"component":null,"pid":2,"identifier":"user:update","api":"/api/system/user/{pk}","method":"PUT"},{"id":103,"status":1,"created":"2026-04-08T10:22:33.358711Z","modified":"2026-04-08T10:22:33.358711Z","name":"删除用户","icon":null,"path":null,"type":2,"component":null,"pid":2,"identifier":"user:delete","api":"/api/system/user/{pk}","method":"DELETE"}]},{"id":3,"status":1,"created":"2026-04-08T08:37:44.993827Z","modified":"2026-04-08T08:37:44.993827Z","name":"角色管理","icon":"TeamOutlined","path":"/main/system/role","type":1,"component":"role/role","pid":1,"identifier":null,"api":"/api/system/role","method":"GET","children":[{"id":111,"status":1,"created":"2026-04-08T10:22:33.358711Z","modified":"2026-04-08T10:22:33.358711Z","name":"新增角色","icon":null,"path":null,"type":2,"component":null,"pid":3,"identifier":"role:create","api":"/api/system/role","method":"POST"},{"id":112,"status":1,"created":"2026-04-08T10:22:33.358711Z","modified":"2026-04-08T10:22:33.358711Z","name":"编辑角色","icon":null,"path":null,"type":2,"component":null,"pid":3,"identifier":"role:update","api":"/api/system/role/{pk}","method":"PUT"},{"id":113,"status":1,"created":"2026-04-08T10:22:33.358711Z","modified":"2026-04-08T10:22:33.358711Z","name":"删除角色","icon":null,"path":null,"type":2,"component":null,"pid":3,"identifier":"role:delete","api":"/api/system/role/{pk}","method":"DELETE"}]},{"id":4,"status":1,"created":"2026-04-08T08:37:44.993827Z","modified":"2026-04-08T08:37:44.993827Z","name":"菜单管理","icon":"MenuOutlined","path":"/main/system/menu","type":1,"component":"menu/menu","pid":1,"identifier":null,"api":"/api/system/menu","method":"GET","children":[{"id":121,"status":1,"created":"2026-04-08T10:22:33.358711Z","modified":"2026-04-08T10:22:33.358711Z","name":"新增菜单","icon":null,"path":null,"type":2,"component":null,"pid":4,"identifier":"menu:create","api":"/api/system/menu","method":"POST"},{"id":122,"status":1,"created":"2026-04-08T10:22:33.358711Z","modified":"2026-04-08T10:22:33.358711Z","name":"编辑菜单","icon":null,"path":null,"type":2,"component":null,"pid":4,"identifier":"menu:update","api":"/api/system/menu/{pk}","method":"PUT"},{"id":123,"status":1,"created":"2026-04-08T10:22:33.358711Z","modified":"2026-04-08T10:22:33.358711Z","name":"删除菜单","icon":null,"path":null,"type":2,"component":null,"pid":4,"identifier":"menu:delete","api":"/api/system/menu/{pk}","method":"DELETE"}]}]},{"id":10,"status":1,"created":"2026-04-08T08:37:44.993827Z","modified":"2026-04-08T08:37:44.993827Z","name":"审核中心","icon":"AuditOutlined","path":"/main/audit","type":0,"component":null,"pid":0,"identifier":null,"api":null,"method":null,"children":[{"id":11,"status":1,"created":"2026-04-08T08:37:44.993827Z","modified":"2026-04-08T08:37:44.993827Z","name":"规则库","icon":"DatabaseOutlined","path":"/main/audit/rules","type":1,"component":"audit/rules","pid":10,"identifier":null,"api":"/api/audit/rules","method":"GET"},{"id":12,"status":1,"created":"2026-04-08T08:37:44.993827Z","modified":"2026-04-08T08:37:44.993827Z","name":"规则检索","icon":"SearchOutlined","path":"/main/audit/search","type":1,"component":"audit/search","pid":10,"identifier":null,"api":"/api/audit/search","method":"POST"},{"id":13,"status":1,"created":"2026-04-08T08:37:44.993827Z","modified":"2026-04-08T08:37:44.993827Z","name":"合规判定","icon":"CheckCircleOutlined","path":"/main/audit/judge","type":1,"component":"audit/judge","pid":10,"identifier":null,"api":"/api/audit/judge","method":"POST"}]}],"msg":"请求成功"}
[2026-04-09 17:51:48,063] INFO 4199ee95-9e98-4202-b216-9126adcfaf56 Request Log Address(host='127.0.0.1', port=54449) GET http://localhost:8000/api/system/role?offset=1&limit=5 Headers({'accept-language': 'en-US,en;q=0.9,zh-CN;q=0.8,zh;q=0.7', 'accept-encoding': 'gzip, deflate, br, zstd', 'referer': 'http://localhost:5173/main/system/role', 'sec-fetch-dest': 'empty', 'sec-fetch-mode': 'cors', 'sec-fetch-site': 'same-origin', 'sec-ch-ua-mobile': '?0', 'sec-ch-ua': '"Chromium";v="146", "Not-A.Brand";v="24", "Google Chrome";v="146"', 'accept': 'application/json, text/plain, */*', 'user-agent': 'Mozilla/5.0 (Macintosh; Intel Mac OS X 10_15_7) AppleWebKit/537.36 (KHTML, like Gecko) Chrome/146.0.0.0 Safari/537.36', 'authorization': 'Bearer eyJhbGciOiJIUzI1NiIsInR5cCI6IkpXVCJ9.eyJzdWIiOiJzeXN0ZW1fYWRtaW4iLCJleHAiOjE3NzYzMzI0Mjh9.jDtoIGKX_OxkI9BYYCk-e3voUGGVtyUpq4t1hNQrt1U', 'sec-ch-ua-platform': '"macOS"', 'connection': 'close', 'host': 'localhost:8000'})
 b''
[2026-04-09 17:51:48,068] INFO 4199ee95-9e98-4202-b216-9126adcfaf56 Response Log 0.005272865295410156s MutableHeaders({'content-length': '780', 'content-type': 'application/json', 'x-response-time': '0.005272865295410156'})
 {"code":200,"data":{"total":4,"items":[{"id":5,"status":1,"created":"2026-04-09T09:34:15.218717Z","modified":"2026-04-09T09:34:15.218724Z","name":"auditor","remark":"审核员","user_count":0,"users":[]},{"id":4,"status":1,"created":"2026-04-08T09:06:09.299353Z","modified":"2026-04-08T09:06:09.299353Z","name":"viewer","remark":"查看员","user_count":1,"users":["viewer_01"]},{"id":2,"status":1,"created":"2026-04-08T09:06:09.299353Z","modified":"2026-04-08T09:27:14.388720Z","name":"system_admin","remark":"系统管理员","user_count":1,"users":["system_admin"]},{"id":1,"status":1,"created":"2026-04-08T08:37:44.993827Z","modified":"2026-04-08T09:23:42.398415Z","name":"super_admin","remark":"超级管理员","user_count":1,"users":["super_admin"]}]},"msg":"请求成功"}
[2026-04-09 17:51:49,081] INFO 968f62eb-b1b5-4626-a71c-f0b2ef5c3d0c Request Log Address(host='127.0.0.1', port=54466) GET http://localhost:8000/api/system/role?offset=1&limit=5 Headers({'accept-language': 'en-US,en;q=0.9,zh-CN;q=0.8,zh;q=0.7', 'accept-encoding': 'gzip, deflate, br, zstd', 'referer': 'http://localhost:5173/main/system/role', 'sec-fetch-dest': 'empty', 'sec-fetch-mode': 'cors', 'sec-fetch-site': 'same-origin', 'sec-ch-ua-mobile': '?0', 'sec-ch-ua': '"Chromium";v="146", "Not-A.Brand";v="24", "Google Chrome";v="146"', 'accept': 'application/json, text/plain, */*', 'user-agent': 'Mozilla/5.0 (Macintosh; Intel Mac OS X 10_15_7) AppleWebKit/537.36 (KHTML, like Gecko) Chrome/146.0.0.0 Safari/537.36', 'authorization': 'Bearer eyJhbGciOiJIUzI1NiIsInR5cCI6IkpXVCJ9.eyJzdWIiOiJzeXN0ZW1fYWRtaW4iLCJleHAiOjE3NzYzMzI0Mjh9.jDtoIGKX_OxkI9BYYCk-e3voUGGVtyUpq4t1hNQrt1U', 'sec-ch-ua-platform': '"macOS"', 'connection': 'close', 'host': 'localhost:8000'})
 b''
[2026-04-09 17:51:49,087] INFO 968f62eb-b1b5-4626-a71c-f0b2ef5c3d0c Response Log 0.005582094192504883s MutableHeaders({'content-length': '780', 'content-type': 'application/json', 'x-response-time': '0.005582094192504883'})
 {"code":200,"data":{"total":4,"items":[{"id":5,"status":1,"created":"2026-04-09T09:34:15.218717Z","modified":"2026-04-09T09:34:15.218724Z","name":"auditor","remark":"审核员","user_count":0,"users":[]},{"id":4,"status":1,"created":"2026-04-08T09:06:09.299353Z","modified":"2026-04-08T09:06:09.299353Z","name":"viewer","remark":"查看员","user_count":1,"users":["viewer_01"]},{"id":2,"status":1,"created":"2026-04-08T09:06:09.299353Z","modified":"2026-04-08T09:27:14.388720Z","name":"system_admin","remark":"系统管理员","user_count":1,"users":["system_admin"]},{"id":1,"status":1,"created":"2026-04-08T08:37:44.993827Z","modified":"2026-04-08T09:23:42.398415Z","name":"super_admin","remark":"超级管理员","user_count":1,"users":["super_admin"]}]},"msg":"请求成功"}
[2026-04-09 17:53:14,218] INFO 2935d58b-9f62-48e3-aee5-e4d3ff33bb89 Request Log Address(host='127.0.0.1', port=54825) GET http://localhost:8000/api/system/menu Headers({'accept-language': 'en-US,en;q=0.9,zh-CN;q=0.8,zh;q=0.7', 'accept-encoding': 'gzip, deflate, br, zstd', 'referer': 'http://localhost:5173/main/system/menu', 'sec-fetch-dest': 'empty', 'sec-fetch-mode': 'cors', 'sec-fetch-site': 'same-origin', 'sec-ch-ua-mobile': '?0', 'sec-ch-ua': '"Chromium";v="146", "Not-A.Brand";v="24", "Google Chrome";v="146"', 'accept': 'application/json, text/plain, */*', 'user-agent': 'Mozilla/5.0 (Macintosh; Intel Mac OS X 10_15_7) AppleWebKit/537.36 (KHTML, like Gecko) Chrome/146.0.0.0 Safari/537.36', 'authorization': 'Bearer eyJhbGciOiJIUzI1NiIsInR5cCI6IkpXVCJ9.eyJzdWIiOiJzeXN0ZW1fYWRtaW4iLCJleHAiOjE3NzYzMzI0Mjh9.jDtoIGKX_OxkI9BYYCk-e3voUGGVtyUpq4t1hNQrt1U', 'sec-ch-ua-platform': '"macOS"', 'connection': 'close', 'host': 'localhost:8000'})
 b''
[2026-04-09 17:53:14,227] INFO 2935d58b-9f62-48e3-aee5-e4d3ff33bb89 Response Log 0.007921218872070312s MutableHeaders({'content-length': '4544', 'content-type': 'application/json', 'x-response-time': '0.007921218872070312'})
 {"code":200,"data":[{"id":1,"status":1,"created":"2026-04-08T08:37:44.993827Z","modified":"2026-04-08T08:37:44.993827Z","name":"系统管理","icon":"SettingOutlined","path":"/main/system","type":0,"component":null,"pid":0,"identifier":null,"api":null,"method":null,"children":[{"id":2,"status":1,"created":"2026-04-08T08:37:44.993827Z","modified":"2026-04-08T08:37:44.993827Z","name":"用户管理","icon":"UserOutlined","path":"/main/system/user","type":1,"component":"user/user","pid":1,"identifier":null,"api":"/api/system/user","method":"GET","children":[{"id":101,"status":1,"created":"2026-04-08T10:22:33.358711Z","modified":"2026-04-08T10:22:33.358711Z","name":"新增用户","icon":null,"path":null,"type":2,"component":null,"pid":2,"identifier":"user:create","api":"/api/system/user","method":"POST"},{"id":102,"status":1,"created":"2026-04-08T10:22:33.358711Z","modified":"2026-04-08T10:22:33.358711Z","name":"编辑用户","icon":null,"path":null,"type":2,"component":null,"pid":2,"identifier":"user:update","api":"/api/system/user/{pk}","method":"PUT"},{"id":103,"status":1,"created":"2026-04-08T10:22:33.358711Z","modified":"2026-04-08T10:22:33.358711Z","name":"删除用户","icon":null,"path":null,"type":2,"component":null,"pid":2,"identifier":"user:delete","api":"/api/system/user/{pk}","method":"DELETE"}]},{"id":3,"status":1,"created":"2026-04-08T08:37:44.993827Z","modified":"2026-04-08T08:37:44.993827Z","name":"角色管理","icon":"TeamOutlined","path":"/main/system/role","type":1,"component":"role/role","pid":1,"identifier":null,"api":"/api/system/role","method":"GET","children":[{"id":111,"status":1,"created":"2026-04-08T10:22:33.358711Z","modified":"2026-04-08T10:22:33.358711Z","name":"新增角色","icon":null,"path":null,"type":2,"component":null,"pid":3,"identifier":"role:create","api":"/api/system/role","method":"POST"},{"id":112,"status":1,"created":"2026-04-08T10:22:33.358711Z","modified":"2026-04-08T10:22:33.358711Z","name":"编辑角色","icon":null,"path":null,"type":2,"component":null,"pid":3,"identifier":"role:update","api":"/api/system/role/{pk}","method":"PUT"},{"id":113,"status":1,"created":"2026-04-08T10:22:33.358711Z","modified":"2026-04-08T10:22:33.358711Z","name":"删除角色","icon":null,"path":null,"type":2,"component":null,"pid":3,"identifier":"role:delete","api":"/api/system/role/{pk}","method":"DELETE"}]},{"id":4,"status":1,"created":"2026-04-08T08:37:44.993827Z","modified":"2026-04-08T08:37:44.993827Z","name":"菜单管理","icon":"MenuOutlined","path":"/main/system/menu","type":1,"component":"menu/menu","pid":1,"identifier":null,"api":"/api/system/menu","method":"GET","children":[{"id":121,"status":1,"created":"2026-04-08T10:22:33.358711Z","modified":"2026-04-08T10:22:33.358711Z","name":"新增菜单","icon":null,"path":null,"type":2,"component":null,"pid":4,"identifier":"menu:create","api":"/api/system/menu","method":"POST"},{"id":122,"status":1,"created":"2026-04-08T10:22:33.358711Z","modified":"2026-04-08T10:22:33.358711Z","name":"编辑菜单","icon":null,"path":null,"type":2,"component":null,"pid":4,"identifier":"menu:update","api":"/api/system/menu/{pk}","method":"PUT"},{"id":123,"status":1,"created":"2026-04-08T10:22:33.358711Z","modified":"2026-04-08T10:22:33.358711Z","name":"删除菜单","icon":null,"path":null,"type":2,"component":null,"pid":4,"identifier":"menu:delete","api":"/api/system/menu/{pk}","method":"DELETE"}]}]},{"id":10,"status":1,"created":"2026-04-08T08:37:44.993827Z","modified":"2026-04-08T08:37:44.993827Z","name":"审核中心","icon":"AuditOutlined","path":"/main/audit","type":0,"component":null,"pid":0,"identifier":null,"api":null,"method":null,"children":[{"id":11,"status":1,"created":"2026-04-08T08:37:44.993827Z","modified":"2026-04-08T08:37:44.993827Z","name":"规则库","icon":"DatabaseOutlined","path":"/main/audit/rules","type":1,"component":"audit/rules","pid":10,"identifier":null,"api":"/api/audit/rules","method":"GET"},{"id":12,"status":1,"created":"2026-04-08T08:37:44.993827Z","modified":"2026-04-08T08:37:44.993827Z","name":"规则检索","icon":"SearchOutlined","path":"/main/audit/search","type":1,"component":"audit/search","pid":10,"identifier":null,"api":"/api/audit/search","method":"POST"},{"id":13,"status":1,"created":"2026-04-08T08:37:44.993827Z","modified":"2026-04-08T08:37:44.993827Z","name":"合规判定","icon":"CheckCircleOutlined","path":"/main/audit/judge","type":1,"component":"audit/judge","pid":10,"identifier":null,"api":"/api/audit/judge","method":"POST"}]}],"msg":"请求成功"}
[2026-04-09 17:53:15,029] INFO 6694c44a-dc65-4ac7-9f00-bf68d23d1fbe Request Log Address(host='127.0.0.1', port=54833) GET http://localhost:8000/api/system/role?offset=1&limit=5 Headers({'accept-language': 'en-US,en;q=0.9,zh-CN;q=0.8,zh;q=0.7', 'accept-encoding': 'gzip, deflate, br, zstd', 'referer': 'http://localhost:5173/main/system/role', 'sec-fetch-dest': 'empty', 'sec-fetch-mode': 'cors', 'sec-fetch-site': 'same-origin', 'sec-ch-ua-mobile': '?0', 'sec-ch-ua': '"Chromium";v="146", "Not-A.Brand";v="24", "Google Chrome";v="146"', 'accept': 'application/json, text/plain, */*', 'user-agent': 'Mozilla/5.0 (Macintosh; Intel Mac OS X 10_15_7) AppleWebKit/537.36 (KHTML, like Gecko) Chrome/146.0.0.0 Safari/537.36', 'authorization': 'Bearer eyJhbGciOiJIUzI1NiIsInR5cCI6IkpXVCJ9.eyJzdWIiOiJzeXN0ZW1fYWRtaW4iLCJleHAiOjE3NzYzMzI0Mjh9.jDtoIGKX_OxkI9BYYCk-e3voUGGVtyUpq4t1hNQrt1U', 'sec-ch-ua-platform': '"macOS"', 'connection': 'close', 'host': 'localhost:8000'})
 b''
[2026-04-09 17:53:15,034] INFO 6694c44a-dc65-4ac7-9f00-bf68d23d1fbe Response Log 0.0054209232330322266s MutableHeaders({'content-length': '780', 'content-type': 'application/json', 'x-response-time': '0.0054209232330322266'})
 {"code":200,"data":{"total":4,"items":[{"id":5,"status":1,"created":"2026-04-09T09:34:15.218717Z","modified":"2026-04-09T09:34:15.218724Z","name":"auditor","remark":"审核员","user_count":0,"users":[]},{"id":4,"status":1,"created":"2026-04-08T09:06:09.299353Z","modified":"2026-04-08T09:06:09.299353Z","name":"viewer","remark":"查看员","user_count":1,"users":["viewer_01"]},{"id":2,"status":1,"created":"2026-04-08T09:06:09.299353Z","modified":"2026-04-08T09:27:14.388720Z","name":"system_admin","remark":"系统管理员","user_count":1,"users":["system_admin"]},{"id":1,"status":1,"created":"2026-04-08T08:37:44.993827Z","modified":"2026-04-08T09:23:42.398415Z","name":"super_admin","remark":"超级管理员","user_count":1,"users":["super_admin"]}]},"msg":"请求成功"}
[2026-04-09 17:53:16,289] INFO fe49124f-73a1-4995-88f5-6762358aefdd Request Log Address(host='127.0.0.1', port=54848) GET http://localhost:8000/api/system/user?offset=1&limit=5 Headers({'accept-language': 'en-US,en;q=0.9,zh-CN;q=0.8,zh;q=0.7', 'accept-encoding': 'gzip, deflate, br, zstd', 'referer': 'http://localhost:5173/main/system/user', 'sec-fetch-dest': 'empty', 'sec-fetch-mode': 'cors', 'sec-fetch-site': 'same-origin', 'sec-ch-ua-mobile': '?0', 'sec-ch-ua': '"Chromium";v="146", "Not-A.Brand";v="24", "Google Chrome";v="146"', 'accept': 'application/json, text/plain, */*', 'user-agent': 'Mozilla/5.0 (Macintosh; Intel Mac OS X 10_15_7) AppleWebKit/537.36 (KHTML, like Gecko) Chrome/146.0.0.0 Safari/537.36', 'authorization': 'Bearer eyJhbGciOiJIUzI1NiIsInR5cCI6IkpXVCJ9.eyJzdWIiOiJzeXN0ZW1fYWRtaW4iLCJleHAiOjE3NzYzMzI0Mjh9.jDtoIGKX_OxkI9BYYCk-e3voUGGVtyUpq4t1hNQrt1U', 'sec-ch-ua-platform': '"macOS"', 'connection': 'close', 'host': 'localhost:8000'})
 b''
[2026-04-09 17:53:16,294] INFO fe49124f-73a1-4995-88f5-6762358aefdd Response Log 0.004249095916748047s MutableHeaders({'content-length': '670', 'content-type': 'application/json', 'x-response-time': '0.004249095916748047'})
 {"code":200,"data":{"total":4,"items":[{"id":4,"status":1,"created":"2026-04-08T09:39:23.606547Z","modified":"2026-04-08T09:39:23.606547Z","username":"viewer_01","nickname":"查看员1"},{"id":2,"status":1,"created":"2026-04-08T09:38:01.587305Z","modified":"2026-04-08T09:38:01.587305Z","username":"system_admin","nickname":"系统管理员"},{"id":3,"status":1,"created":"2026-04-08T09:38:01.587305Z","modified":"2026-04-08T09:38:01.587305Z","username":"auditor_01","nickname":"审核员1"},{"id":1,"status":1,"created":"2026-04-08T08:37:44.993827Z","modified":"2026-04-08T09:37:25.117382Z","username":"super_admin","nickname":"超级管理员"}]},"msg":"请求成功"}
[2026-04-09 17:53:16,650] INFO e7531ae0-7c6b-47c3-a87f-8ba596684a9e Request Log Address(host='127.0.0.1', port=54851) GET http://localhost:8000/api/system/role?offset=1&limit=5 Headers({'accept-language': 'en-US,en;q=0.9,zh-CN;q=0.8,zh;q=0.7', 'accept-encoding': 'gzip, deflate, br, zstd', 'referer': 'http://localhost:5173/main/system/role', 'sec-fetch-dest': 'empty', 'sec-fetch-mode': 'cors', 'sec-fetch-site': 'same-origin', 'sec-ch-ua-mobile': '?0', 'sec-ch-ua': '"Chromium";v="146", "Not-A.Brand";v="24", "Google Chrome";v="146"', 'accept': 'application/json, text/plain, */*', 'user-agent': 'Mozilla/5.0 (Macintosh; Intel Mac OS X 10_15_7) AppleWebKit/537.36 (KHTML, like Gecko) Chrome/146.0.0.0 Safari/537.36', 'authorization': 'Bearer eyJhbGciOiJIUzI1NiIsInR5cCI6IkpXVCJ9.eyJzdWIiOiJzeXN0ZW1fYWRtaW4iLCJleHAiOjE3NzYzMzI0Mjh9.jDtoIGKX_OxkI9BYYCk-e3voUGGVtyUpq4t1hNQrt1U', 'sec-ch-ua-platform': '"macOS"', 'connection': 'close', 'host': 'localhost:8000'})
 b''
[2026-04-09 17:53:16,657] INFO e7531ae0-7c6b-47c3-a87f-8ba596684a9e Response Log 0.007294893264770508s MutableHeaders({'content-length': '780', 'content-type': 'application/json', 'x-response-time': '0.007294893264770508'})
 {"code":200,"data":{"total":4,"items":[{"id":5,"status":1,"created":"2026-04-09T09:34:15.218717Z","modified":"2026-04-09T09:34:15.218724Z","name":"auditor","remark":"审核员","user_count":0,"users":[]},{"id":4,"status":1,"created":"2026-04-08T09:06:09.299353Z","modified":"2026-04-08T09:06:09.299353Z","name":"viewer","remark":"查看员","user_count":1,"users":["viewer_01"]},{"id":2,"status":1,"created":"2026-04-08T09:06:09.299353Z","modified":"2026-04-08T09:27:14.388720Z","name":"system_admin","remark":"系统管理员","user_count":1,"users":["system_admin"]},{"id":1,"status":1,"created":"2026-04-08T08:37:44.993827Z","modified":"2026-04-08T09:23:42.398415Z","name":"super_admin","remark":"超级管理员","user_count":1,"users":["super_admin"]}]},"msg":"请求成功"}
[2026-04-09 17:53:17,036] INFO 5fcc6032-57de-48f1-8d24-36465f1e5846 Request Log Address(host='127.0.0.1', port=54853) GET http://localhost:8000/api/system/menu Headers({'accept-language': 'en-US,en;q=0.9,zh-CN;q=0.8,zh;q=0.7', 'accept-encoding': 'gzip, deflate, br, zstd', 'referer': 'http://localhost:5173/main/system/menu', 'sec-fetch-dest': 'empty', 'sec-fetch-mode': 'cors', 'sec-fetch-site': 'same-origin', 'sec-ch-ua-mobile': '?0', 'sec-ch-ua': '"Chromium";v="146", "Not-A.Brand";v="24", "Google Chrome";v="146"', 'accept': 'application/json, text/plain, */*', 'user-agent': 'Mozilla/5.0 (Macintosh; Intel Mac OS X 10_15_7) AppleWebKit/537.36 (KHTML, like Gecko) Chrome/146.0.0.0 Safari/537.36', 'authorization': 'Bearer eyJhbGciOiJIUzI1NiIsInR5cCI6IkpXVCJ9.eyJzdWIiOiJzeXN0ZW1fYWRtaW4iLCJleHAiOjE3NzYzMzI0Mjh9.jDtoIGKX_OxkI9BYYCk-e3voUGGVtyUpq4t1hNQrt1U', 'sec-ch-ua-platform': '"macOS"', 'connection': 'close', 'host': 'localhost:8000'})
 b''
[2026-04-09 17:53:17,039] INFO 5fcc6032-57de-48f1-8d24-36465f1e5846 Response Log 0.0021491050720214844s MutableHeaders({'content-length': '4544', 'content-type': 'application/json', 'x-response-time': '0.0021491050720214844'})
 {"code":200,"data":[{"id":1,"status":1,"created":"2026-04-08T08:37:44.993827Z","modified":"2026-04-08T08:37:44.993827Z","name":"系统管理","icon":"SettingOutlined","path":"/main/system","type":0,"component":null,"pid":0,"identifier":null,"api":null,"method":null,"children":[{"id":2,"status":1,"created":"2026-04-08T08:37:44.993827Z","modified":"2026-04-08T08:37:44.993827Z","name":"用户管理","icon":"UserOutlined","path":"/main/system/user","type":1,"component":"user/user","pid":1,"identifier":null,"api":"/api/system/user","method":"GET","children":[{"id":101,"status":1,"created":"2026-04-08T10:22:33.358711Z","modified":"2026-04-08T10:22:33.358711Z","name":"新增用户","icon":null,"path":null,"type":2,"component":null,"pid":2,"identifier":"user:create","api":"/api/system/user","method":"POST"},{"id":102,"status":1,"created":"2026-04-08T10:22:33.358711Z","modified":"2026-04-08T10:22:33.358711Z","name":"编辑用户","icon":null,"path":null,"type":2,"component":null,"pid":2,"identifier":"user:update","api":"/api/system/user/{pk}","method":"PUT"},{"id":103,"status":1,"created":"2026-04-08T10:22:33.358711Z","modified":"2026-04-08T10:22:33.358711Z","name":"删除用户","icon":null,"path":null,"type":2,"component":null,"pid":2,"identifier":"user:delete","api":"/api/system/user/{pk}","method":"DELETE"}]},{"id":3,"status":1,"created":"2026-04-08T08:37:44.993827Z","modified":"2026-04-08T08:37:44.993827Z","name":"角色管理","icon":"TeamOutlined","path":"/main/system/role","type":1,"component":"role/role","pid":1,"identifier":null,"api":"/api/system/role","method":"GET","children":[{"id":111,"status":1,"created":"2026-04-08T10:22:33.358711Z","modified":"2026-04-08T10:22:33.358711Z","name":"新增角色","icon":null,"path":null,"type":2,"component":null,"pid":3,"identifier":"role:create","api":"/api/system/role","method":"POST"},{"id":112,"status":1,"created":"2026-04-08T10:22:33.358711Z","modified":"2026-04-08T10:22:33.358711Z","name":"编辑角色","icon":null,"path":null,"type":2,"component":null,"pid":3,"identifier":"role:update","api":"/api/system/role/{pk}","method":"PUT"},{"id":113,"status":1,"created":"2026-04-08T10:22:33.358711Z","modified":"2026-04-08T10:22:33.358711Z","name":"删除角色","icon":null,"path":null,"type":2,"component":null,"pid":3,"identifier":"role:delete","api":"/api/system/role/{pk}","method":"DELETE"}]},{"id":4,"status":1,"created":"2026-04-08T08:37:44.993827Z","modified":"2026-04-08T08:37:44.993827Z","name":"菜单管理","icon":"MenuOutlined","path":"/main/system/menu","type":1,"component":"menu/menu","pid":1,"identifier":null,"api":"/api/system/menu","method":"GET","children":[{"id":121,"status":1,"created":"2026-04-08T10:22:33.358711Z","modified":"2026-04-08T10:22:33.358711Z","name":"新增菜单","icon":null,"path":null,"type":2,"component":null,"pid":4,"identifier":"menu:create","api":"/api/system/menu","method":"POST"},{"id":122,"status":1,"created":"2026-04-08T10:22:33.358711Z","modified":"2026-04-08T10:22:33.358711Z","name":"编辑菜单","icon":null,"path":null,"type":2,"component":null,"pid":4,"identifier":"menu:update","api":"/api/system/menu/{pk}","method":"PUT"},{"id":123,"status":1,"created":"2026-04-08T10:22:33.358711Z","modified":"2026-04-08T10:22:33.358711Z","name":"删除菜单","icon":null,"path":null,"type":2,"component":null,"pid":4,"identifier":"menu:delete","api":"/api/system/menu/{pk}","method":"DELETE"}]}]},{"id":10,"status":1,"created":"2026-04-08T08:37:44.993827Z","modified":"2026-04-08T08:37:44.993827Z","name":"审核中心","icon":"AuditOutlined","path":"/main/audit","type":0,"component":null,"pid":0,"identifier":null,"api":null,"method":null,"children":[{"id":11,"status":1,"created":"2026-04-08T08:37:44.993827Z","modified":"2026-04-08T08:37:44.993827Z","name":"规则库","icon":"DatabaseOutlined","path":"/main/audit/rules","type":1,"component":"audit/rules","pid":10,"identifier":null,"api":"/api/audit/rules","method":"GET"},{"id":12,"status":1,"created":"2026-04-08T08:37:44.993827Z","modified":"2026-04-08T08:37:44.993827Z","name":"规则检索","icon":"SearchOutlined","path":"/main/audit/search","type":1,"component":"audit/search","pid":10,"identifier":null,"api":"/api/audit/search","method":"POST"},{"id":13,"status":1,"created":"2026-04-08T08:37:44.993827Z","modified":"2026-04-08T08:37:44.993827Z","name":"合规判定","icon":"CheckCircleOutlined","path":"/main/audit/judge","type":1,"component":"audit/judge","pid":10,"identifier":null,"api":"/api/audit/judge","method":"POST"}]}],"msg":"请求成功"}
[2026-04-09 17:53:17,439] INFO 5eea57b1-75f3-4e9a-8200-7477917bd277 Request Log Address(host='127.0.0.1', port=54857) GET http://localhost:8000/api/system/role?offset=1&limit=5 Headers({'accept-language': 'en-US,en;q=0.9,zh-CN;q=0.8,zh;q=0.7', 'accept-encoding': 'gzip, deflate, br, zstd', 'referer': 'http://localhost:5173/main/system/role', 'sec-fetch-dest': 'empty', 'sec-fetch-mode': 'cors', 'sec-fetch-site': 'same-origin', 'sec-ch-ua-mobile': '?0', 'sec-ch-ua': '"Chromium";v="146", "Not-A.Brand";v="24", "Google Chrome";v="146"', 'accept': 'application/json, text/plain, */*', 'user-agent': 'Mozilla/5.0 (Macintosh; Intel Mac OS X 10_15_7) AppleWebKit/537.36 (KHTML, like Gecko) Chrome/146.0.0.0 Safari/537.36', 'authorization': 'Bearer eyJhbGciOiJIUzI1NiIsInR5cCI6IkpXVCJ9.eyJzdWIiOiJzeXN0ZW1fYWRtaW4iLCJleHAiOjE3NzYzMzI0Mjh9.jDtoIGKX_OxkI9BYYCk-e3voUGGVtyUpq4t1hNQrt1U', 'sec-ch-ua-platform': '"macOS"', 'connection': 'close', 'host': 'localhost:8000'})
 b''
[2026-04-09 17:53:17,445] INFO 5eea57b1-75f3-4e9a-8200-7477917bd277 Response Log 0.005982875823974609s MutableHeaders({'content-length': '780', 'content-type': 'application/json', 'x-response-time': '0.005982875823974609'})
 {"code":200,"data":{"total":4,"items":[{"id":5,"status":1,"created":"2026-04-09T09:34:15.218717Z","modified":"2026-04-09T09:34:15.218724Z","name":"auditor","remark":"审核员","user_count":0,"users":[]},{"id":4,"status":1,"created":"2026-04-08T09:06:09.299353Z","modified":"2026-04-08T09:06:09.299353Z","name":"viewer","remark":"查看员","user_count":1,"users":["viewer_01"]},{"id":2,"status":1,"created":"2026-04-08T09:06:09.299353Z","modified":"2026-04-08T09:27:14.388720Z","name":"system_admin","remark":"系统管理员","user_count":1,"users":["system_admin"]},{"id":1,"status":1,"created":"2026-04-08T08:37:44.993827Z","modified":"2026-04-08T09:23:42.398415Z","name":"super_admin","remark":"超级管理员","user_count":1,"users":["super_admin"]}]},"msg":"请求成功"}
[2026-04-09 17:53:17,669] INFO 00dbcc42-ed10-4ff0-88d6-7a7d1592c6d4 Request Log Address(host='127.0.0.1', port=54860) GET http://localhost:8000/api/system/user?offset=1&limit=5 Headers({'accept-language': 'en-US,en;q=0.9,zh-CN;q=0.8,zh;q=0.7', 'accept-encoding': 'gzip, deflate, br, zstd', 'referer': 'http://localhost:5173/main/system/user', 'sec-fetch-dest': 'empty', 'sec-fetch-mode': 'cors', 'sec-fetch-site': 'same-origin', 'sec-ch-ua-mobile': '?0', 'sec-ch-ua': '"Chromium";v="146", "Not-A.Brand";v="24", "Google Chrome";v="146"', 'accept': 'application/json, text/plain, */*', 'user-agent': 'Mozilla/5.0 (Macintosh; Intel Mac OS X 10_15_7) AppleWebKit/537.36 (KHTML, like Gecko) Chrome/146.0.0.0 Safari/537.36', 'authorization': 'Bearer eyJhbGciOiJIUzI1NiIsInR5cCI6IkpXVCJ9.eyJzdWIiOiJzeXN0ZW1fYWRtaW4iLCJleHAiOjE3NzYzMzI0Mjh9.jDtoIGKX_OxkI9BYYCk-e3voUGGVtyUpq4t1hNQrt1U', 'sec-ch-ua-platform': '"macOS"', 'connection': 'close', 'host': 'localhost:8000'})
 b''
[2026-04-09 17:53:17,674] INFO 00dbcc42-ed10-4ff0-88d6-7a7d1592c6d4 Response Log 0.004800081253051758s MutableHeaders({'content-length': '670', 'content-type': 'application/json', 'x-response-time': '0.004800081253051758'})
 {"code":200,"data":{"total":4,"items":[{"id":4,"status":1,"created":"2026-04-08T09:39:23.606547Z","modified":"2026-04-08T09:39:23.606547Z","username":"viewer_01","nickname":"查看员1"},{"id":2,"status":1,"created":"2026-04-08T09:38:01.587305Z","modified":"2026-04-08T09:38:01.587305Z","username":"system_admin","nickname":"系统管理员"},{"id":3,"status":1,"created":"2026-04-08T09:38:01.587305Z","modified":"2026-04-08T09:38:01.587305Z","username":"auditor_01","nickname":"审核员1"},{"id":1,"status":1,"created":"2026-04-08T08:37:44.993827Z","modified":"2026-04-08T09:37:25.117382Z","username":"super_admin","nickname":"超级管理员"}]},"msg":"请求成功"}
[2026-04-09 17:53:18,612] INFO 77bd8541-490f-4678-91e2-60ce12d6eb7f Request Log Address(host='127.0.0.1', port=54869) GET http://localhost:8000/api/system/menu Headers({'accept-language': 'en-US,en;q=0.9,zh-CN;q=0.8,zh;q=0.7', 'accept-encoding': 'gzip, deflate, br, zstd', 'referer': 'http://localhost:5173/main/system/menu', 'sec-fetch-dest': 'empty', 'sec-fetch-mode': 'cors', 'sec-fetch-site': 'same-origin', 'sec-ch-ua-mobile': '?0', 'sec-ch-ua': '"Chromium";v="146", "Not-A.Brand";v="24", "Google Chrome";v="146"', 'accept': 'application/json, text/plain, */*', 'user-agent': 'Mozilla/5.0 (Macintosh; Intel Mac OS X 10_15_7) AppleWebKit/537.36 (KHTML, like Gecko) Chrome/146.0.0.0 Safari/537.36', 'authorization': 'Bearer eyJhbGciOiJIUzI1NiIsInR5cCI6IkpXVCJ9.eyJzdWIiOiJzeXN0ZW1fYWRtaW4iLCJleHAiOjE3NzYzMzI0Mjh9.jDtoIGKX_OxkI9BYYCk-e3voUGGVtyUpq4t1hNQrt1U', 'sec-ch-ua-platform': '"macOS"', 'connection': 'close', 'host': 'localhost:8000'})
 b''
[2026-04-09 17:53:18,616] INFO 77bd8541-490f-4678-91e2-60ce12d6eb7f Response Log 0.0034949779510498047s MutableHeaders({'content-length': '4544', 'content-type': 'application/json', 'x-response-time': '0.0034949779510498047'})
 {"code":200,"data":[{"id":1,"status":1,"created":"2026-04-08T08:37:44.993827Z","modified":"2026-04-08T08:37:44.993827Z","name":"系统管理","icon":"SettingOutlined","path":"/main/system","type":0,"component":null,"pid":0,"identifier":null,"api":null,"method":null,"children":[{"id":2,"status":1,"created":"2026-04-08T08:37:44.993827Z","modified":"2026-04-08T08:37:44.993827Z","name":"用户管理","icon":"UserOutlined","path":"/main/system/user","type":1,"component":"user/user","pid":1,"identifier":null,"api":"/api/system/user","method":"GET","children":[{"id":101,"status":1,"created":"2026-04-08T10:22:33.358711Z","modified":"2026-04-08T10:22:33.358711Z","name":"新增用户","icon":null,"path":null,"type":2,"component":null,"pid":2,"identifier":"user:create","api":"/api/system/user","method":"POST"},{"id":102,"status":1,"created":"2026-04-08T10:22:33.358711Z","modified":"2026-04-08T10:22:33.358711Z","name":"编辑用户","icon":null,"path":null,"type":2,"component":null,"pid":2,"identifier":"user:update","api":"/api/system/user/{pk}","method":"PUT"},{"id":103,"status":1,"created":"2026-04-08T10:22:33.358711Z","modified":"2026-04-08T10:22:33.358711Z","name":"删除用户","icon":null,"path":null,"type":2,"component":null,"pid":2,"identifier":"user:delete","api":"/api/system/user/{pk}","method":"DELETE"}]},{"id":3,"status":1,"created":"2026-04-08T08:37:44.993827Z","modified":"2026-04-08T08:37:44.993827Z","name":"角色管理","icon":"TeamOutlined","path":"/main/system/role","type":1,"component":"role/role","pid":1,"identifier":null,"api":"/api/system/role","method":"GET","children":[{"id":111,"status":1,"created":"2026-04-08T10:22:33.358711Z","modified":"2026-04-08T10:22:33.358711Z","name":"新增角色","icon":null,"path":null,"type":2,"component":null,"pid":3,"identifier":"role:create","api":"/api/system/role","method":"POST"},{"id":112,"status":1,"created":"2026-04-08T10:22:33.358711Z","modified":"2026-04-08T10:22:33.358711Z","name":"编辑角色","icon":null,"path":null,"type":2,"component":null,"pid":3,"identifier":"role:update","api":"/api/system/role/{pk}","method":"PUT"},{"id":113,"status":1,"created":"2026-04-08T10:22:33.358711Z","modified":"2026-04-08T10:22:33.358711Z","name":"删除角色","icon":null,"path":null,"type":2,"component":null,"pid":3,"identifier":"role:delete","api":"/api/system/role/{pk}","method":"DELETE"}]},{"id":4,"status":1,"created":"2026-04-08T08:37:44.993827Z","modified":"2026-04-08T08:37:44.993827Z","name":"菜单管理","icon":"MenuOutlined","path":"/main/system/menu","type":1,"component":"menu/menu","pid":1,"identifier":null,"api":"/api/system/menu","method":"GET","children":[{"id":121,"status":1,"created":"2026-04-08T10:22:33.358711Z","modified":"2026-04-08T10:22:33.358711Z","name":"新增菜单","icon":null,"path":null,"type":2,"component":null,"pid":4,"identifier":"menu:create","api":"/api/system/menu","method":"POST"},{"id":122,"status":1,"created":"2026-04-08T10:22:33.358711Z","modified":"2026-04-08T10:22:33.358711Z","name":"编辑菜单","icon":null,"path":null,"type":2,"component":null,"pid":4,"identifier":"menu:update","api":"/api/system/menu/{pk}","method":"PUT"},{"id":123,"status":1,"created":"2026-04-08T10:22:33.358711Z","modified":"2026-04-08T10:22:33.358711Z","name":"删除菜单","icon":null,"path":null,"type":2,"component":null,"pid":4,"identifier":"menu:delete","api":"/api/system/menu/{pk}","method":"DELETE"}]}]},{"id":10,"status":1,"created":"2026-04-08T08:37:44.993827Z","modified":"2026-04-08T08:37:44.993827Z","name":"审核中心","icon":"AuditOutlined","path":"/main/audit","type":0,"component":null,"pid":0,"identifier":null,"api":null,"method":null,"children":[{"id":11,"status":1,"created":"2026-04-08T08:37:44.993827Z","modified":"2026-04-08T08:37:44.993827Z","name":"规则库","icon":"DatabaseOutlined","path":"/main/audit/rules","type":1,"component":"audit/rules","pid":10,"identifier":null,"api":"/api/audit/rules","method":"GET"},{"id":12,"status":1,"created":"2026-04-08T08:37:44.993827Z","modified":"2026-04-08T08:37:44.993827Z","name":"规则检索","icon":"SearchOutlined","path":"/main/audit/search","type":1,"component":"audit/search","pid":10,"identifier":null,"api":"/api/audit/search","method":"POST"},{"id":13,"status":1,"created":"2026-04-08T08:37:44.993827Z","modified":"2026-04-08T08:37:44.993827Z","name":"合规判定","icon":"CheckCircleOutlined","path":"/main/audit/judge","type":1,"component":"audit/judge","pid":10,"identifier":null,"api":"/api/audit/judge","method":"POST"}]}],"msg":"请求成功"}
[2026-04-09 17:53:37,718] INFO 759b94a9-2b32-4a7c-b8c7-33cf47a692e9 Request Log Address(host='127.0.0.1', port=54973) GET http://localhost:8000/api/system/role?offset=1&limit=5 Headers({'accept-language': 'en-US,en;q=0.9,zh-CN;q=0.8,zh;q=0.7', 'accept-encoding': 'gzip, deflate, br, zstd', 'referer': 'http://localhost:5173/main/system/role', 'sec-fetch-dest': 'empty', 'sec-fetch-mode': 'cors', 'sec-fetch-site': 'same-origin', 'sec-ch-ua-mobile': '?0', 'sec-ch-ua': '"Chromium";v="146", "Not-A.Brand";v="24", "Google Chrome";v="146"', 'accept': 'application/json, text/plain, */*', 'user-agent': 'Mozilla/5.0 (Macintosh; Intel Mac OS X 10_15_7) AppleWebKit/537.36 (KHTML, like Gecko) Chrome/146.0.0.0 Safari/537.36', 'authorization': 'Bearer eyJhbGciOiJIUzI1NiIsInR5cCI6IkpXVCJ9.eyJzdWIiOiJzeXN0ZW1fYWRtaW4iLCJleHAiOjE3NzYzMzI0Mjh9.jDtoIGKX_OxkI9BYYCk-e3voUGGVtyUpq4t1hNQrt1U', 'sec-ch-ua-platform': '"macOS"', 'connection': 'close', 'host': 'localhost:8000'})
 b''
[2026-04-09 17:53:37,724] INFO 759b94a9-2b32-4a7c-b8c7-33cf47a692e9 Response Log 0.006337165832519531s MutableHeaders({'content-length': '780', 'content-type': 'application/json', 'x-response-time': '0.006337165832519531'})
 {"code":200,"data":{"total":4,"items":[{"id":5,"status":1,"created":"2026-04-09T09:34:15.218717Z","modified":"2026-04-09T09:34:15.218724Z","name":"auditor","remark":"审核员","user_count":0,"users":[]},{"id":4,"status":1,"created":"2026-04-08T09:06:09.299353Z","modified":"2026-04-08T09:06:09.299353Z","name":"viewer","remark":"查看员","user_count":1,"users":["viewer_01"]},{"id":2,"status":1,"created":"2026-04-08T09:06:09.299353Z","modified":"2026-04-08T09:27:14.388720Z","name":"system_admin","remark":"系统管理员","user_count":1,"users":["system_admin"]},{"id":1,"status":1,"created":"2026-04-08T08:37:44.993827Z","modified":"2026-04-08T09:23:42.398415Z","name":"super_admin","remark":"超级管理员","user_count":1,"users":["super_admin"]}]},"msg":"请求成功"}
[2026-04-09 17:53:38,265] INFO 1baf3631-80a8-4001-9b19-50388854c754 Request Log Address(host='127.0.0.1', port=54976) GET http://localhost:8000/api/system/user?offset=1&limit=5 Headers({'accept-language': 'en-US,en;q=0.9,zh-CN;q=0.8,zh;q=0.7', 'accept-encoding': 'gzip, deflate, br, zstd', 'referer': 'http://localhost:5173/main/system/user', 'sec-fetch-dest': 'empty', 'sec-fetch-mode': 'cors', 'sec-fetch-site': 'same-origin', 'sec-ch-ua-mobile': '?0', 'sec-ch-ua': '"Chromium";v="146", "Not-A.Brand";v="24", "Google Chrome";v="146"', 'accept': 'application/json, text/plain, */*', 'user-agent': 'Mozilla/5.0 (Macintosh; Intel Mac OS X 10_15_7) AppleWebKit/537.36 (KHTML, like Gecko) Chrome/146.0.0.0 Safari/537.36', 'authorization': 'Bearer eyJhbGciOiJIUzI1NiIsInR5cCI6IkpXVCJ9.eyJzdWIiOiJzeXN0ZW1fYWRtaW4iLCJleHAiOjE3NzYzMzI0Mjh9.jDtoIGKX_OxkI9BYYCk-e3voUGGVtyUpq4t1hNQrt1U', 'sec-ch-ua-platform': '"macOS"', 'connection': 'close', 'host': 'localhost:8000'})
 b''
[2026-04-09 17:53:38,272] INFO 1baf3631-80a8-4001-9b19-50388854c754 Response Log 0.006978034973144531s MutableHeaders({'content-length': '670', 'content-type': 'application/json', 'x-response-time': '0.006978034973144531'})
 {"code":200,"data":{"total":4,"items":[{"id":4,"status":1,"created":"2026-04-08T09:39:23.606547Z","modified":"2026-04-08T09:39:23.606547Z","username":"viewer_01","nickname":"查看员1"},{"id":2,"status":1,"created":"2026-04-08T09:38:01.587305Z","modified":"2026-04-08T09:38:01.587305Z","username":"system_admin","nickname":"系统管理员"},{"id":3,"status":1,"created":"2026-04-08T09:38:01.587305Z","modified":"2026-04-08T09:38:01.587305Z","username":"auditor_01","nickname":"审核员1"},{"id":1,"status":1,"created":"2026-04-08T08:37:44.993827Z","modified":"2026-04-08T09:37:25.117382Z","username":"super_admin","nickname":"超级管理员"}]},"msg":"请求成功"}
[2026-04-09 17:56:12,551] INFO 96867f89-3525-4f37-8e6b-49675af1f23a Request Log Address(host='127.0.0.1', port=55519) POST http://localhost:8000/api/system/login Headers({'accept-language': 'en-US,en;q=0.9,zh-CN;q=0.8,zh;q=0.7', 'accept-encoding': 'gzip, deflate, br, zstd', 'referer': 'http://localhost:5173/login', 'sec-fetch-dest': 'empty', 'sec-fetch-mode': 'cors', 'sec-fetch-site': 'same-origin', 'origin': 'http://localhost:5173', 'sec-ch-ua-mobile': '?0', 'content-type': 'application/json', 'sec-ch-ua': '"Chromium";v="146", "Not-A.Brand";v="24", "Google Chrome";v="146"', 'accept': 'application/json, text/plain, */*', 'user-agent': 'Mozilla/5.0 (Macintosh; Intel Mac OS X 10_15_7) AppleWebKit/537.36 (KHTML, like Gecko) Chrome/146.0.0.0 Safari/537.36', 'authorization': 'Bearer', 'sec-ch-ua-platform': '"macOS"', 'content-length': '46', 'connection': 'close', 'host': 'localhost:8000'})
 b'{"username":"super_admin","password":"123456"}'
[2026-04-09 17:56:12,826] INFO 96867f89-3525-4f37-8e6b-49675af1f23a Response Log 0.27463865280151367s MutableHeaders({'content-length': '214', 'content-type': 'application/json', 'x-response-time': '0.27463865280151367'})
 {"code":200,"data":{"id":1,"token":"eyJhbGciOiJIUzI1NiIsInR5cCI6IkpXVCJ9.eyJzdWIiOiJzdXBlcl9hZG1pbiIsImV4cCI6MTc3NjMzMzM3Mn0.Vjr5xURHI-xT1b985xgj0DQaZBbOOmUqLQNlasWPA3M","token_type":"Bearer"},"msg":"请求成功"}
[2026-04-09 17:56:12,834] INFO b682b758-ee3e-491d-b0df-fb8307c17034 Request Log Address(host='127.0.0.1', port=55524) GET http://localhost:8000/api/system/user/1 Headers({'accept-language': 'en-US,en;q=0.9,zh-CN;q=0.8,zh;q=0.7', 'accept-encoding': 'gzip, deflate, br, zstd', 'referer': 'http://localhost:5173/login', 'sec-fetch-dest': 'empty', 'sec-fetch-mode': 'cors', 'sec-fetch-site': 'same-origin', 'sec-ch-ua-mobile': '?0', 'sec-ch-ua': '"Chromium";v="146", "Not-A.Brand";v="24", "Google Chrome";v="146"', 'accept': 'application/json, text/plain, */*', 'user-agent': 'Mozilla/5.0 (Macintosh; Intel Mac OS X 10_15_7) AppleWebKit/537.36 (KHTML, like Gecko) Chrome/146.0.0.0 Safari/537.36', 'authorization': 'Bearer eyJhbGciOiJIUzI1NiIsInR5cCI6IkpXVCJ9.eyJzdWIiOiJzdXBlcl9hZG1pbiIsImV4cCI6MTc3NjMzMzM3Mn0.Vjr5xURHI-xT1b985xgj0DQaZBbOOmUqLQNlasWPA3M', 'sec-ch-ua-platform': '"macOS"', 'connection': 'close', 'host': 'localhost:8000'})
 b''
[2026-04-09 17:56:12,837] INFO b682b758-ee3e-491d-b0df-fb8307c17034 Response Log 0.003242015838623047s MutableHeaders({'content-length': '246', 'content-type': 'application/json', 'x-response-time': '0.003242015838623047'})
 {"code":200,"data":{"id":1,"status":1,"created":"2026-04-08T08:37:44.993827Z","modified":"2026-04-08T09:37:25.117382Z","username":"super_admin","nickname":"超级管理员","roles":[{"id":1,"name":"super_admin","status":5}]},"msg":"请求成功"}
[2026-04-09 17:56:12,842] INFO 40f92d38-76da-4dfa-999b-fb2990249e15 Request Log Address(host='127.0.0.1', port=55527) GET http://localhost:8000/api/system/role/1/menu Headers({'accept-language': 'en-US,en;q=0.9,zh-CN;q=0.8,zh;q=0.7', 'accept-encoding': 'gzip, deflate, br, zstd', 'referer': 'http://localhost:5173/login', 'sec-fetch-dest': 'empty', 'sec-fetch-mode': 'cors', 'sec-fetch-site': 'same-origin', 'sec-ch-ua-mobile': '?0', 'sec-ch-ua': '"Chromium";v="146", "Not-A.Brand";v="24", "Google Chrome";v="146"', 'accept': 'application/json, text/plain, */*', 'user-agent': 'Mozilla/5.0 (Macintosh; Intel Mac OS X 10_15_7) AppleWebKit/537.36 (KHTML, like Gecko) Chrome/146.0.0.0 Safari/537.36', 'authorization': 'Bearer eyJhbGciOiJIUzI1NiIsInR5cCI6IkpXVCJ9.eyJzdWIiOiJzdXBlcl9hZG1pbiIsImV4cCI6MTc3NjMzMzM3Mn0.Vjr5xURHI-xT1b985xgj0DQaZBbOOmUqLQNlasWPA3M', 'sec-ch-ua-platform': '"macOS"', 'connection': 'close', 'host': 'localhost:8000'})
 b''
[2026-04-09 17:56:12,845] INFO 40f92d38-76da-4dfa-999b-fb2990249e15 Response Log 0.0020859241485595703s MutableHeaders({'content-length': '2980', 'content-type': 'application/json', 'x-response-time': '0.0020859241485595703'})
 {"code":200,"data":[{"id":1,"name":"系统管理","icon":"SettingOutlined","path":"/main/system","type":0,"component":null,"pid":0,"identifier":null,"api":null,"method":null,"children":[{"id":2,"name":"用户管理","icon":"UserOutlined","path":"/main/system/user","type":1,"component":"user/user","pid":1,"identifier":null,"api":"/api/system/user","method":"GET","children":[{"id":101,"name":"新增用户","icon":null,"path":null,"type":2,"component":null,"pid":2,"identifier":"user:create","api":"/api/system/user","method":"POST"},{"id":102,"name":"编辑用户","icon":null,"path":null,"type":2,"component":null,"pid":2,"identifier":"user:update","api":"/api/system/user/{pk}","method":"PUT"},{"id":103,"name":"删除用户","icon":null,"path":null,"type":2,"component":null,"pid":2,"identifier":"user:delete","api":"/api/system/user/{pk}","method":"DELETE"}]},{"id":3,"name":"角色管理","icon":"TeamOutlined","path":"/main/system/role","type":1,"component":"role/role","pid":1,"identifier":null,"api":"/api/system/role","method":"GET","children":[{"id":111,"name":"新增角色","icon":null,"path":null,"type":2,"component":null,"pid":3,"identifier":"role:create","api":"/api/system/role","method":"POST"},{"id":112,"name":"编辑角色","icon":null,"path":null,"type":2,"component":null,"pid":3,"identifier":"role:update","api":"/api/system/role/{pk}","method":"PUT"},{"id":113,"name":"删除角色","icon":null,"path":null,"type":2,"component":null,"pid":3,"identifier":"role:delete","api":"/api/system/role/{pk}","method":"DELETE"}]},{"id":4,"name":"菜单管理","icon":"MenuOutlined","path":"/main/system/menu","type":1,"component":"menu/menu","pid":1,"identifier":null,"api":"/api/system/menu","method":"GET","children":[{"id":121,"name":"新增菜单","icon":null,"path":null,"type":2,"component":null,"pid":4,"identifier":"menu:create","api":"/api/system/menu","method":"POST"},{"id":122,"name":"编辑菜单","icon":null,"path":null,"type":2,"component":null,"pid":4,"identifier":"menu:update","api":"/api/system/menu/{pk}","method":"PUT"},{"id":123,"name":"删除菜单","icon":null,"path":null,"type":2,"component":null,"pid":4,"identifier":"menu:delete","api":"/api/system/menu/{pk}","method":"DELETE"}]}]},{"id":10,"name":"审核中心","icon":"AuditOutlined","path":"/main/audit","type":0,"component":null,"pid":0,"identifier":null,"api":null,"method":null,"children":[{"id":11,"name":"规则库","icon":"DatabaseOutlined","path":"/main/audit/rules","type":1,"component":"audit/rules","pid":10,"identifier":null,"api":"/api/audit/rules","method":"GET"},{"id":12,"name":"规则检索","icon":"SearchOutlined","path":"/main/audit/search","type":1,"component":"audit/search","pid":10,"identifier":null,"api":"/api/audit/search","method":"POST"},{"id":13,"name":"合规判定","icon":"CheckCircleOutlined","path":"/main/audit/judge","type":1,"component":"audit/judge","pid":10,"identifier":null,"api":"/api/audit/judge","method":"POST"}]}],"msg":"请求成功"}
[2026-04-09 17:56:12,875] INFO 8e2d067a-9392-4159-b23b-815ae68f81e7 Request Log Address(host='127.0.0.1', port=55534) GET http://localhost:8000/api/system/user?offset=1&limit=5 Headers({'accept-language': 'en-US,en;q=0.9,zh-CN;q=0.8,zh;q=0.7', 'accept-encoding': 'gzip, deflate, br, zstd', 'referer': 'http://localhost:5173/main/system/user', 'sec-fetch-dest': 'empty', 'sec-fetch-mode': 'cors', 'sec-fetch-site': 'same-origin', 'sec-ch-ua-mobile': '?0', 'sec-ch-ua': '"Chromium";v="146", "Not-A.Brand";v="24", "Google Chrome";v="146"', 'accept': 'application/json, text/plain, */*', 'user-agent': 'Mozilla/5.0 (Macintosh; Intel Mac OS X 10_15_7) AppleWebKit/537.36 (KHTML, like Gecko) Chrome/146.0.0.0 Safari/537.36', 'authorization': 'Bearer eyJhbGciOiJIUzI1NiIsInR5cCI6IkpXVCJ9.eyJzdWIiOiJzdXBlcl9hZG1pbiIsImV4cCI6MTc3NjMzMzM3Mn0.Vjr5xURHI-xT1b985xgj0DQaZBbOOmUqLQNlasWPA3M', 'sec-ch-ua-platform': '"macOS"', 'connection': 'close', 'host': 'localhost:8000'})
 b''
[2026-04-09 17:56:12,891] INFO 8e2d067a-9392-4159-b23b-815ae68f81e7 Response Log 0.015161991119384766s MutableHeaders({'content-length': '670', 'content-type': 'application/json', 'x-response-time': '0.015161991119384766'})
 {"code":200,"data":{"total":4,"items":[{"id":4,"status":1,"created":"2026-04-08T09:39:23.606547Z","modified":"2026-04-08T09:39:23.606547Z","username":"viewer_01","nickname":"查看员1"},{"id":2,"status":1,"created":"2026-04-08T09:38:01.587305Z","modified":"2026-04-08T09:38:01.587305Z","username":"system_admin","nickname":"系统管理员"},{"id":3,"status":1,"created":"2026-04-08T09:38:01.587305Z","modified":"2026-04-08T09:38:01.587305Z","username":"auditor_01","nickname":"审核员1"},{"id":1,"status":1,"created":"2026-04-08T08:37:44.993827Z","modified":"2026-04-08T09:37:25.117382Z","username":"super_admin","nickname":"超级管理员"}]},"msg":"请求成功"}
[2026-04-09 17:56:17,888] INFO 2a0751b4-0fbb-4e9b-b01d-4619cb000344 Request Log Address(host='127.0.0.1', port=55558) GET http://localhost:8000/api/system/role?offset=1&limit=5 Headers({'accept-language': 'en-US,en;q=0.9,zh-CN;q=0.8,zh;q=0.7', 'accept-encoding': 'gzip, deflate, br, zstd', 'referer': 'http://localhost:5173/main/system/role', 'sec-fetch-dest': 'empty', 'sec-fetch-mode': 'cors', 'sec-fetch-site': 'same-origin', 'sec-ch-ua-mobile': '?0', 'sec-ch-ua': '"Chromium";v="146", "Not-A.Brand";v="24", "Google Chrome";v="146"', 'accept': 'application/json, text/plain, */*', 'user-agent': 'Mozilla/5.0 (Macintosh; Intel Mac OS X 10_15_7) AppleWebKit/537.36 (KHTML, like Gecko) Chrome/146.0.0.0 Safari/537.36', 'authorization': 'Bearer eyJhbGciOiJIUzI1NiIsInR5cCI6IkpXVCJ9.eyJzdWIiOiJzdXBlcl9hZG1pbiIsImV4cCI6MTc3NjMzMzM3Mn0.Vjr5xURHI-xT1b985xgj0DQaZBbOOmUqLQNlasWPA3M', 'sec-ch-ua-platform': '"macOS"', 'connection': 'close', 'host': 'localhost:8000'})
 b''
[2026-04-09 17:56:17,894] INFO 2a0751b4-0fbb-4e9b-b01d-4619cb000344 Response Log 0.005940914154052734s MutableHeaders({'content-length': '780', 'content-type': 'application/json', 'x-response-time': '0.005940914154052734'})
 {"code":200,"data":{"total":4,"items":[{"id":5,"status":1,"created":"2026-04-09T09:34:15.218717Z","modified":"2026-04-09T09:34:15.218724Z","name":"auditor","remark":"审核员","user_count":0,"users":[]},{"id":4,"status":1,"created":"2026-04-08T09:06:09.299353Z","modified":"2026-04-08T09:06:09.299353Z","name":"viewer","remark":"查看员","user_count":1,"users":["viewer_01"]},{"id":2,"status":1,"created":"2026-04-08T09:06:09.299353Z","modified":"2026-04-08T09:27:14.388720Z","name":"system_admin","remark":"系统管理员","user_count":1,"users":["system_admin"]},{"id":1,"status":1,"created":"2026-04-08T08:37:44.993827Z","modified":"2026-04-08T09:23:42.398415Z","name":"super_admin","remark":"超级管理员","user_count":1,"users":["super_admin"]}]},"msg":"请求成功"}
[2026-04-09 17:56:21,409] INFO a4a3e24c-51e7-4b70-83b3-4e4f81d9a9e1 Request Log Address(host='127.0.0.1', port=55578) GET http://localhost:8000/api/system/user?offset=1&limit=5 Headers({'accept-language': 'en-US,en;q=0.9,zh-CN;q=0.8,zh;q=0.7', 'accept-encoding': 'gzip, deflate, br, zstd', 'referer': 'http://localhost:5173/main/system/user', 'sec-fetch-dest': 'empty', 'sec-fetch-mode': 'cors', 'sec-fetch-site': 'same-origin', 'sec-ch-ua-mobile': '?0', 'sec-ch-ua': '"Chromium";v="146", "Not-A.Brand";v="24", "Google Chrome";v="146"', 'accept': 'application/json, text/plain, */*', 'user-agent': 'Mozilla/5.0 (Macintosh; Intel Mac OS X 10_15_7) AppleWebKit/537.36 (KHTML, like Gecko) Chrome/146.0.0.0 Safari/537.36', 'authorization': 'Bearer eyJhbGciOiJIUzI1NiIsInR5cCI6IkpXVCJ9.eyJzdWIiOiJzdXBlcl9hZG1pbiIsImV4cCI6MTc3NjMzMzM3Mn0.Vjr5xURHI-xT1b985xgj0DQaZBbOOmUqLQNlasWPA3M', 'sec-ch-ua-platform': '"macOS"', 'connection': 'close', 'host': 'localhost:8000'})
 b''
[2026-04-09 17:56:21,413] INFO a4a3e24c-51e7-4b70-83b3-4e4f81d9a9e1 Response Log 0.0040130615234375s MutableHeaders({'content-length': '670', 'content-type': 'application/json', 'x-response-time': '0.0040130615234375'})
 {"code":200,"data":{"total":4,"items":[{"id":4,"status":1,"created":"2026-04-08T09:39:23.606547Z","modified":"2026-04-08T09:39:23.606547Z","username":"viewer_01","nickname":"查看员1"},{"id":2,"status":1,"created":"2026-04-08T09:38:01.587305Z","modified":"2026-04-08T09:38:01.587305Z","username":"system_admin","nickname":"系统管理员"},{"id":3,"status":1,"created":"2026-04-08T09:38:01.587305Z","modified":"2026-04-08T09:38:01.587305Z","username":"auditor_01","nickname":"审核员1"},{"id":1,"status":1,"created":"2026-04-08T08:37:44.993827Z","modified":"2026-04-08T09:37:25.117382Z","username":"super_admin","nickname":"超级管理员"}]},"msg":"请求成功"}
[2026-04-09 17:56:28,265] INFO 7cacb1dc-3cf8-48e9-b364-d9a82878f61e Request Log Address(host='127.0.0.1', port=55610) GET http://localhost:8000/api/system/user/3 Headers({'accept-language': 'en-US,en;q=0.9,zh-CN;q=0.8,zh;q=0.7', 'accept-encoding': 'gzip, deflate, br, zstd', 'referer': 'http://localhost:5173/main/system/user', 'sec-fetch-dest': 'empty', 'sec-fetch-mode': 'cors', 'sec-fetch-site': 'same-origin', 'sec-ch-ua-mobile': '?0', 'sec-ch-ua': '"Chromium";v="146", "Not-A.Brand";v="24", "Google Chrome";v="146"', 'accept': 'application/json, text/plain, */*', 'user-agent': 'Mozilla/5.0 (Macintosh; Intel Mac OS X 10_15_7) AppleWebKit/537.36 (KHTML, like Gecko) Chrome/146.0.0.0 Safari/537.36', 'authorization': 'Bearer eyJhbGciOiJIUzI1NiIsInR5cCI6IkpXVCJ9.eyJzdWIiOiJzdXBlcl9hZG1pbiIsImV4cCI6MTc3NjMzMzM3Mn0.Vjr5xURHI-xT1b985xgj0DQaZBbOOmUqLQNlasWPA3M', 'sec-ch-ua-platform': '"macOS"', 'connection': 'close', 'host': 'localhost:8000'})
 b''
[2026-04-09 17:56:28,265] INFO 165e138c-c465-4ef5-b120-15873740697a Request Log Address(host='127.0.0.1', port=55612) GET http://localhost:8000/api/system/role?limit=100 Headers({'accept-language': 'en-US,en;q=0.9,zh-CN;q=0.8,zh;q=0.7', 'accept-encoding': 'gzip, deflate, br, zstd', 'referer': 'http://localhost:5173/main/system/user', 'sec-fetch-dest': 'empty', 'sec-fetch-mode': 'cors', 'sec-fetch-site': 'same-origin', 'sec-ch-ua-mobile': '?0', 'sec-ch-ua': '"Chromium";v="146", "Not-A.Brand";v="24", "Google Chrome";v="146"', 'accept': 'application/json, text/plain, */*', 'user-agent': 'Mozilla/5.0 (Macintosh; Intel Mac OS X 10_15_7) AppleWebKit/537.36 (KHTML, like Gecko) Chrome/146.0.0.0 Safari/537.36', 'authorization': 'Bearer eyJhbGciOiJIUzI1NiIsInR5cCI6IkpXVCJ9.eyJzdWIiOiJzdXBlcl9hZG1pbiIsImV4cCI6MTc3NjMzMzM3Mn0.Vjr5xURHI-xT1b985xgj0DQaZBbOOmUqLQNlasWPA3M', 'sec-ch-ua-platform': '"macOS"', 'connection': 'close', 'host': 'localhost:8000'})
 b''
[2026-04-09 17:56:28,268] INFO 7cacb1dc-3cf8-48e9-b364-d9a82878f61e Response Log 0.003083944320678711s MutableHeaders({'content-length': '200', 'content-type': 'application/json', 'x-response-time': '0.003083944320678711'})
 {"code":200,"data":{"id":3,"status":1,"created":"2026-04-08T09:38:01.587305Z","modified":"2026-04-08T09:38:01.587305Z","username":"auditor_01","nickname":"审核员1","roles":[]},"msg":"请求成功"}
[2026-04-09 17:56:28,278] INFO 165e138c-c465-4ef5-b120-15873740697a Response Log 0.012230873107910156s MutableHeaders({'content-length': '780', 'content-type': 'application/json', 'x-response-time': '0.012230873107910156'})
 {"code":200,"data":{"total":4,"items":[{"id":5,"status":1,"created":"2026-04-09T09:34:15.218717Z","modified":"2026-04-09T09:34:15.218724Z","name":"auditor","remark":"审核员","user_count":0,"users":[]},{"id":4,"status":1,"created":"2026-04-08T09:06:09.299353Z","modified":"2026-04-08T09:06:09.299353Z","name":"viewer","remark":"查看员","user_count":1,"users":["viewer_01"]},{"id":2,"status":1,"created":"2026-04-08T09:06:09.299353Z","modified":"2026-04-08T09:27:14.388720Z","name":"system_admin","remark":"系统管理员","user_count":1,"users":["system_admin"]},{"id":1,"status":1,"created":"2026-04-08T08:37:44.993827Z","modified":"2026-04-08T09:23:42.398415Z","name":"super_admin","remark":"超级管理员","user_count":1,"users":["super_admin"]}]},"msg":"请求成功"}
[2026-04-09 17:56:33,291] INFO 58b9e20e-6772-4759-a1c0-7828e3f566c5 Request Log Address(host='127.0.0.1', port=55634) GET http://localhost:8000/api/system/role?limit=100 Headers({'accept-language': 'en-US,en;q=0.9,zh-CN;q=0.8,zh;q=0.7', 'accept-encoding': 'gzip, deflate, br, zstd', 'referer': 'http://localhost:5173/main/system/user', 'sec-fetch-dest': 'empty', 'sec-fetch-mode': 'cors', 'sec-fetch-site': 'same-origin', 'sec-ch-ua-mobile': '?0', 'sec-ch-ua': '"Chromium";v="146", "Not-A.Brand";v="24", "Google Chrome";v="146"', 'accept': 'application/json, text/plain, */*', 'user-agent': 'Mozilla/5.0 (Macintosh; Intel Mac OS X 10_15_7) AppleWebKit/537.36 (KHTML, like Gecko) Chrome/146.0.0.0 Safari/537.36', 'authorization': 'Bearer eyJhbGciOiJIUzI1NiIsInR5cCI6IkpXVCJ9.eyJzdWIiOiJzdXBlcl9hZG1pbiIsImV4cCI6MTc3NjMzMzM3Mn0.Vjr5xURHI-xT1b985xgj0DQaZBbOOmUqLQNlasWPA3M', 'sec-ch-ua-platform': '"macOS"', 'connection': 'close', 'host': 'localhost:8000'})
 b''
[2026-04-09 17:56:33,291] INFO b5775141-8daa-4647-911f-a6eedf17005a Request Log Address(host='127.0.0.1', port=55635) GET http://localhost:8000/api/system/user/3 Headers({'accept-language': 'en-US,en;q=0.9,zh-CN;q=0.8,zh;q=0.7', 'accept-encoding': 'gzip, deflate, br, zstd', 'referer': 'http://localhost:5173/main/system/user', 'sec-fetch-dest': 'empty', 'sec-fetch-mode': 'cors', 'sec-fetch-site': 'same-origin', 'sec-ch-ua-mobile': '?0', 'sec-ch-ua': '"Chromium";v="146", "Not-A.Brand";v="24", "Google Chrome";v="146"', 'accept': 'application/json, text/plain, */*', 'user-agent': 'Mozilla/5.0 (Macintosh; Intel Mac OS X 10_15_7) AppleWebKit/537.36 (KHTML, like Gecko) Chrome/146.0.0.0 Safari/537.36', 'authorization': 'Bearer eyJhbGciOiJIUzI1NiIsInR5cCI6IkpXVCJ9.eyJzdWIiOiJzdXBlcl9hZG1pbiIsImV4cCI6MTc3NjMzMzM3Mn0.Vjr5xURHI-xT1b985xgj0DQaZBbOOmUqLQNlasWPA3M', 'sec-ch-ua-platform': '"macOS"', 'connection': 'close', 'host': 'localhost:8000'})
 b''
[2026-04-09 17:56:33,293] INFO b5775141-8daa-4647-911f-a6eedf17005a Response Log 0.0015690326690673828s MutableHeaders({'content-length': '200', 'content-type': 'application/json', 'x-response-time': '0.0015690326690673828'})
 {"code":200,"data":{"id":3,"status":1,"created":"2026-04-08T09:38:01.587305Z","modified":"2026-04-08T09:38:01.587305Z","username":"auditor_01","nickname":"审核员1","roles":[]},"msg":"请求成功"}
[2026-04-09 17:56:33,297] INFO 58b9e20e-6772-4759-a1c0-7828e3f566c5 Response Log 0.005894184112548828s MutableHeaders({'content-length': '780', 'content-type': 'application/json', 'x-response-time': '0.005894184112548828'})
 {"code":200,"data":{"total":4,"items":[{"id":5,"status":1,"created":"2026-04-09T09:34:15.218717Z","modified":"2026-04-09T09:34:15.218724Z","name":"auditor","remark":"审核员","user_count":0,"users":[]},{"id":4,"status":1,"created":"2026-04-08T09:06:09.299353Z","modified":"2026-04-08T09:06:09.299353Z","name":"viewer","remark":"查看员","user_count":1,"users":["viewer_01"]},{"id":2,"status":1,"created":"2026-04-08T09:06:09.299353Z","modified":"2026-04-08T09:27:14.388720Z","name":"system_admin","remark":"系统管理员","user_count":1,"users":["system_admin"]},{"id":1,"status":1,"created":"2026-04-08T08:37:44.993827Z","modified":"2026-04-08T09:23:42.398415Z","name":"super_admin","remark":"超级管理员","user_count":1,"users":["super_admin"]}]},"msg":"请求成功"}
[2026-04-09 17:56:46,629] INFO 00f8ef6d-6096-4620-950c-c112545105a3 Request Log Address(host='127.0.0.1', port=55672) GET http://localhost:8000/api/system/user/4 Headers({'accept-language': 'en-US,en;q=0.9,zh-CN;q=0.8,zh;q=0.7', 'accept-encoding': 'gzip, deflate, br, zstd', 'referer': 'http://localhost:5173/main/system/user', 'sec-fetch-dest': 'empty', 'sec-fetch-mode': 'cors', 'sec-fetch-site': 'same-origin', 'sec-ch-ua-mobile': '?0', 'sec-ch-ua': '"Chromium";v="146", "Not-A.Brand";v="24", "Google Chrome";v="146"', 'accept': 'application/json, text/plain, */*', 'user-agent': 'Mozilla/5.0 (Macintosh; Intel Mac OS X 10_15_7) AppleWebKit/537.36 (KHTML, like Gecko) Chrome/146.0.0.0 Safari/537.36', 'authorization': 'Bearer eyJhbGciOiJIUzI1NiIsInR5cCI6IkpXVCJ9.eyJzdWIiOiJzdXBlcl9hZG1pbiIsImV4cCI6MTc3NjMzMzM3Mn0.Vjr5xURHI-xT1b985xgj0DQaZBbOOmUqLQNlasWPA3M', 'sec-ch-ua-platform': '"macOS"', 'connection': 'close', 'host': 'localhost:8000'})
 b''
[2026-04-09 17:56:46,630] INFO 9080de01-8a1b-490a-96bc-e98f7210ee6e Request Log Address(host='127.0.0.1', port=55673) GET http://localhost:8000/api/system/role?limit=100 Headers({'accept-language': 'en-US,en;q=0.9,zh-CN;q=0.8,zh;q=0.7', 'accept-encoding': 'gzip, deflate, br, zstd', 'referer': 'http://localhost:5173/main/system/user', 'sec-fetch-dest': 'empty', 'sec-fetch-mode': 'cors', 'sec-fetch-site': 'same-origin', 'sec-ch-ua-mobile': '?0', 'sec-ch-ua': '"Chromium";v="146", "Not-A.Brand";v="24", "Google Chrome";v="146"', 'accept': 'application/json, text/plain, */*', 'user-agent': 'Mozilla/5.0 (Macintosh; Intel Mac OS X 10_15_7) AppleWebKit/537.36 (KHTML, like Gecko) Chrome/146.0.0.0 Safari/537.36', 'authorization': 'Bearer eyJhbGciOiJIUzI1NiIsInR5cCI6IkpXVCJ9.eyJzdWIiOiJzdXBlcl9hZG1pbiIsImV4cCI6MTc3NjMzMzM3Mn0.Vjr5xURHI-xT1b985xgj0DQaZBbOOmUqLQNlasWPA3M', 'sec-ch-ua-platform': '"macOS"', 'connection': 'close', 'host': 'localhost:8000'})
 b''
[2026-04-09 17:56:46,631] INFO 00f8ef6d-6096-4620-950c-c112545105a3 Response Log 0.0017848014831542969s MutableHeaders({'content-length': '234', 'content-type': 'application/json', 'x-response-time': '0.0017848014831542969'})
 {"code":200,"data":{"id":4,"status":1,"created":"2026-04-08T09:39:23.606547Z","modified":"2026-04-08T09:39:23.606547Z","username":"viewer_01","nickname":"查看员1","roles":[{"id":4,"name":"viewer","status":5}]},"msg":"请求成功"}
[2026-04-09 17:56:46,635] INFO 9080de01-8a1b-490a-96bc-e98f7210ee6e Response Log 0.0048787593841552734s MutableHeaders({'content-length': '780', 'content-type': 'application/json', 'x-response-time': '0.0048787593841552734'})
 {"code":200,"data":{"total":4,"items":[{"id":5,"status":1,"created":"2026-04-09T09:34:15.218717Z","modified":"2026-04-09T09:34:15.218724Z","name":"auditor","remark":"审核员","user_count":0,"users":[]},{"id":4,"status":1,"created":"2026-04-08T09:06:09.299353Z","modified":"2026-04-08T09:06:09.299353Z","name":"viewer","remark":"查看员","user_count":1,"users":["viewer_01"]},{"id":2,"status":1,"created":"2026-04-08T09:06:09.299353Z","modified":"2026-04-08T09:27:14.388720Z","name":"system_admin","remark":"系统管理员","user_count":1,"users":["system_admin"]},{"id":1,"status":1,"created":"2026-04-08T08:37:44.993827Z","modified":"2026-04-08T09:23:42.398415Z","name":"super_admin","remark":"超级管理员","user_count":1,"users":["super_admin"]}]},"msg":"请求成功"}
[2026-04-09 17:58:41,861] INFO 98039d73-ac02-4457-9ff5-1f3155e0938e Request Log Address(host='127.0.0.1', port=56263) GET http://localhost:8000/api/system/user?offset=1&limit=5 Headers({'accept-language': 'en-US,en;q=0.9,zh-CN;q=0.8,zh;q=0.7', 'accept-encoding': 'gzip, deflate, br, zstd', 'referer': 'http://localhost:5173/main/system/user', 'sec-fetch-dest': 'empty', 'sec-fetch-mode': 'cors', 'sec-fetch-site': 'same-origin', 'sec-ch-ua-mobile': '?0', 'sec-ch-ua': '"Chromium";v="146", "Not-A.Brand";v="24", "Google Chrome";v="146"', 'accept': 'application/json, text/plain, */*', 'user-agent': 'Mozilla/5.0 (Macintosh; Intel Mac OS X 10_15_7) AppleWebKit/537.36 (KHTML, like Gecko) Chrome/146.0.0.0 Safari/537.36', 'authorization': 'Bearer eyJhbGciOiJIUzI1NiIsInR5cCI6IkpXVCJ9.eyJzdWIiOiJzdXBlcl9hZG1pbiIsImV4cCI6MTc3NjMzMzM3Mn0.Vjr5xURHI-xT1b985xgj0DQaZBbOOmUqLQNlasWPA3M', 'sec-ch-ua-platform': '"macOS"', 'connection': 'close', 'host': 'localhost:8000'})
 b''
[2026-04-09 17:58:41,875] INFO 98039d73-ac02-4457-9ff5-1f3155e0938e Response Log 0.01331782341003418s MutableHeaders({'content-length': '670', 'content-type': 'application/json', 'x-response-time': '0.01331782341003418'})
 {"code":200,"data":{"total":4,"items":[{"id":4,"status":1,"created":"2026-04-08T09:39:23.606547Z","modified":"2026-04-08T09:39:23.606547Z","username":"viewer_01","nickname":"查看员1"},{"id":2,"status":1,"created":"2026-04-08T09:38:01.587305Z","modified":"2026-04-08T09:38:01.587305Z","username":"system_admin","nickname":"系统管理员"},{"id":3,"status":1,"created":"2026-04-08T09:38:01.587305Z","modified":"2026-04-08T09:38:01.587305Z","username":"auditor_01","nickname":"审核员1"},{"id":1,"status":1,"created":"2026-04-08T08:37:44.993827Z","modified":"2026-04-08T09:37:25.117382Z","username":"super_admin","nickname":"超级管理员"}]},"msg":"请求成功"}
[2026-04-09 17:58:58,634] INFO e7070d6b-cbb8-4e41-a0f7-62df87d85736 Request Log Address(host='127.0.0.1', port=56335) GET http://localhost:8000/api/system/user/3 Headers({'accept-language': 'en-US,en;q=0.9,zh-CN;q=0.8,zh;q=0.7', 'accept-encoding': 'gzip, deflate, br, zstd', 'referer': 'http://localhost:5173/main/system/user', 'sec-fetch-dest': 'empty', 'sec-fetch-mode': 'cors', 'sec-fetch-site': 'same-origin', 'sec-ch-ua-mobile': '?0', 'sec-ch-ua': '"Chromium";v="146", "Not-A.Brand";v="24", "Google Chrome";v="146"', 'accept': 'application/json, text/plain, */*', 'user-agent': 'Mozilla/5.0 (Macintosh; Intel Mac OS X 10_15_7) AppleWebKit/537.36 (KHTML, like Gecko) Chrome/146.0.0.0 Safari/537.36', 'authorization': 'Bearer eyJhbGciOiJIUzI1NiIsInR5cCI6IkpXVCJ9.eyJzdWIiOiJzdXBlcl9hZG1pbiIsImV4cCI6MTc3NjMzMzM3Mn0.Vjr5xURHI-xT1b985xgj0DQaZBbOOmUqLQNlasWPA3M', 'sec-ch-ua-platform': '"macOS"', 'connection': 'close', 'host': 'localhost:8000'})
 b''
[2026-04-09 17:58:58,635] INFO bdba9f6a-dbcc-4709-b6c8-140b2294832b Request Log Address(host='127.0.0.1', port=56336) GET http://localhost:8000/api/system/role?limit=100 Headers({'accept-language': 'en-US,en;q=0.9,zh-CN;q=0.8,zh;q=0.7', 'accept-encoding': 'gzip, deflate, br, zstd', 'referer': 'http://localhost:5173/main/system/user', 'sec-fetch-dest': 'empty', 'sec-fetch-mode': 'cors', 'sec-fetch-site': 'same-origin', 'sec-ch-ua-mobile': '?0', 'sec-ch-ua': '"Chromium";v="146", "Not-A.Brand";v="24", "Google Chrome";v="146"', 'accept': 'application/json, text/plain, */*', 'user-agent': 'Mozilla/5.0 (Macintosh; Intel Mac OS X 10_15_7) AppleWebKit/537.36 (KHTML, like Gecko) Chrome/146.0.0.0 Safari/537.36', 'authorization': 'Bearer eyJhbGciOiJIUzI1NiIsInR5cCI6IkpXVCJ9.eyJzdWIiOiJzdXBlcl9hZG1pbiIsImV4cCI6MTc3NjMzMzM3Mn0.Vjr5xURHI-xT1b985xgj0DQaZBbOOmUqLQNlasWPA3M', 'sec-ch-ua-platform': '"macOS"', 'connection': 'close', 'host': 'localhost:8000'})
 b''
[2026-04-09 17:58:58,636] INFO e7070d6b-cbb8-4e41-a0f7-62df87d85736 Response Log 0.0021140575408935547s MutableHeaders({'content-length': '200', 'content-type': 'application/json', 'x-response-time': '0.0021140575408935547'})
 {"code":200,"data":{"id":3,"status":1,"created":"2026-04-08T09:38:01.587305Z","modified":"2026-04-08T09:38:01.587305Z","username":"auditor_01","nickname":"审核员1","roles":[]},"msg":"请求成功"}
[2026-04-09 17:58:58,640] INFO bdba9f6a-dbcc-4709-b6c8-140b2294832b Response Log 0.005113840103149414s MutableHeaders({'content-length': '780', 'content-type': 'application/json', 'x-response-time': '0.005113840103149414'})
 {"code":200,"data":{"total":4,"items":[{"id":5,"status":1,"created":"2026-04-09T09:34:15.218717Z","modified":"2026-04-09T09:34:15.218724Z","name":"auditor","remark":"审核员","user_count":0,"users":[]},{"id":4,"status":1,"created":"2026-04-08T09:06:09.299353Z","modified":"2026-04-08T09:06:09.299353Z","name":"viewer","remark":"查看员","user_count":1,"users":["viewer_01"]},{"id":2,"status":1,"created":"2026-04-08T09:06:09.299353Z","modified":"2026-04-08T09:27:14.388720Z","name":"system_admin","remark":"系统管理员","user_count":1,"users":["system_admin"]},{"id":1,"status":1,"created":"2026-04-08T08:37:44.993827Z","modified":"2026-04-08T09:23:42.398415Z","name":"super_admin","remark":"超级管理员","user_count":1,"users":["super_admin"]}]},"msg":"请求成功"}
[2026-04-09 17:59:07,533] INFO 118d62b9-83da-4edd-9a7c-7503b515f885 Request Log Address(host='127.0.0.1', port=56389) GET http://localhost:8000/api/system/role?offset=1&limit=5 Headers({'accept-language': 'en-US,en;q=0.9,zh-CN;q=0.8,zh;q=0.7', 'accept-encoding': 'gzip, deflate, br, zstd', 'referer': 'http://localhost:5173/main/system/role', 'sec-fetch-dest': 'empty', 'sec-fetch-mode': 'cors', 'sec-fetch-site': 'same-origin', 'sec-ch-ua-mobile': '?0', 'sec-ch-ua': '"Chromium";v="146", "Not-A.Brand";v="24", "Google Chrome";v="146"', 'accept': 'application/json, text/plain, */*', 'user-agent': 'Mozilla/5.0 (Macintosh; Intel Mac OS X 10_15_7) AppleWebKit/537.36 (KHTML, like Gecko) Chrome/146.0.0.0 Safari/537.36', 'authorization': 'Bearer eyJhbGciOiJIUzI1NiIsInR5cCI6IkpXVCJ9.eyJzdWIiOiJzdXBlcl9hZG1pbiIsImV4cCI6MTc3NjMzMzM3Mn0.Vjr5xURHI-xT1b985xgj0DQaZBbOOmUqLQNlasWPA3M', 'sec-ch-ua-platform': '"macOS"', 'connection': 'close', 'host': 'localhost:8000'})
 b''
[2026-04-09 17:59:07,539] INFO 118d62b9-83da-4edd-9a7c-7503b515f885 Response Log 0.005970954895019531s MutableHeaders({'content-length': '780', 'content-type': 'application/json', 'x-response-time': '0.005970954895019531'})
 {"code":200,"data":{"total":4,"items":[{"id":5,"status":1,"created":"2026-04-09T09:34:15.218717Z","modified":"2026-04-09T09:34:15.218724Z","name":"auditor","remark":"审核员","user_count":0,"users":[]},{"id":4,"status":1,"created":"2026-04-08T09:06:09.299353Z","modified":"2026-04-08T09:06:09.299353Z","name":"viewer","remark":"查看员","user_count":1,"users":["viewer_01"]},{"id":2,"status":1,"created":"2026-04-08T09:06:09.299353Z","modified":"2026-04-08T09:27:14.388720Z","name":"system_admin","remark":"系统管理员","user_count":1,"users":["system_admin"]},{"id":1,"status":1,"created":"2026-04-08T08:37:44.993827Z","modified":"2026-04-08T09:23:42.398415Z","name":"super_admin","remark":"超级管理员","user_count":1,"users":["super_admin"]}]},"msg":"请求成功"}
[2026-04-09 17:59:09,421] INFO 9da3686e-d410-411e-b21d-966557e9f149 Request Log Address(host='127.0.0.1', port=56401) GET http://localhost:8000/api/system/user?offset=1&limit=5 Headers({'accept-language': 'en-US,en;q=0.9,zh-CN;q=0.8,zh;q=0.7', 'accept-encoding': 'gzip, deflate, br, zstd', 'referer': 'http://localhost:5173/main/system/user', 'sec-fetch-dest': 'empty', 'sec-fetch-mode': 'cors', 'sec-fetch-site': 'same-origin', 'sec-ch-ua-mobile': '?0', 'sec-ch-ua': '"Chromium";v="146", "Not-A.Brand";v="24", "Google Chrome";v="146"', 'accept': 'application/json, text/plain, */*', 'user-agent': 'Mozilla/5.0 (Macintosh; Intel Mac OS X 10_15_7) AppleWebKit/537.36 (KHTML, like Gecko) Chrome/146.0.0.0 Safari/537.36', 'authorization': 'Bearer eyJhbGciOiJIUzI1NiIsInR5cCI6IkpXVCJ9.eyJzdWIiOiJzdXBlcl9hZG1pbiIsImV4cCI6MTc3NjMzMzM3Mn0.Vjr5xURHI-xT1b985xgj0DQaZBbOOmUqLQNlasWPA3M', 'sec-ch-ua-platform': '"macOS"', 'connection': 'close', 'host': 'localhost:8000'})
 b''
[2026-04-09 17:59:09,425] INFO 9da3686e-d410-411e-b21d-966557e9f149 Response Log 0.004558086395263672s MutableHeaders({'content-length': '670', 'content-type': 'application/json', 'x-response-time': '0.004558086395263672'})
 {"code":200,"data":{"total":4,"items":[{"id":4,"status":1,"created":"2026-04-08T09:39:23.606547Z","modified":"2026-04-08T09:39:23.606547Z","username":"viewer_01","nickname":"查看员1"},{"id":2,"status":1,"created":"2026-04-08T09:38:01.587305Z","modified":"2026-04-08T09:38:01.587305Z","username":"system_admin","nickname":"系统管理员"},{"id":3,"status":1,"created":"2026-04-08T09:38:01.587305Z","modified":"2026-04-08T09:38:01.587305Z","username":"auditor_01","nickname":"审核员1"},{"id":1,"status":1,"created":"2026-04-08T08:37:44.993827Z","modified":"2026-04-08T09:37:25.117382Z","username":"super_admin","nickname":"超级管理员"}]},"msg":"请求成功"}
[2026-04-09 17:59:12,184] INFO 4154268c-1937-4281-8fe8-6ffa4c3ed487 Request Log Address(host='127.0.0.1', port=56410) GET http://localhost:8000/api/system/user/3 Headers({'accept-language': 'en-US,en;q=0.9,zh-CN;q=0.8,zh;q=0.7', 'accept-encoding': 'gzip, deflate, br, zstd', 'referer': 'http://localhost:5173/main/system/user', 'sec-fetch-dest': 'empty', 'sec-fetch-mode': 'cors', 'sec-fetch-site': 'same-origin', 'sec-ch-ua-mobile': '?0', 'sec-ch-ua': '"Chromium";v="146", "Not-A.Brand";v="24", "Google Chrome";v="146"', 'accept': 'application/json, text/plain, */*', 'user-agent': 'Mozilla/5.0 (Macintosh; Intel Mac OS X 10_15_7) AppleWebKit/537.36 (KHTML, like Gecko) Chrome/146.0.0.0 Safari/537.36', 'authorization': 'Bearer eyJhbGciOiJIUzI1NiIsInR5cCI6IkpXVCJ9.eyJzdWIiOiJzdXBlcl9hZG1pbiIsImV4cCI6MTc3NjMzMzM3Mn0.Vjr5xURHI-xT1b985xgj0DQaZBbOOmUqLQNlasWPA3M', 'sec-ch-ua-platform': '"macOS"', 'connection': 'close', 'host': 'localhost:8000'})
 b''
[2026-04-09 17:59:12,185] INFO 7940cf5d-fe80-4772-a0f9-185174c95565 Request Log Address(host='127.0.0.1', port=56412) GET http://localhost:8000/api/system/role?limit=100 Headers({'accept-language': 'en-US,en;q=0.9,zh-CN;q=0.8,zh;q=0.7', 'accept-encoding': 'gzip, deflate, br, zstd', 'referer': 'http://localhost:5173/main/system/user', 'sec-fetch-dest': 'empty', 'sec-fetch-mode': 'cors', 'sec-fetch-site': 'same-origin', 'sec-ch-ua-mobile': '?0', 'sec-ch-ua': '"Chromium";v="146", "Not-A.Brand";v="24", "Google Chrome";v="146"', 'accept': 'application/json, text/plain, */*', 'user-agent': 'Mozilla/5.0 (Macintosh; Intel Mac OS X 10_15_7) AppleWebKit/537.36 (KHTML, like Gecko) Chrome/146.0.0.0 Safari/537.36', 'authorization': 'Bearer eyJhbGciOiJIUzI1NiIsInR5cCI6IkpXVCJ9.eyJzdWIiOiJzdXBlcl9hZG1pbiIsImV4cCI6MTc3NjMzMzM3Mn0.Vjr5xURHI-xT1b985xgj0DQaZBbOOmUqLQNlasWPA3M', 'sec-ch-ua-platform': '"macOS"', 'connection': 'close', 'host': 'localhost:8000'})
 b''
[2026-04-09 17:59:12,191] INFO 4154268c-1937-4281-8fe8-6ffa4c3ed487 Response Log 0.007167816162109375s MutableHeaders({'content-length': '200', 'content-type': 'application/json', 'x-response-time': '0.007167816162109375'})
 {"code":200,"data":{"id":3,"status":1,"created":"2026-04-08T09:38:01.587305Z","modified":"2026-04-08T09:38:01.587305Z","username":"auditor_01","nickname":"审核员1","roles":[]},"msg":"请求成功"}
[2026-04-09 17:59:12,196] INFO 7940cf5d-fe80-4772-a0f9-185174c95565 Response Log 0.011245012283325195s MutableHeaders({'content-length': '780', 'content-type': 'application/json', 'x-response-time': '0.011245012283325195'})
 {"code":200,"data":{"total":4,"items":[{"id":5,"status":1,"created":"2026-04-09T09:34:15.218717Z","modified":"2026-04-09T09:34:15.218724Z","name":"auditor","remark":"审核员","user_count":0,"users":[]},{"id":4,"status":1,"created":"2026-04-08T09:06:09.299353Z","modified":"2026-04-08T09:06:09.299353Z","name":"viewer","remark":"查看员","user_count":1,"users":["viewer_01"]},{"id":2,"status":1,"created":"2026-04-08T09:06:09.299353Z","modified":"2026-04-08T09:27:14.388720Z","name":"system_admin","remark":"系统管理员","user_count":1,"users":["system_admin"]},{"id":1,"status":1,"created":"2026-04-08T08:37:44.993827Z","modified":"2026-04-08T09:23:42.398415Z","name":"super_admin","remark":"超级管理员","user_count":1,"users":["super_admin"]}]},"msg":"请求成功"}
[2026-04-09 17:59:15,379] INFO c7e737ff-c1a5-4c65-9dfe-a608cc649a35 Request Log Address(host='127.0.0.1', port=56421) PUT http://localhost:8000/api/system/user/3 Headers({'accept-language': 'en-US,en;q=0.9,zh-CN;q=0.8,zh;q=0.7', 'accept-encoding': 'gzip, deflate, br, zstd', 'referer': 'http://localhost:5173/main/system/user', 'sec-fetch-dest': 'empty', 'sec-fetch-mode': 'cors', 'sec-fetch-site': 'same-origin', 'origin': 'http://localhost:5173', 'sec-ch-ua-mobile': '?0', 'content-type': 'application/json', 'sec-ch-ua': '"Chromium";v="146", "Not-A.Brand";v="24", "Google Chrome";v="146"', 'accept': 'application/json, text/plain, */*', 'user-agent': 'Mozilla/5.0 (Macintosh; Intel Mac OS X 10_15_7) AppleWebKit/537.36 (KHTML, like Gecko) Chrome/146.0.0.0 Safari/537.36', 'authorization': 'Bearer eyJhbGciOiJIUzI1NiIsInR5cCI6IkpXVCJ9.eyJzdWIiOiJzdXBlcl9hZG1pbiIsImV4cCI6MTc3NjMzMzM3Mn0.Vjr5xURHI-xT1b985xgj0DQaZBbOOmUqLQNlasWPA3M', 'sec-ch-ua-platform': '"macOS"', 'content-length': '91', 'connection': 'close', 'host': 'localhost:8000'})
 b'{"nickname":"\xe5\xae\xa1\xe6\xa0\xb8\xe5\x91\x981","password":"\xe5\x8a\xa0\xe5\xaf\x86\xe4\xb9\x8b\xe5\x90\x8e\xe7\x9a\x84\xe5\xaf\x86\xe7\xa0\x81","roles":[{"rid":5,"status":5}]}'
[2026-04-09 17:59:15,385] INFO c7e737ff-c1a5-4c65-9dfe-a608cc649a35 Response Log 0.005995988845825195s MutableHeaders({'content-length': '45', 'content-type': 'application/json', 'x-response-time': '0.005995988845825195'})
 {"code":200,"data":null,"msg":"请求成功"}
[2026-04-09 17:59:15,396] INFO 6b2412fd-7a9d-4922-a46f-38e186c6def8 Request Log Address(host='127.0.0.1', port=56424) GET http://localhost:8000/api/system/user?offset=1&limit=5 Headers({'accept-language': 'en-US,en;q=0.9,zh-CN;q=0.8,zh;q=0.7', 'accept-encoding': 'gzip, deflate, br, zstd', 'referer': 'http://localhost:5173/main/system/user', 'sec-fetch-dest': 'empty', 'sec-fetch-mode': 'cors', 'sec-fetch-site': 'same-origin', 'sec-ch-ua-mobile': '?0', 'sec-ch-ua': '"Chromium";v="146", "Not-A.Brand";v="24", "Google Chrome";v="146"', 'accept': 'application/json, text/plain, */*', 'user-agent': 'Mozilla/5.0 (Macintosh; Intel Mac OS X 10_15_7) AppleWebKit/537.36 (KHTML, like Gecko) Chrome/146.0.0.0 Safari/537.36', 'authorization': 'Bearer eyJhbGciOiJIUzI1NiIsInR5cCI6IkpXVCJ9.eyJzdWIiOiJzdXBlcl9hZG1pbiIsImV4cCI6MTc3NjMzMzM3Mn0.Vjr5xURHI-xT1b985xgj0DQaZBbOOmUqLQNlasWPA3M', 'sec-ch-ua-platform': '"macOS"', 'connection': 'close', 'host': 'localhost:8000'})
 b''
[2026-04-09 17:59:15,399] INFO 6b2412fd-7a9d-4922-a46f-38e186c6def8 Response Log 0.0027871131896972656s MutableHeaders({'content-length': '670', 'content-type': 'application/json', 'x-response-time': '0.0027871131896972656'})
 {"code":200,"data":{"total":4,"items":[{"id":4,"status":1,"created":"2026-04-08T09:39:23.606547Z","modified":"2026-04-08T09:39:23.606547Z","username":"viewer_01","nickname":"查看员1"},{"id":2,"status":1,"created":"2026-04-08T09:38:01.587305Z","modified":"2026-04-08T09:38:01.587305Z","username":"system_admin","nickname":"系统管理员"},{"id":3,"status":1,"created":"2026-04-08T09:38:01.587305Z","modified":"2026-04-08T09:38:01.587305Z","username":"auditor_01","nickname":"审核员1"},{"id":1,"status":1,"created":"2026-04-08T08:37:44.993827Z","modified":"2026-04-08T09:37:25.117382Z","username":"super_admin","nickname":"超级管理员"}]},"msg":"请求成功"}
[2026-04-09 17:59:17,317] INFO 29b9579f-158e-4e27-bf1a-efa5e6f9f873 Request Log Address(host='127.0.0.1', port=56435) GET http://localhost:8000/api/system/menu Headers({'accept-language': 'en-US,en;q=0.9,zh-CN;q=0.8,zh;q=0.7', 'accept-encoding': 'gzip, deflate, br, zstd', 'referer': 'http://localhost:5173/main/system/menu', 'sec-fetch-dest': 'empty', 'sec-fetch-mode': 'cors', 'sec-fetch-site': 'same-origin', 'sec-ch-ua-mobile': '?0', 'sec-ch-ua': '"Chromium";v="146", "Not-A.Brand";v="24", "Google Chrome";v="146"', 'accept': 'application/json, text/plain, */*', 'user-agent': 'Mozilla/5.0 (Macintosh; Intel Mac OS X 10_15_7) AppleWebKit/537.36 (KHTML, like Gecko) Chrome/146.0.0.0 Safari/537.36', 'authorization': 'Bearer eyJhbGciOiJIUzI1NiIsInR5cCI6IkpXVCJ9.eyJzdWIiOiJzdXBlcl9hZG1pbiIsImV4cCI6MTc3NjMzMzM3Mn0.Vjr5xURHI-xT1b985xgj0DQaZBbOOmUqLQNlasWPA3M', 'sec-ch-ua-platform': '"macOS"', 'connection': 'close', 'host': 'localhost:8000'})
 b''
[2026-04-09 17:59:17,320] INFO 29b9579f-158e-4e27-bf1a-efa5e6f9f873 Response Log 0.003618955612182617s MutableHeaders({'content-length': '4544', 'content-type': 'application/json', 'x-response-time': '0.003618955612182617'})
 {"code":200,"data":[{"id":1,"status":1,"created":"2026-04-08T08:37:44.993827Z","modified":"2026-04-08T08:37:44.993827Z","name":"系统管理","icon":"SettingOutlined","path":"/main/system","type":0,"component":null,"pid":0,"identifier":null,"api":null,"method":null,"children":[{"id":2,"status":1,"created":"2026-04-08T08:37:44.993827Z","modified":"2026-04-08T08:37:44.993827Z","name":"用户管理","icon":"UserOutlined","path":"/main/system/user","type":1,"component":"user/user","pid":1,"identifier":null,"api":"/api/system/user","method":"GET","children":[{"id":101,"status":1,"created":"2026-04-08T10:22:33.358711Z","modified":"2026-04-08T10:22:33.358711Z","name":"新增用户","icon":null,"path":null,"type":2,"component":null,"pid":2,"identifier":"user:create","api":"/api/system/user","method":"POST"},{"id":102,"status":1,"created":"2026-04-08T10:22:33.358711Z","modified":"2026-04-08T10:22:33.358711Z","name":"编辑用户","icon":null,"path":null,"type":2,"component":null,"pid":2,"identifier":"user:update","api":"/api/system/user/{pk}","method":"PUT"},{"id":103,"status":1,"created":"2026-04-08T10:22:33.358711Z","modified":"2026-04-08T10:22:33.358711Z","name":"删除用户","icon":null,"path":null,"type":2,"component":null,"pid":2,"identifier":"user:delete","api":"/api/system/user/{pk}","method":"DELETE"}]},{"id":3,"status":1,"created":"2026-04-08T08:37:44.993827Z","modified":"2026-04-08T08:37:44.993827Z","name":"角色管理","icon":"TeamOutlined","path":"/main/system/role","type":1,"component":"role/role","pid":1,"identifier":null,"api":"/api/system/role","method":"GET","children":[{"id":111,"status":1,"created":"2026-04-08T10:22:33.358711Z","modified":"2026-04-08T10:22:33.358711Z","name":"新增角色","icon":null,"path":null,"type":2,"component":null,"pid":3,"identifier":"role:create","api":"/api/system/role","method":"POST"},{"id":112,"status":1,"created":"2026-04-08T10:22:33.358711Z","modified":"2026-04-08T10:22:33.358711Z","name":"编辑角色","icon":null,"path":null,"type":2,"component":null,"pid":3,"identifier":"role:update","api":"/api/system/role/{pk}","method":"PUT"},{"id":113,"status":1,"created":"2026-04-08T10:22:33.358711Z","modified":"2026-04-08T10:22:33.358711Z","name":"删除角色","icon":null,"path":null,"type":2,"component":null,"pid":3,"identifier":"role:delete","api":"/api/system/role/{pk}","method":"DELETE"}]},{"id":4,"status":1,"created":"2026-04-08T08:37:44.993827Z","modified":"2026-04-08T08:37:44.993827Z","name":"菜单管理","icon":"MenuOutlined","path":"/main/system/menu","type":1,"component":"menu/menu","pid":1,"identifier":null,"api":"/api/system/menu","method":"GET","children":[{"id":121,"status":1,"created":"2026-04-08T10:22:33.358711Z","modified":"2026-04-08T10:22:33.358711Z","name":"新增菜单","icon":null,"path":null,"type":2,"component":null,"pid":4,"identifier":"menu:create","api":"/api/system/menu","method":"POST"},{"id":122,"status":1,"created":"2026-04-08T10:22:33.358711Z","modified":"2026-04-08T10:22:33.358711Z","name":"编辑菜单","icon":null,"path":null,"type":2,"component":null,"pid":4,"identifier":"menu:update","api":"/api/system/menu/{pk}","method":"PUT"},{"id":123,"status":1,"created":"2026-04-08T10:22:33.358711Z","modified":"2026-04-08T10:22:33.358711Z","name":"删除菜单","icon":null,"path":null,"type":2,"component":null,"pid":4,"identifier":"menu:delete","api":"/api/system/menu/{pk}","method":"DELETE"}]}]},{"id":10,"status":1,"created":"2026-04-08T08:37:44.993827Z","modified":"2026-04-08T08:37:44.993827Z","name":"审核中心","icon":"AuditOutlined","path":"/main/audit","type":0,"component":null,"pid":0,"identifier":null,"api":null,"method":null,"children":[{"id":11,"status":1,"created":"2026-04-08T08:37:44.993827Z","modified":"2026-04-08T08:37:44.993827Z","name":"规则库","icon":"DatabaseOutlined","path":"/main/audit/rules","type":1,"component":"audit/rules","pid":10,"identifier":null,"api":"/api/audit/rules","method":"GET"},{"id":12,"status":1,"created":"2026-04-08T08:37:44.993827Z","modified":"2026-04-08T08:37:44.993827Z","name":"规则检索","icon":"SearchOutlined","path":"/main/audit/search","type":1,"component":"audit/search","pid":10,"identifier":null,"api":"/api/audit/search","method":"POST"},{"id":13,"status":1,"created":"2026-04-08T08:37:44.993827Z","modified":"2026-04-08T08:37:44.993827Z","name":"合规判定","icon":"CheckCircleOutlined","path":"/main/audit/judge","type":1,"component":"audit/judge","pid":10,"identifier":null,"api":"/api/audit/judge","method":"POST"}]}],"msg":"请求成功"}
[2026-04-09 17:59:17,615] INFO 475c8bf4-669c-4d7b-8a28-034f1a9a3cd9 Request Log Address(host='127.0.0.1', port=56439) GET http://localhost:8000/api/system/role?offset=1&limit=5 Headers({'accept-language': 'en-US,en;q=0.9,zh-CN;q=0.8,zh;q=0.7', 'accept-encoding': 'gzip, deflate, br, zstd', 'referer': 'http://localhost:5173/main/system/role', 'sec-fetch-dest': 'empty', 'sec-fetch-mode': 'cors', 'sec-fetch-site': 'same-origin', 'sec-ch-ua-mobile': '?0', 'sec-ch-ua': '"Chromium";v="146", "Not-A.Brand";v="24", "Google Chrome";v="146"', 'accept': 'application/json, text/plain, */*', 'user-agent': 'Mozilla/5.0 (Macintosh; Intel Mac OS X 10_15_7) AppleWebKit/537.36 (KHTML, like Gecko) Chrome/146.0.0.0 Safari/537.36', 'authorization': 'Bearer eyJhbGciOiJIUzI1NiIsInR5cCI6IkpXVCJ9.eyJzdWIiOiJzdXBlcl9hZG1pbiIsImV4cCI6MTc3NjMzMzM3Mn0.Vjr5xURHI-xT1b985xgj0DQaZBbOOmUqLQNlasWPA3M', 'sec-ch-ua-platform': '"macOS"', 'connection': 'close', 'host': 'localhost:8000'})
 b''
[2026-04-09 17:59:17,627] INFO 475c8bf4-669c-4d7b-8a28-034f1a9a3cd9 Response Log 0.011375904083251953s MutableHeaders({'content-length': '792', 'content-type': 'application/json', 'x-response-time': '0.011375904083251953'})
 {"code":200,"data":{"total":4,"items":[{"id":5,"status":1,"created":"2026-04-09T09:34:15.218717Z","modified":"2026-04-09T09:34:15.218724Z","name":"auditor","remark":"审核员","user_count":1,"users":["auditor_01"]},{"id":4,"status":1,"created":"2026-04-08T09:06:09.299353Z","modified":"2026-04-08T09:06:09.299353Z","name":"viewer","remark":"查看员","user_count":1,"users":["viewer_01"]},{"id":2,"status":1,"created":"2026-04-08T09:06:09.299353Z","modified":"2026-04-08T09:27:14.388720Z","name":"system_admin","remark":"系统管理员","user_count":1,"users":["system_admin"]},{"id":1,"status":1,"created":"2026-04-08T08:37:44.993827Z","modified":"2026-04-08T09:23:42.398415Z","name":"super_admin","remark":"超级管理员","user_count":1,"users":["super_admin"]}]},"msg":"请求成功"}
[2026-04-09 17:59:22,103] INFO 150fa697-2493-4238-8f8b-b2b2e67941d6 Request Log Address(host='127.0.0.1', port=56459) GET http://localhost:8000/api/system/user?offset=1&limit=5 Headers({'accept-language': 'en-US,en;q=0.9,zh-CN;q=0.8,zh;q=0.7', 'accept-encoding': 'gzip, deflate, br, zstd', 'referer': 'http://localhost:5173/main/system/user', 'sec-fetch-dest': 'empty', 'sec-fetch-mode': 'cors', 'sec-fetch-site': 'same-origin', 'sec-ch-ua-mobile': '?0', 'sec-ch-ua': '"Chromium";v="146", "Not-A.Brand";v="24", "Google Chrome";v="146"', 'accept': 'application/json, text/plain, */*', 'user-agent': 'Mozilla/5.0 (Macintosh; Intel Mac OS X 10_15_7) AppleWebKit/537.36 (KHTML, like Gecko) Chrome/146.0.0.0 Safari/537.36', 'authorization': 'Bearer eyJhbGciOiJIUzI1NiIsInR5cCI6IkpXVCJ9.eyJzdWIiOiJzdXBlcl9hZG1pbiIsImV4cCI6MTc3NjMzMzM3Mn0.Vjr5xURHI-xT1b985xgj0DQaZBbOOmUqLQNlasWPA3M', 'sec-ch-ua-platform': '"macOS"', 'connection': 'close', 'host': 'localhost:8000'})
 b''
[2026-04-09 17:59:22,108] INFO 150fa697-2493-4238-8f8b-b2b2e67941d6 Response Log 0.004572153091430664s MutableHeaders({'content-length': '670', 'content-type': 'application/json', 'x-response-time': '0.004572153091430664'})
 {"code":200,"data":{"total":4,"items":[{"id":4,"status":1,"created":"2026-04-08T09:39:23.606547Z","modified":"2026-04-08T09:39:23.606547Z","username":"viewer_01","nickname":"查看员1"},{"id":2,"status":1,"created":"2026-04-08T09:38:01.587305Z","modified":"2026-04-08T09:38:01.587305Z","username":"system_admin","nickname":"系统管理员"},{"id":3,"status":1,"created":"2026-04-08T09:38:01.587305Z","modified":"2026-04-08T09:38:01.587305Z","username":"auditor_01","nickname":"审核员1"},{"id":1,"status":1,"created":"2026-04-08T08:37:44.993827Z","modified":"2026-04-08T09:37:25.117382Z","username":"super_admin","nickname":"超级管理员"}]},"msg":"请求成功"}
[2026-04-09 17:59:23,477] INFO 610b6643-adf7-413f-a24a-39cbd380b8da Request Log Address(host='127.0.0.1', port=56473) GET http://localhost:8000/api/system/role?limit=100 Headers({'accept-language': 'en-US,en;q=0.9,zh-CN;q=0.8,zh;q=0.7', 'accept-encoding': 'gzip, deflate, br, zstd', 'referer': 'http://localhost:5173/main/system/user', 'sec-fetch-dest': 'empty', 'sec-fetch-mode': 'cors', 'sec-fetch-site': 'same-origin', 'sec-ch-ua-mobile': '?0', 'sec-ch-ua': '"Chromium";v="146", "Not-A.Brand";v="24", "Google Chrome";v="146"', 'accept': 'application/json, text/plain, */*', 'user-agent': 'Mozilla/5.0 (Macintosh; Intel Mac OS X 10_15_7) AppleWebKit/537.36 (KHTML, like Gecko) Chrome/146.0.0.0 Safari/537.36', 'authorization': 'Bearer eyJhbGciOiJIUzI1NiIsInR5cCI6IkpXVCJ9.eyJzdWIiOiJzdXBlcl9hZG1pbiIsImV4cCI6MTc3NjMzMzM3Mn0.Vjr5xURHI-xT1b985xgj0DQaZBbOOmUqLQNlasWPA3M', 'sec-ch-ua-platform': '"macOS"', 'connection': 'close', 'host': 'localhost:8000'})
 b''
[2026-04-09 17:59:23,481] INFO 610b6643-adf7-413f-a24a-39cbd380b8da Response Log 0.003927946090698242s MutableHeaders({'content-length': '792', 'content-type': 'application/json', 'x-response-time': '0.003927946090698242'})
 {"code":200,"data":{"total":4,"items":[{"id":5,"status":1,"created":"2026-04-09T09:34:15.218717Z","modified":"2026-04-09T09:34:15.218724Z","name":"auditor","remark":"审核员","user_count":1,"users":["auditor_01"]},{"id":4,"status":1,"created":"2026-04-08T09:06:09.299353Z","modified":"2026-04-08T09:06:09.299353Z","name":"viewer","remark":"查看员","user_count":1,"users":["viewer_01"]},{"id":2,"status":1,"created":"2026-04-08T09:06:09.299353Z","modified":"2026-04-08T09:27:14.388720Z","name":"system_admin","remark":"系统管理员","user_count":1,"users":["system_admin"]},{"id":1,"status":1,"created":"2026-04-08T08:37:44.993827Z","modified":"2026-04-08T09:23:42.398415Z","name":"super_admin","remark":"超级管理员","user_count":1,"users":["super_admin"]}]},"msg":"请求成功"}
[2026-04-09 17:59:46,704] INFO 5ef1546d-ab84-471e-96da-05cd89bf6f18 Request Log Address(host='127.0.0.1', port=56553) POST http://localhost:8000/api/system/user Headers({'accept-language': 'en-US,en;q=0.9,zh-CN;q=0.8,zh;q=0.7', 'accept-encoding': 'gzip, deflate, br, zstd', 'referer': 'http://localhost:5173/main/system/user', 'sec-fetch-dest': 'empty', 'sec-fetch-mode': 'cors', 'sec-fetch-site': 'same-origin', 'origin': 'http://localhost:5173', 'sec-ch-ua-mobile': '?0', 'content-type': 'application/json', 'sec-ch-ua': '"Chromium";v="146", "Not-A.Brand";v="24", "Google Chrome";v="146"', 'accept': 'application/json, text/plain, */*', 'user-agent': 'Mozilla/5.0 (Macintosh; Intel Mac OS X 10_15_7) AppleWebKit/537.36 (KHTML, like Gecko) Chrome/146.0.0.0 Safari/537.36', 'authorization': 'Bearer eyJhbGciOiJIUzI1NiIsInR5cCI6IkpXVCJ9.eyJzdWIiOiJzdXBlcl9hZG1pbiIsImV4cCI6MTc3NjMzMzM3Mn0.Vjr5xURHI-xT1b985xgj0DQaZBbOOmUqLQNlasWPA3M', 'sec-ch-ua-platform': '"macOS"', 'content-length': '154', 'connection': 'close', 'host': 'localhost:8000'})
 b'{"username":"lihao","nickname":"\xe6\x9d\x8e\xe5\xa5\xbd","password":"123456","roles":[{"rid":5,"status":5},{"rid":4,"status":1},{"rid":2,"status":1},{"rid":1,"status":1}]}'
[2026-04-09 17:59:46,953] INFO 5ef1546d-ab84-471e-96da-05cd89bf6f18 Response Log 0.24825811386108398s MutableHeaders({'content-length': '180', 'content-type': 'application/json', 'x-response-time': '0.24825811386108398'})
 {"code":200,"data":{"id":5,"status":1,"created":"2026-04-09T09:59:46.951147Z","modified":"2026-04-09T09:59:46.951152Z","username":"lihao","nickname":"李好"},"msg":"请求成功"}
[2026-04-09 17:59:46,968] INFO d40a1edc-f615-4bf0-b5eb-8445fd2a8464 Request Log Address(host='127.0.0.1', port=56557) GET http://localhost:8000/api/system/user?offset=1&limit=5 Headers({'accept-language': 'en-US,en;q=0.9,zh-CN;q=0.8,zh;q=0.7', 'accept-encoding': 'gzip, deflate, br, zstd', 'referer': 'http://localhost:5173/main/system/user', 'sec-fetch-dest': 'empty', 'sec-fetch-mode': 'cors', 'sec-fetch-site': 'same-origin', 'sec-ch-ua-mobile': '?0', 'sec-ch-ua': '"Chromium";v="146", "Not-A.Brand";v="24", "Google Chrome";v="146"', 'accept': 'application/json, text/plain, */*', 'user-agent': 'Mozilla/5.0 (Macintosh; Intel Mac OS X 10_15_7) AppleWebKit/537.36 (KHTML, like Gecko) Chrome/146.0.0.0 Safari/537.36', 'authorization': 'Bearer eyJhbGciOiJIUzI1NiIsInR5cCI6IkpXVCJ9.eyJzdWIiOiJzdXBlcl9hZG1pbiIsImV4cCI6MTc3NjMzMzM3Mn0.Vjr5xURHI-xT1b985xgj0DQaZBbOOmUqLQNlasWPA3M', 'sec-ch-ua-platform': '"macOS"', 'connection': 'close', 'host': 'localhost:8000'})
 b''
[2026-04-09 17:59:46,972] INFO d40a1edc-f615-4bf0-b5eb-8445fd2a8464 Response Log 0.0034661293029785156s MutableHeaders({'content-length': '810', 'content-type': 'application/json', 'x-response-time': '0.0034661293029785156'})
 {"code":200,"data":{"total":5,"items":[{"id":5,"status":1,"created":"2026-04-09T09:59:46.951147Z","modified":"2026-04-09T09:59:46.951152Z","username":"lihao","nickname":"李好"},{"id":4,"status":1,"created":"2026-04-08T09:39:23.606547Z","modified":"2026-04-08T09:39:23.606547Z","username":"viewer_01","nickname":"查看员1"},{"id":2,"status":1,"created":"2026-04-08T09:38:01.587305Z","modified":"2026-04-08T09:38:01.587305Z","username":"system_admin","nickname":"系统管理员"},{"id":3,"status":1,"created":"2026-04-08T09:38:01.587305Z","modified":"2026-04-08T09:38:01.587305Z","username":"auditor_01","nickname":"审核员1"},{"id":1,"status":1,"created":"2026-04-08T08:37:44.993827Z","modified":"2026-04-08T09:37:25.117382Z","username":"super_admin","nickname":"超级管理员"}]},"msg":"请求成功"}
[2026-04-09 17:59:52,842] INFO 64ffef09-02da-4813-97cb-e2bd037e6ab2 Request Log Address(host='127.0.0.1', port=56593) GET http://localhost:8000/api/system/role?offset=1&limit=5 Headers({'accept-language': 'en-US,en;q=0.9,zh-CN;q=0.8,zh;q=0.7', 'accept-encoding': 'gzip, deflate, br, zstd', 'referer': 'http://localhost:5173/main/system/role', 'sec-fetch-dest': 'empty', 'sec-fetch-mode': 'cors', 'sec-fetch-site': 'same-origin', 'sec-ch-ua-mobile': '?0', 'sec-ch-ua': '"Chromium";v="146", "Not-A.Brand";v="24", "Google Chrome";v="146"', 'accept': 'application/json, text/plain, */*', 'user-agent': 'Mozilla/5.0 (Macintosh; Intel Mac OS X 10_15_7) AppleWebKit/537.36 (KHTML, like Gecko) Chrome/146.0.0.0 Safari/537.36', 'authorization': 'Bearer eyJhbGciOiJIUzI1NiIsInR5cCI6IkpXVCJ9.eyJzdWIiOiJzdXBlcl9hZG1pbiIsImV4cCI6MTc3NjMzMzM3Mn0.Vjr5xURHI-xT1b985xgj0DQaZBbOOmUqLQNlasWPA3M', 'sec-ch-ua-platform': '"macOS"', 'connection': 'close', 'host': 'localhost:8000'})
 b''
[2026-04-09 17:59:52,846] INFO 64ffef09-02da-4813-97cb-e2bd037e6ab2 Response Log 0.004042863845825195s MutableHeaders({'content-length': '824', 'content-type': 'application/json', 'x-response-time': '0.004042863845825195'})
 {"code":200,"data":{"total":4,"items":[{"id":5,"status":1,"created":"2026-04-09T09:34:15.218717Z","modified":"2026-04-09T09:34:15.218724Z","name":"auditor","remark":"审核员","user_count":2,"users":["auditor_01","lihao"]},{"id":4,"status":1,"created":"2026-04-08T09:06:09.299353Z","modified":"2026-04-08T09:06:09.299353Z","name":"viewer","remark":"查看员","user_count":2,"users":["viewer_01","lihao"]},{"id":2,"status":1,"created":"2026-04-08T09:06:09.299353Z","modified":"2026-04-08T09:27:14.388720Z","name":"system_admin","remark":"系统管理员","user_count":2,"users":["system_admin","lihao"]},{"id":1,"status":1,"created":"2026-04-08T08:37:44.993827Z","modified":"2026-04-08T09:23:42.398415Z","name":"super_admin","remark":"超级管理员","user_count":2,"users":["super_admin","lihao"]}]},"msg":"请求成功"}
[2026-04-09 17:59:57,624] INFO 9ac16f31-15d9-4937-aec3-3b064d1c8002 Request Log Address(host='127.0.0.1', port=56630) GET http://localhost:8000/api/system/user?offset=1&limit=5 Headers({'accept-language': 'en-US,en;q=0.9,zh-CN;q=0.8,zh;q=0.7', 'accept-encoding': 'gzip, deflate, br, zstd', 'referer': 'http://localhost:5173/main/system/user', 'sec-fetch-dest': 'empty', 'sec-fetch-mode': 'cors', 'sec-fetch-site': 'same-origin', 'sec-ch-ua-mobile': '?0', 'sec-ch-ua': '"Chromium";v="146", "Not-A.Brand";v="24", "Google Chrome";v="146"', 'accept': 'application/json, text/plain, */*', 'user-agent': 'Mozilla/5.0 (Macintosh; Intel Mac OS X 10_15_7) AppleWebKit/537.36 (KHTML, like Gecko) Chrome/146.0.0.0 Safari/537.36', 'authorization': 'Bearer eyJhbGciOiJIUzI1NiIsInR5cCI6IkpXVCJ9.eyJzdWIiOiJzdXBlcl9hZG1pbiIsImV4cCI6MTc3NjMzMzM3Mn0.Vjr5xURHI-xT1b985xgj0DQaZBbOOmUqLQNlasWPA3M', 'sec-ch-ua-platform': '"macOS"', 'connection': 'close', 'host': 'localhost:8000'})
 b''
[2026-04-09 17:59:57,630] INFO 9ac16f31-15d9-4937-aec3-3b064d1c8002 Response Log 0.0052947998046875s MutableHeaders({'content-length': '810', 'content-type': 'application/json', 'x-response-time': '0.0052947998046875'})
 {"code":200,"data":{"total":5,"items":[{"id":5,"status":1,"created":"2026-04-09T09:59:46.951147Z","modified":"2026-04-09T09:59:46.951152Z","username":"lihao","nickname":"李好"},{"id":4,"status":1,"created":"2026-04-08T09:39:23.606547Z","modified":"2026-04-08T09:39:23.606547Z","username":"viewer_01","nickname":"查看员1"},{"id":2,"status":1,"created":"2026-04-08T09:38:01.587305Z","modified":"2026-04-08T09:38:01.587305Z","username":"system_admin","nickname":"系统管理员"},{"id":3,"status":1,"created":"2026-04-08T09:38:01.587305Z","modified":"2026-04-08T09:38:01.587305Z","username":"auditor_01","nickname":"审核员1"},{"id":1,"status":1,"created":"2026-04-08T08:37:44.993827Z","modified":"2026-04-08T09:37:25.117382Z","username":"super_admin","nickname":"超级管理员"}]},"msg":"请求成功"}
[2026-04-09 17:59:58,644] INFO cd90b696-9246-4cdc-b552-e0156cac7385 Request Log Address(host='127.0.0.1', port=56641) GET http://localhost:8000/api/system/role?offset=1&limit=5 Headers({'accept-language': 'en-US,en;q=0.9,zh-CN;q=0.8,zh;q=0.7', 'accept-encoding': 'gzip, deflate, br, zstd', 'referer': 'http://localhost:5173/main/system/role', 'sec-fetch-dest': 'empty', 'sec-fetch-mode': 'cors', 'sec-fetch-site': 'same-origin', 'sec-ch-ua-mobile': '?0', 'sec-ch-ua': '"Chromium";v="146", "Not-A.Brand";v="24", "Google Chrome";v="146"', 'accept': 'application/json, text/plain, */*', 'user-agent': 'Mozilla/5.0 (Macintosh; Intel Mac OS X 10_15_7) AppleWebKit/537.36 (KHTML, like Gecko) Chrome/146.0.0.0 Safari/537.36', 'authorization': 'Bearer eyJhbGciOiJIUzI1NiIsInR5cCI6IkpXVCJ9.eyJzdWIiOiJzdXBlcl9hZG1pbiIsImV4cCI6MTc3NjMzMzM3Mn0.Vjr5xURHI-xT1b985xgj0DQaZBbOOmUqLQNlasWPA3M', 'sec-ch-ua-platform': '"macOS"', 'connection': 'close', 'host': 'localhost:8000'})
 b''
[2026-04-09 17:59:58,649] INFO cd90b696-9246-4cdc-b552-e0156cac7385 Response Log 0.004568815231323242s MutableHeaders({'content-length': '824', 'content-type': 'application/json', 'x-response-time': '0.004568815231323242'})
 {"code":200,"data":{"total":4,"items":[{"id":5,"status":1,"created":"2026-04-09T09:34:15.218717Z","modified":"2026-04-09T09:34:15.218724Z","name":"auditor","remark":"审核员","user_count":2,"users":["auditor_01","lihao"]},{"id":4,"status":1,"created":"2026-04-08T09:06:09.299353Z","modified":"2026-04-08T09:06:09.299353Z","name":"viewer","remark":"查看员","user_count":2,"users":["viewer_01","lihao"]},{"id":2,"status":1,"created":"2026-04-08T09:06:09.299353Z","modified":"2026-04-08T09:27:14.388720Z","name":"system_admin","remark":"系统管理员","user_count":2,"users":["system_admin","lihao"]},{"id":1,"status":1,"created":"2026-04-08T08:37:44.993827Z","modified":"2026-04-08T09:23:42.398415Z","name":"super_admin","remark":"超级管理员","user_count":2,"users":["super_admin","lihao"]}]},"msg":"请求成功"}
[2026-04-09 17:59:59,381] INFO 2919e04c-c2db-423c-9b38-2240fcd2ae42 Request Log Address(host='127.0.0.1', port=56647) GET http://localhost:8000/api/system/user?offset=1&limit=5 Headers({'accept-language': 'en-US,en;q=0.9,zh-CN;q=0.8,zh;q=0.7', 'accept-encoding': 'gzip, deflate, br, zstd', 'referer': 'http://localhost:5173/main/system/user', 'sec-fetch-dest': 'empty', 'sec-fetch-mode': 'cors', 'sec-fetch-site': 'same-origin', 'sec-ch-ua-mobile': '?0', 'sec-ch-ua': '"Chromium";v="146", "Not-A.Brand";v="24", "Google Chrome";v="146"', 'accept': 'application/json, text/plain, */*', 'user-agent': 'Mozilla/5.0 (Macintosh; Intel Mac OS X 10_15_7) AppleWebKit/537.36 (KHTML, like Gecko) Chrome/146.0.0.0 Safari/537.36', 'authorization': 'Bearer eyJhbGciOiJIUzI1NiIsInR5cCI6IkpXVCJ9.eyJzdWIiOiJzdXBlcl9hZG1pbiIsImV4cCI6MTc3NjMzMzM3Mn0.Vjr5xURHI-xT1b985xgj0DQaZBbOOmUqLQNlasWPA3M', 'sec-ch-ua-platform': '"macOS"', 'connection': 'close', 'host': 'localhost:8000'})
 b''
[2026-04-09 17:59:59,388] INFO 2919e04c-c2db-423c-9b38-2240fcd2ae42 Response Log 0.007245779037475586s MutableHeaders({'content-length': '810', 'content-type': 'application/json', 'x-response-time': '0.007245779037475586'})
 {"code":200,"data":{"total":5,"items":[{"id":5,"status":1,"created":"2026-04-09T09:59:46.951147Z","modified":"2026-04-09T09:59:46.951152Z","username":"lihao","nickname":"李好"},{"id":4,"status":1,"created":"2026-04-08T09:39:23.606547Z","modified":"2026-04-08T09:39:23.606547Z","username":"viewer_01","nickname":"查看员1"},{"id":2,"status":1,"created":"2026-04-08T09:38:01.587305Z","modified":"2026-04-08T09:38:01.587305Z","username":"system_admin","nickname":"系统管理员"},{"id":3,"status":1,"created":"2026-04-08T09:38:01.587305Z","modified":"2026-04-08T09:38:01.587305Z","username":"auditor_01","nickname":"审核员1"},{"id":1,"status":1,"created":"2026-04-08T08:37:44.993827Z","modified":"2026-04-08T09:37:25.117382Z","username":"super_admin","nickname":"超级管理员"}]},"msg":"请求成功"}
[2026-04-09 18:00:07,092] INFO 08800170-2986-4583-b3e9-7e54ab1a80a1 Request Log Address(host='127.0.0.1', port=56690) POST http://localhost:8000/api/system/login Headers({'accept-language': 'en-US,en;q=0.9,zh-CN;q=0.8,zh;q=0.7', 'accept-encoding': 'gzip, deflate, br, zstd', 'referer': 'http://localhost:5173/login', 'sec-fetch-dest': 'empty', 'sec-fetch-mode': 'cors', 'sec-fetch-site': 'same-origin', 'origin': 'http://localhost:5173', 'sec-ch-ua-mobile': '?0', 'content-type': 'application/json', 'sec-ch-ua': '"Chromium";v="146", "Not-A.Brand";v="24", "Google Chrome";v="146"', 'accept': 'application/json, text/plain, */*', 'user-agent': 'Mozilla/5.0 (Macintosh; Intel Mac OS X 10_15_7) AppleWebKit/537.36 (KHTML, like Gecko) Chrome/146.0.0.0 Safari/537.36', 'authorization': 'Bearer', 'sec-ch-ua-platform': '"macOS"', 'content-length': '40', 'connection': 'close', 'host': 'localhost:8000'})
 b'{"username":"lihao","password":"123456"}'
[2026-04-09 18:00:07,330] INFO 08800170-2986-4583-b3e9-7e54ab1a80a1 Response Log 0.23714590072631836s MutableHeaders({'content-length': '206', 'content-type': 'application/json', 'x-response-time': '0.23714590072631836'})
 {"code":200,"data":{"id":5,"token":"eyJhbGciOiJIUzI1NiIsInR5cCI6IkpXVCJ9.eyJzdWIiOiJsaWhhbyIsImV4cCI6MTc3NjMzMzYwN30.eBE_QizMwZ0QiTe0cU1SA6y2x2v2IzZTYCoLPprkHuw","token_type":"Bearer"},"msg":"请求成功"}
[2026-04-09 18:00:07,336] INFO 8e4a0f6d-b2cd-49ba-a891-18b65c34e2ea Request Log Address(host='127.0.0.1', port=56693) GET http://localhost:8000/api/system/user/5 Headers({'accept-language': 'en-US,en;q=0.9,zh-CN;q=0.8,zh;q=0.7', 'accept-encoding': 'gzip, deflate, br, zstd', 'referer': 'http://localhost:5173/login', 'sec-fetch-dest': 'empty', 'sec-fetch-mode': 'cors', 'sec-fetch-site': 'same-origin', 'sec-ch-ua-mobile': '?0', 'sec-ch-ua': '"Chromium";v="146", "Not-A.Brand";v="24", "Google Chrome";v="146"', 'accept': 'application/json, text/plain, */*', 'user-agent': 'Mozilla/5.0 (Macintosh; Intel Mac OS X 10_15_7) AppleWebKit/537.36 (KHTML, like Gecko) Chrome/146.0.0.0 Safari/537.36', 'authorization': 'Bearer eyJhbGciOiJIUzI1NiIsInR5cCI6IkpXVCJ9.eyJzdWIiOiJsaWhhbyIsImV4cCI6MTc3NjMzMzYwN30.eBE_QizMwZ0QiTe0cU1SA6y2x2v2IzZTYCoLPprkHuw', 'sec-ch-ua-platform': '"macOS"', 'connection': 'close', 'host': 'localhost:8000'})
 b''
[2026-04-09 18:00:07,338] INFO 8e4a0f6d-b2cd-49ba-a891-18b65c34e2ea Response Log 0.001821279525756836s MutableHeaders({'content-length': '346', 'content-type': 'application/json', 'x-response-time': '0.001821279525756836'})
 {"code":200,"data":{"id":5,"status":1,"created":"2026-04-09T09:59:46.951147Z","modified":"2026-04-09T09:59:46.951152Z","username":"lihao","nickname":"李好","roles":[{"id":5,"name":"auditor","status":5},{"id":4,"name":"viewer","status":1},{"id":1,"name":"super_admin","status":1},{"id":2,"name":"system_admin","status":1}]},"msg":"请求成功"}
[2026-04-09 18:00:07,342] INFO 40be474c-cfb2-4eb4-9a99-95bb15322b1f Request Log Address(host='127.0.0.1', port=56696) GET http://localhost:8000/api/system/role/5/menu Headers({'accept-language': 'en-US,en;q=0.9,zh-CN;q=0.8,zh;q=0.7', 'accept-encoding': 'gzip, deflate, br, zstd', 'referer': 'http://localhost:5173/login', 'sec-fetch-dest': 'empty', 'sec-fetch-mode': 'cors', 'sec-fetch-site': 'same-origin', 'sec-ch-ua-mobile': '?0', 'sec-ch-ua': '"Chromium";v="146", "Not-A.Brand";v="24", "Google Chrome";v="146"', 'accept': 'application/json, text/plain, */*', 'user-agent': 'Mozilla/5.0 (Macintosh; Intel Mac OS X 10_15_7) AppleWebKit/537.36 (KHTML, like Gecko) Chrome/146.0.0.0 Safari/537.36', 'authorization': 'Bearer eyJhbGciOiJIUzI1NiIsInR5cCI6IkpXVCJ9.eyJzdWIiOiJsaWhhbyIsImV4cCI6MTc3NjMzMzYwN30.eBE_QizMwZ0QiTe0cU1SA6y2x2v2IzZTYCoLPprkHuw', 'sec-ch-ua-platform': '"macOS"', 'connection': 'close', 'host': 'localhost:8000'})
 b''
[2026-04-09 18:00:07,343] INFO 40be474c-cfb2-4eb4-9a99-95bb15322b1f Response Log 0.0017218589782714844s MutableHeaders({'content-length': '772', 'content-type': 'application/json', 'x-response-time': '0.0017218589782714844'})
 {"code":200,"data":[{"id":10,"name":"审核中心","icon":"AuditOutlined","path":"/main/audit","type":0,"component":null,"pid":0,"identifier":null,"api":null,"method":null,"children":[{"id":11,"name":"规则库","icon":"DatabaseOutlined","path":"/main/audit/rules","type":1,"component":"audit/rules","pid":10,"identifier":null,"api":"/api/audit/rules","method":"GET"},{"id":12,"name":"规则检索","icon":"SearchOutlined","path":"/main/audit/search","type":1,"component":"audit/search","pid":10,"identifier":null,"api":"/api/audit/search","method":"POST"},{"id":13,"name":"合规判定","icon":"CheckCircleOutlined","path":"/main/audit/judge","type":1,"component":"audit/judge","pid":10,"identifier":null,"api":"/api/audit/judge","method":"POST"}]}],"msg":"请求成功"}
[2026-04-09 18:00:26,753] INFO a0e3f302-c1a8-44f7-b94a-67edca8f45c9 Request Log Address(host='127.0.0.1', port=56761) PUT http://localhost:8000/api/system/user/role/4 Headers({'accept-language': 'en-US,en;q=0.9,zh-CN;q=0.8,zh;q=0.7', 'accept-encoding': 'gzip, deflate, br, zstd', 'referer': 'http://localhost:5173/main/audit/search', 'sec-fetch-dest': 'empty', 'sec-fetch-mode': 'cors', 'sec-fetch-site': 'same-origin', 'origin': 'http://localhost:5173', 'sec-ch-ua-mobile': '?0', 'sec-ch-ua': '"Chromium";v="146", "Not-A.Brand";v="24", "Google Chrome";v="146"', 'accept': 'application/json, text/plain, */*', 'user-agent': 'Mozilla/5.0 (Macintosh; Intel Mac OS X 10_15_7) AppleWebKit/537.36 (KHTML, like Gecko) Chrome/146.0.0.0 Safari/537.36', 'authorization': 'Bearer eyJhbGciOiJIUzI1NiIsInR5cCI6IkpXVCJ9.eyJzdWIiOiJsaWhhbyIsImV4cCI6MTc3NjMzMzYwN30.eBE_QizMwZ0QiTe0cU1SA6y2x2v2IzZTYCoLPprkHuw', 'sec-ch-ua-platform': '"macOS"', 'content-length': '0', 'connection': 'close', 'host': 'localhost:8000'})
 b''
[2026-04-09 18:00:26,760] INFO a0e3f302-c1a8-44f7-b94a-67edca8f45c9 Response Log 0.006619930267333984s MutableHeaders({'content-length': '45', 'content-type': 'application/json', 'x-response-time': '0.006619930267333984'})
 {"code":200,"data":null,"msg":"请求成功"}
[2026-04-09 18:00:26,763] INFO 2b13837c-206c-4e78-8432-f993b831387c Request Log Address(host='127.0.0.1', port=56764) GET http://localhost:8000/api/system/user/5 Headers({'accept-language': 'en-US,en;q=0.9,zh-CN;q=0.8,zh;q=0.7', 'accept-encoding': 'gzip, deflate, br, zstd', 'referer': 'http://localhost:5173/main/audit/search', 'sec-fetch-dest': 'empty', 'sec-fetch-mode': 'cors', 'sec-fetch-site': 'same-origin', 'sec-ch-ua-mobile': '?0', 'sec-ch-ua': '"Chromium";v="146", "Not-A.Brand";v="24", "Google Chrome";v="146"', 'accept': 'application/json, text/plain, */*', 'user-agent': 'Mozilla/5.0 (Macintosh; Intel Mac OS X 10_15_7) AppleWebKit/537.36 (KHTML, like Gecko) Chrome/146.0.0.0 Safari/537.36', 'authorization': 'Bearer eyJhbGciOiJIUzI1NiIsInR5cCI6IkpXVCJ9.eyJzdWIiOiJsaWhhbyIsImV4cCI6MTc3NjMzMzYwN30.eBE_QizMwZ0QiTe0cU1SA6y2x2v2IzZTYCoLPprkHuw', 'sec-ch-ua-platform': '"macOS"', 'connection': 'close', 'host': 'localhost:8000'})
 b''
[2026-04-09 18:00:26,764] INFO 2b13837c-206c-4e78-8432-f993b831387c Response Log 0.0010879039764404297s MutableHeaders({'content-length': '346', 'content-type': 'application/json', 'x-response-time': '0.0010879039764404297'})
 {"code":200,"data":{"id":5,"status":1,"created":"2026-04-09T09:59:46.951147Z","modified":"2026-04-09T09:59:46.951152Z","username":"lihao","nickname":"李好","roles":[{"id":4,"name":"viewer","status":5},{"id":1,"name":"super_admin","status":1},{"id":2,"name":"system_admin","status":1},{"id":5,"name":"auditor","status":1}]},"msg":"请求成功"}
[2026-04-09 18:00:26,771] INFO 513c8ef6-b981-4a1e-a61a-dd3806e79575 Request Log Address(host='127.0.0.1', port=56767) GET http://localhost:8000/api/system/role/4/menu Headers({'accept-language': 'en-US,en;q=0.9,zh-CN;q=0.8,zh;q=0.7', 'accept-encoding': 'gzip, deflate, br, zstd', 'referer': 'http://localhost:5173/main/audit/search', 'sec-fetch-dest': 'empty', 'sec-fetch-mode': 'cors', 'sec-fetch-site': 'same-origin', 'sec-ch-ua-mobile': '?0', 'sec-ch-ua': '"Chromium";v="146", "Not-A.Brand";v="24", "Google Chrome";v="146"', 'accept': 'application/json, text/plain, */*', 'user-agent': 'Mozilla/5.0 (Macintosh; Intel Mac OS X 10_15_7) AppleWebKit/537.36 (KHTML, like Gecko) Chrome/146.0.0.0 Safari/537.36', 'authorization': 'Bearer eyJhbGciOiJIUzI1NiIsInR5cCI6IkpXVCJ9.eyJzdWIiOiJsaWhhbyIsImV4cCI6MTc3NjMzMzYwN30.eBE_QizMwZ0QiTe0cU1SA6y2x2v2IzZTYCoLPprkHuw', 'sec-ch-ua-platform': '"macOS"', 'connection': 'close', 'host': 'localhost:8000'})
 b''
[2026-04-09 18:00:26,773] INFO 513c8ef6-b981-4a1e-a61a-dd3806e79575 Response Log 0.0019741058349609375s MutableHeaders({'content-length': '581', 'content-type': 'application/json', 'x-response-time': '0.0019741058349609375'})
 {"code":200,"data":[{"id":10,"name":"审核中心","icon":"AuditOutlined","path":"/main/audit","type":0,"component":null,"pid":0,"identifier":null,"api":null,"method":null,"children":[{"id":11,"name":"规则库","icon":"DatabaseOutlined","path":"/main/audit/rules","type":1,"component":"audit/rules","pid":10,"identifier":null,"api":"/api/audit/rules","method":"GET"},{"id":12,"name":"规则检索","icon":"SearchOutlined","path":"/main/audit/search","type":1,"component":"audit/search","pid":10,"identifier":null,"api":"/api/audit/search","method":"POST"}]}],"msg":"请求成功"}
[2026-04-09 18:00:34,522] INFO 2bd35903-000f-49cd-b1f6-9a2cf344b1eb Request Log Address(host='127.0.0.1', port=56797) PUT http://localhost:8000/api/system/user/role/2 Headers({'accept-language': 'en-US,en;q=0.9,zh-CN;q=0.8,zh;q=0.7', 'accept-encoding': 'gzip, deflate, br, zstd', 'referer': 'http://localhost:5173/main/audit/rules', 'sec-fetch-dest': 'empty', 'sec-fetch-mode': 'cors', 'sec-fetch-site': 'same-origin', 'origin': 'http://localhost:5173', 'sec-ch-ua-mobile': '?0', 'sec-ch-ua': '"Chromium";v="146", "Not-A.Brand";v="24", "Google Chrome";v="146"', 'accept': 'application/json, text/plain, */*', 'user-agent': 'Mozilla/5.0 (Macintosh; Intel Mac OS X 10_15_7) AppleWebKit/537.36 (KHTML, like Gecko) Chrome/146.0.0.0 Safari/537.36', 'authorization': 'Bearer eyJhbGciOiJIUzI1NiIsInR5cCI6IkpXVCJ9.eyJzdWIiOiJsaWhhbyIsImV4cCI6MTc3NjMzMzYwN30.eBE_QizMwZ0QiTe0cU1SA6y2x2v2IzZTYCoLPprkHuw', 'sec-ch-ua-platform': '"macOS"', 'content-length': '0', 'connection': 'close', 'host': 'localhost:8000'})
 b''
[2026-04-09 18:00:34,525] INFO 2bd35903-000f-49cd-b1f6-9a2cf344b1eb Response Log 0.002914905548095703s MutableHeaders({'content-length': '45', 'content-type': 'application/json', 'x-response-time': '0.002914905548095703'})
 {"code":200,"data":null,"msg":"请求成功"}
[2026-04-09 18:00:34,529] INFO df1dc480-c324-4d06-8aa4-9f19e2e5dec0 Request Log Address(host='127.0.0.1', port=56800) GET http://localhost:8000/api/system/user/5 Headers({'accept-language': 'en-US,en;q=0.9,zh-CN;q=0.8,zh;q=0.7', 'accept-encoding': 'gzip, deflate, br, zstd', 'referer': 'http://localhost:5173/main/audit/rules', 'sec-fetch-dest': 'empty', 'sec-fetch-mode': 'cors', 'sec-fetch-site': 'same-origin', 'sec-ch-ua-mobile': '?0', 'sec-ch-ua': '"Chromium";v="146", "Not-A.Brand";v="24", "Google Chrome";v="146"', 'accept': 'application/json, text/plain, */*', 'user-agent': 'Mozilla/5.0 (Macintosh; Intel Mac OS X 10_15_7) AppleWebKit/537.36 (KHTML, like Gecko) Chrome/146.0.0.0 Safari/537.36', 'authorization': 'Bearer eyJhbGciOiJIUzI1NiIsInR5cCI6IkpXVCJ9.eyJzdWIiOiJsaWhhbyIsImV4cCI6MTc3NjMzMzYwN30.eBE_QizMwZ0QiTe0cU1SA6y2x2v2IzZTYCoLPprkHuw', 'sec-ch-ua-platform': '"macOS"', 'connection': 'close', 'host': 'localhost:8000'})
 b''
[2026-04-09 18:00:34,530] INFO df1dc480-c324-4d06-8aa4-9f19e2e5dec0 Response Log 0.0009937286376953125s MutableHeaders({'content-length': '346', 'content-type': 'application/json', 'x-response-time': '0.0009937286376953125'})
 {"code":200,"data":{"id":5,"status":1,"created":"2026-04-09T09:59:46.951147Z","modified":"2026-04-09T09:59:46.951152Z","username":"lihao","nickname":"李好","roles":[{"id":2,"name":"system_admin","status":5},{"id":4,"name":"viewer","status":1},{"id":1,"name":"super_admin","status":1},{"id":5,"name":"auditor","status":1}]},"msg":"请求成功"}
[2026-04-09 18:00:34,537] INFO f1244fb9-8c41-4de5-83d4-b6dad93df740 Request Log Address(host='127.0.0.1', port=56803) GET http://localhost:8000/api/system/role/2/menu Headers({'accept-language': 'en-US,en;q=0.9,zh-CN;q=0.8,zh;q=0.7', 'accept-encoding': 'gzip, deflate, br, zstd', 'referer': 'http://localhost:5173/main/audit/rules', 'sec-fetch-dest': 'empty', 'sec-fetch-mode': 'cors', 'sec-fetch-site': 'same-origin', 'sec-ch-ua-mobile': '?0', 'sec-ch-ua': '"Chromium";v="146", "Not-A.Brand";v="24", "Google Chrome";v="146"', 'accept': 'application/json, text/plain, */*', 'user-agent': 'Mozilla/5.0 (Macintosh; Intel Mac OS X 10_15_7) AppleWebKit/537.36 (KHTML, like Gecko) Chrome/146.0.0.0 Safari/537.36', 'authorization': 'Bearer eyJhbGciOiJIUzI1NiIsInR5cCI6IkpXVCJ9.eyJzdWIiOiJsaWhhbyIsImV4cCI6MTc3NjMzMzYwN30.eBE_QizMwZ0QiTe0cU1SA6y2x2v2IzZTYCoLPprkHuw', 'sec-ch-ua-platform': '"macOS"', 'connection': 'close', 'host': 'localhost:8000'})
 b''
[2026-04-09 18:00:34,539] INFO f1244fb9-8c41-4de5-83d4-b6dad93df740 Response Log 0.0019228458404541016s MutableHeaders({'content-length': '747', 'content-type': 'application/json', 'x-response-time': '0.0019228458404541016'})
 {"code":200,"data":[{"id":1,"name":"系统管理","icon":"SettingOutlined","path":"/main/system","type":0,"component":null,"pid":0,"identifier":null,"api":null,"method":null,"children":[{"id":2,"name":"用户管理","icon":"UserOutlined","path":"/main/system/user","type":1,"component":"user/user","pid":1,"identifier":null,"api":"/api/system/user","method":"GET"},{"id":3,"name":"角色管理","icon":"TeamOutlined","path":"/main/system/role","type":1,"component":"role/role","pid":1,"identifier":null,"api":"/api/system/role","method":"GET"},{"id":4,"name":"菜单管理","icon":"MenuOutlined","path":"/main/system/menu","type":1,"component":"menu/menu","pid":1,"identifier":null,"api":"/api/system/menu","method":"GET"}]}],"msg":"请求成功"}
[2026-04-09 18:00:34,560] INFO de01fd46-c304-4205-97fd-bb89e378fa26 Request Log Address(host='127.0.0.1', port=56808) GET http://localhost:8000/api/system/user?offset=1&limit=5 Headers({'accept-language': 'en-US,en;q=0.9,zh-CN;q=0.8,zh;q=0.7', 'accept-encoding': 'gzip, deflate, br, zstd', 'referer': 'http://localhost:5173/main/system/user', 'sec-fetch-dest': 'empty', 'sec-fetch-mode': 'cors', 'sec-fetch-site': 'same-origin', 'sec-ch-ua-mobile': '?0', 'sec-ch-ua': '"Chromium";v="146", "Not-A.Brand";v="24", "Google Chrome";v="146"', 'accept': 'application/json, text/plain, */*', 'user-agent': 'Mozilla/5.0 (Macintosh; Intel Mac OS X 10_15_7) AppleWebKit/537.36 (KHTML, like Gecko) Chrome/146.0.0.0 Safari/537.36', 'authorization': 'Bearer eyJhbGciOiJIUzI1NiIsInR5cCI6IkpXVCJ9.eyJzdWIiOiJsaWhhbyIsImV4cCI6MTc3NjMzMzYwN30.eBE_QizMwZ0QiTe0cU1SA6y2x2v2IzZTYCoLPprkHuw', 'sec-ch-ua-platform': '"macOS"', 'connection': 'close', 'host': 'localhost:8000'})
 b''
[2026-04-09 18:00:34,580] INFO de01fd46-c304-4205-97fd-bb89e378fa26 Response Log 0.01982712745666504s MutableHeaders({'content-length': '810', 'content-type': 'application/json', 'x-response-time': '0.01982712745666504'})
 {"code":200,"data":{"total":5,"items":[{"id":5,"status":1,"created":"2026-04-09T09:59:46.951147Z","modified":"2026-04-09T09:59:46.951152Z","username":"lihao","nickname":"李好"},{"id":4,"status":1,"created":"2026-04-08T09:39:23.606547Z","modified":"2026-04-08T09:39:23.606547Z","username":"viewer_01","nickname":"查看员1"},{"id":2,"status":1,"created":"2026-04-08T09:38:01.587305Z","modified":"2026-04-08T09:38:01.587305Z","username":"system_admin","nickname":"系统管理员"},{"id":3,"status":1,"created":"2026-04-08T09:38:01.587305Z","modified":"2026-04-08T09:38:01.587305Z","username":"auditor_01","nickname":"审核员1"},{"id":1,"status":1,"created":"2026-04-08T08:37:44.993827Z","modified":"2026-04-08T09:37:25.117382Z","username":"super_admin","nickname":"超级管理员"}]},"msg":"请求成功"}
[2026-04-09 18:00:37,870] INFO df53a33d-80ac-4161-a744-09ff1e49bd03 Request Log Address(host='127.0.0.1', port=56839) GET http://localhost:8000/api/system/role?offset=1&limit=5 Headers({'accept-language': 'en-US,en;q=0.9,zh-CN;q=0.8,zh;q=0.7', 'accept-encoding': 'gzip, deflate, br, zstd', 'referer': 'http://localhost:5173/main/system/role', 'sec-fetch-dest': 'empty', 'sec-fetch-mode': 'cors', 'sec-fetch-site': 'same-origin', 'sec-ch-ua-mobile': '?0', 'sec-ch-ua': '"Chromium";v="146", "Not-A.Brand";v="24", "Google Chrome";v="146"', 'accept': 'application/json, text/plain, */*', 'user-agent': 'Mozilla/5.0 (Macintosh; Intel Mac OS X 10_15_7) AppleWebKit/537.36 (KHTML, like Gecko) Chrome/146.0.0.0 Safari/537.36', 'authorization': 'Bearer eyJhbGciOiJIUzI1NiIsInR5cCI6IkpXVCJ9.eyJzdWIiOiJsaWhhbyIsImV4cCI6MTc3NjMzMzYwN30.eBE_QizMwZ0QiTe0cU1SA6y2x2v2IzZTYCoLPprkHuw', 'sec-ch-ua-platform': '"macOS"', 'connection': 'close', 'host': 'localhost:8000'})
 b''
[2026-04-09 18:00:37,880] INFO df53a33d-80ac-4161-a744-09ff1e49bd03 Response Log 0.009428977966308594s MutableHeaders({'content-length': '824', 'content-type': 'application/json', 'x-response-time': '0.009428977966308594'})
 {"code":200,"data":{"total":4,"items":[{"id":5,"status":1,"created":"2026-04-09T09:34:15.218717Z","modified":"2026-04-09T09:34:15.218724Z","name":"auditor","remark":"审核员","user_count":2,"users":["auditor_01","lihao"]},{"id":4,"status":1,"created":"2026-04-08T09:06:09.299353Z","modified":"2026-04-08T09:06:09.299353Z","name":"viewer","remark":"查看员","user_count":2,"users":["viewer_01","lihao"]},{"id":2,"status":1,"created":"2026-04-08T09:06:09.299353Z","modified":"2026-04-08T09:27:14.388720Z","name":"system_admin","remark":"系统管理员","user_count":2,"users":["system_admin","lihao"]},{"id":1,"status":1,"created":"2026-04-08T08:37:44.993827Z","modified":"2026-04-08T09:23:42.398415Z","name":"super_admin","remark":"超级管理员","user_count":2,"users":["super_admin","lihao"]}]},"msg":"请求成功"}
[2026-04-09 18:00:43,924] INFO d0530492-4a31-428a-8171-fbc00a775bf8 Request Log Address(host='127.0.0.1', port=56854) POST http://localhost:8000/api/system/login Headers({'accept-language': 'en-US,en;q=0.9,zh-CN;q=0.8,zh;q=0.7', 'accept-encoding': 'gzip, deflate, br, zstd', 'referer': 'http://localhost:5173/login', 'sec-fetch-dest': 'empty', 'sec-fetch-mode': 'cors', 'sec-fetch-site': 'same-origin', 'origin': 'http://localhost:5173', 'sec-ch-ua-mobile': '?0', 'content-type': 'application/json', 'sec-ch-ua': '"Chromium";v="146", "Not-A.Brand";v="24", "Google Chrome";v="146"', 'accept': 'application/json, text/plain, */*', 'user-agent': 'Mozilla/5.0 (Macintosh; Intel Mac OS X 10_15_7) AppleWebKit/537.36 (KHTML, like Gecko) Chrome/146.0.0.0 Safari/537.36', 'authorization': 'Bearer', 'sec-ch-ua-platform': '"macOS"', 'content-length': '40', 'connection': 'close', 'host': 'localhost:8000'})
 b'{"username":"lihao","password":"123456"}'
[2026-04-09 18:00:44,163] INFO d0530492-4a31-428a-8171-fbc00a775bf8 Response Log 0.23861098289489746s MutableHeaders({'content-length': '206', 'content-type': 'application/json', 'x-response-time': '0.23861098289489746'})
 {"code":200,"data":{"id":5,"token":"eyJhbGciOiJIUzI1NiIsInR5cCI6IkpXVCJ9.eyJzdWIiOiJsaWhhbyIsImV4cCI6MTc3NjMzMzY0NH0.p0IqVuQ8IZxK4Z2em8sASKbMpNMPf78F1WdSu81Htew","token_type":"Bearer"},"msg":"请求成功"}
[2026-04-09 18:00:44,169] INFO c92ccc59-4d88-4813-8f1d-97a03fc1cabf Request Log Address(host='127.0.0.1', port=56858) GET http://localhost:8000/api/system/user/5 Headers({'accept-language': 'en-US,en;q=0.9,zh-CN;q=0.8,zh;q=0.7', 'accept-encoding': 'gzip, deflate, br, zstd', 'referer': 'http://localhost:5173/login', 'sec-fetch-dest': 'empty', 'sec-fetch-mode': 'cors', 'sec-fetch-site': 'same-origin', 'sec-ch-ua-mobile': '?0', 'sec-ch-ua': '"Chromium";v="146", "Not-A.Brand";v="24", "Google Chrome";v="146"', 'accept': 'application/json, text/plain, */*', 'user-agent': 'Mozilla/5.0 (Macintosh; Intel Mac OS X 10_15_7) AppleWebKit/537.36 (KHTML, like Gecko) Chrome/146.0.0.0 Safari/537.36', 'authorization': 'Bearer eyJhbGciOiJIUzI1NiIsInR5cCI6IkpXVCJ9.eyJzdWIiOiJsaWhhbyIsImV4cCI6MTc3NjMzMzY0NH0.p0IqVuQ8IZxK4Z2em8sASKbMpNMPf78F1WdSu81Htew', 'sec-ch-ua-platform': '"macOS"', 'connection': 'close', 'host': 'localhost:8000'})
 b''
[2026-04-09 18:00:44,170] INFO c92ccc59-4d88-4813-8f1d-97a03fc1cabf Response Log 0.0013189315795898438s MutableHeaders({'content-length': '346', 'content-type': 'application/json', 'x-response-time': '0.0013189315795898438'})
 {"code":200,"data":{"id":5,"status":1,"created":"2026-04-09T09:59:46.951147Z","modified":"2026-04-09T09:59:46.951152Z","username":"lihao","nickname":"李好","roles":[{"id":2,"name":"system_admin","status":5},{"id":4,"name":"viewer","status":1},{"id":1,"name":"super_admin","status":1},{"id":5,"name":"auditor","status":1}]},"msg":"请求成功"}
[2026-04-09 18:00:44,174] INFO 0e4f8b4d-5ff7-476b-a8f7-38002c74e066 Request Log Address(host='127.0.0.1', port=56861) GET http://localhost:8000/api/system/role/2/menu Headers({'accept-language': 'en-US,en;q=0.9,zh-CN;q=0.8,zh;q=0.7', 'accept-encoding': 'gzip, deflate, br, zstd', 'referer': 'http://localhost:5173/login', 'sec-fetch-dest': 'empty', 'sec-fetch-mode': 'cors', 'sec-fetch-site': 'same-origin', 'sec-ch-ua-mobile': '?0', 'sec-ch-ua': '"Chromium";v="146", "Not-A.Brand";v="24", "Google Chrome";v="146"', 'accept': 'application/json, text/plain, */*', 'user-agent': 'Mozilla/5.0 (Macintosh; Intel Mac OS X 10_15_7) AppleWebKit/537.36 (KHTML, like Gecko) Chrome/146.0.0.0 Safari/537.36', 'authorization': 'Bearer eyJhbGciOiJIUzI1NiIsInR5cCI6IkpXVCJ9.eyJzdWIiOiJsaWhhbyIsImV4cCI6MTc3NjMzMzY0NH0.p0IqVuQ8IZxK4Z2em8sASKbMpNMPf78F1WdSu81Htew', 'sec-ch-ua-platform': '"macOS"', 'connection': 'close', 'host': 'localhost:8000'})
 b''
[2026-04-09 18:00:44,176] INFO 0e4f8b4d-5ff7-476b-a8f7-38002c74e066 Response Log 0.0016651153564453125s MutableHeaders({'content-length': '747', 'content-type': 'application/json', 'x-response-time': '0.0016651153564453125'})
 {"code":200,"data":[{"id":1,"name":"系统管理","icon":"SettingOutlined","path":"/main/system","type":0,"component":null,"pid":0,"identifier":null,"api":null,"method":null,"children":[{"id":2,"name":"用户管理","icon":"UserOutlined","path":"/main/system/user","type":1,"component":"user/user","pid":1,"identifier":null,"api":"/api/system/user","method":"GET"},{"id":3,"name":"角色管理","icon":"TeamOutlined","path":"/main/system/role","type":1,"component":"role/role","pid":1,"identifier":null,"api":"/api/system/role","method":"GET"},{"id":4,"name":"菜单管理","icon":"MenuOutlined","path":"/main/system/menu","type":1,"component":"menu/menu","pid":1,"identifier":null,"api":"/api/system/menu","method":"GET"}]}],"msg":"请求成功"}
[2026-04-09 18:00:44,196] INFO 00015b29-8ece-4c6b-87d6-3abbc7461200 Request Log Address(host='127.0.0.1', port=56864) GET http://localhost:8000/api/system/user?offset=1&limit=5 Headers({'accept-language': 'en-US,en;q=0.9,zh-CN;q=0.8,zh;q=0.7', 'accept-encoding': 'gzip, deflate, br, zstd', 'referer': 'http://localhost:5173/main/system/user', 'sec-fetch-dest': 'empty', 'sec-fetch-mode': 'cors', 'sec-fetch-site': 'same-origin', 'sec-ch-ua-mobile': '?0', 'sec-ch-ua': '"Chromium";v="146", "Not-A.Brand";v="24", "Google Chrome";v="146"', 'accept': 'application/json, text/plain, */*', 'user-agent': 'Mozilla/5.0 (Macintosh; Intel Mac OS X 10_15_7) AppleWebKit/537.36 (KHTML, like Gecko) Chrome/146.0.0.0 Safari/537.36', 'authorization': 'Bearer eyJhbGciOiJIUzI1NiIsInR5cCI6IkpXVCJ9.eyJzdWIiOiJsaWhhbyIsImV4cCI6MTc3NjMzMzY0NH0.p0IqVuQ8IZxK4Z2em8sASKbMpNMPf78F1WdSu81Htew', 'sec-ch-ua-platform': '"macOS"', 'connection': 'close', 'host': 'localhost:8000'})
 b''
[2026-04-09 18:00:44,199] INFO 00015b29-8ece-4c6b-87d6-3abbc7461200 Response Log 0.0034797191619873047s MutableHeaders({'content-length': '810', 'content-type': 'application/json', 'x-response-time': '0.0034797191619873047'})
 {"code":200,"data":{"total":5,"items":[{"id":5,"status":1,"created":"2026-04-09T09:59:46.951147Z","modified":"2026-04-09T09:59:46.951152Z","username":"lihao","nickname":"李好"},{"id":4,"status":1,"created":"2026-04-08T09:39:23.606547Z","modified":"2026-04-08T09:39:23.606547Z","username":"viewer_01","nickname":"查看员1"},{"id":2,"status":1,"created":"2026-04-08T09:38:01.587305Z","modified":"2026-04-08T09:38:01.587305Z","username":"system_admin","nickname":"系统管理员"},{"id":3,"status":1,"created":"2026-04-08T09:38:01.587305Z","modified":"2026-04-08T09:38:01.587305Z","username":"auditor_01","nickname":"审核员1"},{"id":1,"status":1,"created":"2026-04-08T08:37:44.993827Z","modified":"2026-04-08T09:37:25.117382Z","username":"super_admin","nickname":"超级管理员"}]},"msg":"请求成功"}
[2026-04-09 18:00:51,271] INFO b78e0466-bf75-4949-8819-37b64459ff09 Request Log Address(host='127.0.0.1', port=56891) PUT http://localhost:8000/api/system/user/role/5 Headers({'accept-language': 'en-US,en;q=0.9,zh-CN;q=0.8,zh;q=0.7', 'accept-encoding': 'gzip, deflate, br, zstd', 'referer': 'http://localhost:5173/main/system/user', 'sec-fetch-dest': 'empty', 'sec-fetch-mode': 'cors', 'sec-fetch-site': 'same-origin', 'origin': 'http://localhost:5173', 'sec-ch-ua-mobile': '?0', 'sec-ch-ua': '"Chromium";v="146", "Not-A.Brand";v="24", "Google Chrome";v="146"', 'accept': 'application/json, text/plain, */*', 'user-agent': 'Mozilla/5.0 (Macintosh; Intel Mac OS X 10_15_7) AppleWebKit/537.36 (KHTML, like Gecko) Chrome/146.0.0.0 Safari/537.36', 'authorization': 'Bearer eyJhbGciOiJIUzI1NiIsInR5cCI6IkpXVCJ9.eyJzdWIiOiJsaWhhbyIsImV4cCI6MTc3NjMzMzY0NH0.p0IqVuQ8IZxK4Z2em8sASKbMpNMPf78F1WdSu81Htew', 'sec-ch-ua-platform': '"macOS"', 'content-length': '0', 'connection': 'close', 'host': 'localhost:8000'})
 b''
[2026-04-09 18:00:51,274] INFO b78e0466-bf75-4949-8819-37b64459ff09 Response Log 0.0029468536376953125s MutableHeaders({'content-length': '45', 'content-type': 'application/json', 'x-response-time': '0.0029468536376953125'})
 {"code":200,"data":null,"msg":"请求成功"}
[2026-04-09 18:00:51,277] INFO bd75d060-0716-48e8-8098-40fd31232256 Request Log Address(host='127.0.0.1', port=56894) GET http://localhost:8000/api/system/user/5 Headers({'accept-language': 'en-US,en;q=0.9,zh-CN;q=0.8,zh;q=0.7', 'accept-encoding': 'gzip, deflate, br, zstd', 'referer': 'http://localhost:5173/main/system/user', 'sec-fetch-dest': 'empty', 'sec-fetch-mode': 'cors', 'sec-fetch-site': 'same-origin', 'sec-ch-ua-mobile': '?0', 'sec-ch-ua': '"Chromium";v="146", "Not-A.Brand";v="24", "Google Chrome";v="146"', 'accept': 'application/json, text/plain, */*', 'user-agent': 'Mozilla/5.0 (Macintosh; Intel Mac OS X 10_15_7) AppleWebKit/537.36 (KHTML, like Gecko) Chrome/146.0.0.0 Safari/537.36', 'authorization': 'Bearer eyJhbGciOiJIUzI1NiIsInR5cCI6IkpXVCJ9.eyJzdWIiOiJsaWhhbyIsImV4cCI6MTc3NjMzMzY0NH0.p0IqVuQ8IZxK4Z2em8sASKbMpNMPf78F1WdSu81Htew', 'sec-ch-ua-platform': '"macOS"', 'connection': 'close', 'host': 'localhost:8000'})
 b''
[2026-04-09 18:00:51,278] INFO bd75d060-0716-48e8-8098-40fd31232256 Response Log 0.0010118484497070312s MutableHeaders({'content-length': '346', 'content-type': 'application/json', 'x-response-time': '0.0010118484497070312'})
 {"code":200,"data":{"id":5,"status":1,"created":"2026-04-09T09:59:46.951147Z","modified":"2026-04-09T09:59:46.951152Z","username":"lihao","nickname":"李好","roles":[{"id":5,"name":"auditor","status":5},{"id":4,"name":"viewer","status":1},{"id":1,"name":"super_admin","status":1},{"id":2,"name":"system_admin","status":1}]},"msg":"请求成功"}
[2026-04-09 18:00:51,287] INFO 30e85eeb-9bda-4296-b756-0b4968c95943 Request Log Address(host='127.0.0.1', port=56897) GET http://localhost:8000/api/system/role/5/menu Headers({'accept-language': 'en-US,en;q=0.9,zh-CN;q=0.8,zh;q=0.7', 'accept-encoding': 'gzip, deflate, br, zstd', 'referer': 'http://localhost:5173/main/system/user', 'sec-fetch-dest': 'empty', 'sec-fetch-mode': 'cors', 'sec-fetch-site': 'same-origin', 'sec-ch-ua-mobile': '?0', 'sec-ch-ua': '"Chromium";v="146", "Not-A.Brand";v="24", "Google Chrome";v="146"', 'accept': 'application/json, text/plain, */*', 'user-agent': 'Mozilla/5.0 (Macintosh; Intel Mac OS X 10_15_7) AppleWebKit/537.36 (KHTML, like Gecko) Chrome/146.0.0.0 Safari/537.36', 'authorization': 'Bearer eyJhbGciOiJIUzI1NiIsInR5cCI6IkpXVCJ9.eyJzdWIiOiJsaWhhbyIsImV4cCI6MTc3NjMzMzY0NH0.p0IqVuQ8IZxK4Z2em8sASKbMpNMPf78F1WdSu81Htew', 'sec-ch-ua-platform': '"macOS"', 'connection': 'close', 'host': 'localhost:8000'})
 b''
[2026-04-09 18:00:51,289] INFO 30e85eeb-9bda-4296-b756-0b4968c95943 Response Log 0.0018420219421386719s MutableHeaders({'content-length': '772', 'content-type': 'application/json', 'x-response-time': '0.0018420219421386719'})
 {"code":200,"data":[{"id":10,"name":"审核中心","icon":"AuditOutlined","path":"/main/audit","type":0,"component":null,"pid":0,"identifier":null,"api":null,"method":null,"children":[{"id":11,"name":"规则库","icon":"DatabaseOutlined","path":"/main/audit/rules","type":1,"component":"audit/rules","pid":10,"identifier":null,"api":"/api/audit/rules","method":"GET"},{"id":12,"name":"规则检索","icon":"SearchOutlined","path":"/main/audit/search","type":1,"component":"audit/search","pid":10,"identifier":null,"api":"/api/audit/search","method":"POST"},{"id":13,"name":"合规判定","icon":"CheckCircleOutlined","path":"/main/audit/judge","type":1,"component":"audit/judge","pid":10,"identifier":null,"api":"/api/audit/judge","method":"POST"}]}],"msg":"请求成功"}
[2026-04-09 18:00:56,431] INFO d6324cff-2d90-4df7-a22d-47fd16b1d5f7 Request Log Address(host='127.0.0.1', port=56920) PUT http://localhost:8000/api/system/user/role/1 Headers({'accept-language': 'en-US,en;q=0.9,zh-CN;q=0.8,zh;q=0.7', 'accept-encoding': 'gzip, deflate, br, zstd', 'referer': 'http://localhost:5173/main/audit/rules', 'sec-fetch-dest': 'empty', 'sec-fetch-mode': 'cors', 'sec-fetch-site': 'same-origin', 'origin': 'http://localhost:5173', 'sec-ch-ua-mobile': '?0', 'sec-ch-ua': '"Chromium";v="146", "Not-A.Brand";v="24", "Google Chrome";v="146"', 'accept': 'application/json, text/plain, */*', 'user-agent': 'Mozilla/5.0 (Macintosh; Intel Mac OS X 10_15_7) AppleWebKit/537.36 (KHTML, like Gecko) Chrome/146.0.0.0 Safari/537.36', 'authorization': 'Bearer eyJhbGciOiJIUzI1NiIsInR5cCI6IkpXVCJ9.eyJzdWIiOiJsaWhhbyIsImV4cCI6MTc3NjMzMzY0NH0.p0IqVuQ8IZxK4Z2em8sASKbMpNMPf78F1WdSu81Htew', 'sec-ch-ua-platform': '"macOS"', 'content-length': '0', 'connection': 'close', 'host': 'localhost:8000'})
 b''
[2026-04-09 18:00:56,434] INFO d6324cff-2d90-4df7-a22d-47fd16b1d5f7 Response Log 0.002717256546020508s MutableHeaders({'content-length': '45', 'content-type': 'application/json', 'x-response-time': '0.002717256546020508'})
 {"code":200,"data":null,"msg":"请求成功"}
[2026-04-09 18:00:56,440] INFO fac616c4-027f-48de-8b2b-c11ce3f4bf60 Request Log Address(host='127.0.0.1', port=56923) GET http://localhost:8000/api/system/user/5 Headers({'accept-language': 'en-US,en;q=0.9,zh-CN;q=0.8,zh;q=0.7', 'accept-encoding': 'gzip, deflate, br, zstd', 'referer': 'http://localhost:5173/main/audit/rules', 'sec-fetch-dest': 'empty', 'sec-fetch-mode': 'cors', 'sec-fetch-site': 'same-origin', 'sec-ch-ua-mobile': '?0', 'sec-ch-ua': '"Chromium";v="146", "Not-A.Brand";v="24", "Google Chrome";v="146"', 'accept': 'application/json, text/plain, */*', 'user-agent': 'Mozilla/5.0 (Macintosh; Intel Mac OS X 10_15_7) AppleWebKit/537.36 (KHTML, like Gecko) Chrome/146.0.0.0 Safari/537.36', 'authorization': 'Bearer eyJhbGciOiJIUzI1NiIsInR5cCI6IkpXVCJ9.eyJzdWIiOiJsaWhhbyIsImV4cCI6MTc3NjMzMzY0NH0.p0IqVuQ8IZxK4Z2em8sASKbMpNMPf78F1WdSu81Htew', 'sec-ch-ua-platform': '"macOS"', 'connection': 'close', 'host': 'localhost:8000'})
 b''
[2026-04-09 18:00:56,441] INFO fac616c4-027f-48de-8b2b-c11ce3f4bf60 Response Log 0.0010879039764404297s MutableHeaders({'content-length': '346', 'content-type': 'application/json', 'x-response-time': '0.0010879039764404297'})
 {"code":200,"data":{"id":5,"status":1,"created":"2026-04-09T09:59:46.951147Z","modified":"2026-04-09T09:59:46.951152Z","username":"lihao","nickname":"李好","roles":[{"id":1,"name":"super_admin","status":5},{"id":4,"name":"viewer","status":1},{"id":2,"name":"system_admin","status":1},{"id":5,"name":"auditor","status":1}]},"msg":"请求成功"}
[2026-04-09 18:00:56,449] INFO 86d5f769-d51b-4068-9fe2-a24c3e62a1a8 Request Log Address(host='127.0.0.1', port=56926) GET http://localhost:8000/api/system/role/1/menu Headers({'accept-language': 'en-US,en;q=0.9,zh-CN;q=0.8,zh;q=0.7', 'accept-encoding': 'gzip, deflate, br, zstd', 'referer': 'http://localhost:5173/main/audit/rules', 'sec-fetch-dest': 'empty', 'sec-fetch-mode': 'cors', 'sec-fetch-site': 'same-origin', 'sec-ch-ua-mobile': '?0', 'sec-ch-ua': '"Chromium";v="146", "Not-A.Brand";v="24", "Google Chrome";v="146"', 'accept': 'application/json, text/plain, */*', 'user-agent': 'Mozilla/5.0 (Macintosh; Intel Mac OS X 10_15_7) AppleWebKit/537.36 (KHTML, like Gecko) Chrome/146.0.0.0 Safari/537.36', 'authorization': 'Bearer eyJhbGciOiJIUzI1NiIsInR5cCI6IkpXVCJ9.eyJzdWIiOiJsaWhhbyIsImV4cCI6MTc3NjMzMzY0NH0.p0IqVuQ8IZxK4Z2em8sASKbMpNMPf78F1WdSu81Htew', 'sec-ch-ua-platform': '"macOS"', 'connection': 'close', 'host': 'localhost:8000'})
 b''
[2026-04-09 18:00:56,451] INFO 86d5f769-d51b-4068-9fe2-a24c3e62a1a8 Response Log 0.0022482872009277344s MutableHeaders({'content-length': '2980', 'content-type': 'application/json', 'x-response-time': '0.0022482872009277344'})
 {"code":200,"data":[{"id":1,"name":"系统管理","icon":"SettingOutlined","path":"/main/system","type":0,"component":null,"pid":0,"identifier":null,"api":null,"method":null,"children":[{"id":2,"name":"用户管理","icon":"UserOutlined","path":"/main/system/user","type":1,"component":"user/user","pid":1,"identifier":null,"api":"/api/system/user","method":"GET","children":[{"id":101,"name":"新增用户","icon":null,"path":null,"type":2,"component":null,"pid":2,"identifier":"user:create","api":"/api/system/user","method":"POST"},{"id":102,"name":"编辑用户","icon":null,"path":null,"type":2,"component":null,"pid":2,"identifier":"user:update","api":"/api/system/user/{pk}","method":"PUT"},{"id":103,"name":"删除用户","icon":null,"path":null,"type":2,"component":null,"pid":2,"identifier":"user:delete","api":"/api/system/user/{pk}","method":"DELETE"}]},{"id":3,"name":"角色管理","icon":"TeamOutlined","path":"/main/system/role","type":1,"component":"role/role","pid":1,"identifier":null,"api":"/api/system/role","method":"GET","children":[{"id":111,"name":"新增角色","icon":null,"path":null,"type":2,"component":null,"pid":3,"identifier":"role:create","api":"/api/system/role","method":"POST"},{"id":112,"name":"编辑角色","icon":null,"path":null,"type":2,"component":null,"pid":3,"identifier":"role:update","api":"/api/system/role/{pk}","method":"PUT"},{"id":113,"name":"删除角色","icon":null,"path":null,"type":2,"component":null,"pid":3,"identifier":"role:delete","api":"/api/system/role/{pk}","method":"DELETE"}]},{"id":4,"name":"菜单管理","icon":"MenuOutlined","path":"/main/system/menu","type":1,"component":"menu/menu","pid":1,"identifier":null,"api":"/api/system/menu","method":"GET","children":[{"id":121,"name":"新增菜单","icon":null,"path":null,"type":2,"component":null,"pid":4,"identifier":"menu:create","api":"/api/system/menu","method":"POST"},{"id":122,"name":"编辑菜单","icon":null,"path":null,"type":2,"component":null,"pid":4,"identifier":"menu:update","api":"/api/system/menu/{pk}","method":"PUT"},{"id":123,"name":"删除菜单","icon":null,"path":null,"type":2,"component":null,"pid":4,"identifier":"menu:delete","api":"/api/system/menu/{pk}","method":"DELETE"}]}]},{"id":10,"name":"审核中心","icon":"AuditOutlined","path":"/main/audit","type":0,"component":null,"pid":0,"identifier":null,"api":null,"method":null,"children":[{"id":11,"name":"规则库","icon":"DatabaseOutlined","path":"/main/audit/rules","type":1,"component":"audit/rules","pid":10,"identifier":null,"api":"/api/audit/rules","method":"GET"},{"id":12,"name":"规则检索","icon":"SearchOutlined","path":"/main/audit/search","type":1,"component":"audit/search","pid":10,"identifier":null,"api":"/api/audit/search","method":"POST"},{"id":13,"name":"合规判定","icon":"CheckCircleOutlined","path":"/main/audit/judge","type":1,"component":"audit/judge","pid":10,"identifier":null,"api":"/api/audit/judge","method":"POST"}]}],"msg":"请求成功"}
[2026-04-09 18:00:56,485] INFO 02f43cab-aa73-4557-8beb-d2fdb73f1d2c Request Log Address(host='127.0.0.1', port=56931) GET http://localhost:8000/api/system/user?offset=1&limit=5 Headers({'accept-language': 'en-US,en;q=0.9,zh-CN;q=0.8,zh;q=0.7', 'accept-encoding': 'gzip, deflate, br, zstd', 'referer': 'http://localhost:5173/main/system/user', 'sec-fetch-dest': 'empty', 'sec-fetch-mode': 'cors', 'sec-fetch-site': 'same-origin', 'sec-ch-ua-mobile': '?0', 'sec-ch-ua': '"Chromium";v="146", "Not-A.Brand";v="24", "Google Chrome";v="146"', 'accept': 'application/json, text/plain, */*', 'user-agent': 'Mozilla/5.0 (Macintosh; Intel Mac OS X 10_15_7) AppleWebKit/537.36 (KHTML, like Gecko) Chrome/146.0.0.0 Safari/537.36', 'authorization': 'Bearer eyJhbGciOiJIUzI1NiIsInR5cCI6IkpXVCJ9.eyJzdWIiOiJsaWhhbyIsImV4cCI6MTc3NjMzMzY0NH0.p0IqVuQ8IZxK4Z2em8sASKbMpNMPf78F1WdSu81Htew', 'sec-ch-ua-platform': '"macOS"', 'connection': 'close', 'host': 'localhost:8000'})
 b''
[2026-04-09 18:00:56,501] INFO 02f43cab-aa73-4557-8beb-d2fdb73f1d2c Response Log 0.015929222106933594s MutableHeaders({'content-length': '810', 'content-type': 'application/json', 'x-response-time': '0.015929222106933594'})
 {"code":200,"data":{"total":5,"items":[{"id":5,"status":1,"created":"2026-04-09T09:59:46.951147Z","modified":"2026-04-09T09:59:46.951152Z","username":"lihao","nickname":"李好"},{"id":4,"status":1,"created":"2026-04-08T09:39:23.606547Z","modified":"2026-04-08T09:39:23.606547Z","username":"viewer_01","nickname":"查看员1"},{"id":2,"status":1,"created":"2026-04-08T09:38:01.587305Z","modified":"2026-04-08T09:38:01.587305Z","username":"system_admin","nickname":"系统管理员"},{"id":3,"status":1,"created":"2026-04-08T09:38:01.587305Z","modified":"2026-04-08T09:38:01.587305Z","username":"auditor_01","nickname":"审核员1"},{"id":1,"status":1,"created":"2026-04-08T08:37:44.993827Z","modified":"2026-04-08T09:37:25.117382Z","username":"super_admin","nickname":"超级管理员"}]},"msg":"请求成功"}
[2026-04-09 18:01:01,231] INFO fba95370-dbf6-48ca-a786-c7b639047455 Request Log Address(host='127.0.0.1', port=56948) GET http://localhost:8000/api/system/role?offset=1&limit=5 Headers({'accept-language': 'en-US,en;q=0.9,zh-CN;q=0.8,zh;q=0.7', 'accept-encoding': 'gzip, deflate, br, zstd', 'referer': 'http://localhost:5173/main/system/role', 'sec-fetch-dest': 'empty', 'sec-fetch-mode': 'cors', 'sec-fetch-site': 'same-origin', 'sec-ch-ua-mobile': '?0', 'sec-ch-ua': '"Chromium";v="146", "Not-A.Brand";v="24", "Google Chrome";v="146"', 'accept': 'application/json, text/plain, */*', 'user-agent': 'Mozilla/5.0 (Macintosh; Intel Mac OS X 10_15_7) AppleWebKit/537.36 (KHTML, like Gecko) Chrome/146.0.0.0 Safari/537.36', 'authorization': 'Bearer eyJhbGciOiJIUzI1NiIsInR5cCI6IkpXVCJ9.eyJzdWIiOiJsaWhhbyIsImV4cCI6MTc3NjMzMzY0NH0.p0IqVuQ8IZxK4Z2em8sASKbMpNMPf78F1WdSu81Htew', 'sec-ch-ua-platform': '"macOS"', 'connection': 'close', 'host': 'localhost:8000'})
 b''
[2026-04-09 18:01:01,235] INFO fba95370-dbf6-48ca-a786-c7b639047455 Response Log 0.0037250518798828125s MutableHeaders({'content-length': '824', 'content-type': 'application/json', 'x-response-time': '0.0037250518798828125'})
 {"code":200,"data":{"total":4,"items":[{"id":5,"status":1,"created":"2026-04-09T09:34:15.218717Z","modified":"2026-04-09T09:34:15.218724Z","name":"auditor","remark":"审核员","user_count":2,"users":["auditor_01","lihao"]},{"id":4,"status":1,"created":"2026-04-08T09:06:09.299353Z","modified":"2026-04-08T09:06:09.299353Z","name":"viewer","remark":"查看员","user_count":2,"users":["viewer_01","lihao"]},{"id":2,"status":1,"created":"2026-04-08T09:06:09.299353Z","modified":"2026-04-08T09:27:14.388720Z","name":"system_admin","remark":"系统管理员","user_count":2,"users":["system_admin","lihao"]},{"id":1,"status":1,"created":"2026-04-08T08:37:44.993827Z","modified":"2026-04-08T09:23:42.398415Z","name":"super_admin","remark":"超级管理员","user_count":2,"users":["super_admin","lihao"]}]},"msg":"请求成功"}
[2026-04-09 18:01:04,658] INFO 09468116-396b-4808-b290-7154562ed013 Request Log Address(host='127.0.0.1', port=56959) GET http://localhost:8000/api/system/role/5/menu Headers({'accept-language': 'en-US,en;q=0.9,zh-CN;q=0.8,zh;q=0.7', 'accept-encoding': 'gzip, deflate, br, zstd', 'referer': 'http://localhost:5173/main/system/role', 'sec-fetch-dest': 'empty', 'sec-fetch-mode': 'cors', 'sec-fetch-site': 'same-origin', 'sec-ch-ua-mobile': '?0', 'sec-ch-ua': '"Chromium";v="146", "Not-A.Brand";v="24", "Google Chrome";v="146"', 'accept': 'application/json, text/plain, */*', 'user-agent': 'Mozilla/5.0 (Macintosh; Intel Mac OS X 10_15_7) AppleWebKit/537.36 (KHTML, like Gecko) Chrome/146.0.0.0 Safari/537.36', 'authorization': 'Bearer eyJhbGciOiJIUzI1NiIsInR5cCI6IkpXVCJ9.eyJzdWIiOiJsaWhhbyIsImV4cCI6MTc3NjMzMzY0NH0.p0IqVuQ8IZxK4Z2em8sASKbMpNMPf78F1WdSu81Htew', 'sec-ch-ua-platform': '"macOS"', 'connection': 'close', 'host': 'localhost:8000'})
 b''
[2026-04-09 18:01:04,659] INFO c7b4264d-b0f0-46f9-b671-c8b4b6b05378 Request Log Address(host='127.0.0.1', port=56960) GET http://localhost:8000/api/system/menu Headers({'accept-language': 'en-US,en;q=0.9,zh-CN;q=0.8,zh;q=0.7', 'accept-encoding': 'gzip, deflate, br, zstd', 'referer': 'http://localhost:5173/main/system/role', 'sec-fetch-dest': 'empty', 'sec-fetch-mode': 'cors', 'sec-fetch-site': 'same-origin', 'sec-ch-ua-mobile': '?0', 'sec-ch-ua': '"Chromium";v="146", "Not-A.Brand";v="24", "Google Chrome";v="146"', 'accept': 'application/json, text/plain, */*', 'user-agent': 'Mozilla/5.0 (Macintosh; Intel Mac OS X 10_15_7) AppleWebKit/537.36 (KHTML, like Gecko) Chrome/146.0.0.0 Safari/537.36', 'authorization': 'Bearer eyJhbGciOiJIUzI1NiIsInR5cCI6IkpXVCJ9.eyJzdWIiOiJsaWhhbyIsImV4cCI6MTc3NjMzMzY0NH0.p0IqVuQ8IZxK4Z2em8sASKbMpNMPf78F1WdSu81Htew', 'sec-ch-ua-platform': '"macOS"', 'connection': 'close', 'host': 'localhost:8000'})
 b''
[2026-04-09 18:01:04,662] INFO c7b4264d-b0f0-46f9-b671-c8b4b6b05378 Response Log 0.002835988998413086s MutableHeaders({'content-length': '4544', 'content-type': 'application/json', 'x-response-time': '0.002835988998413086'})
 {"code":200,"data":[{"id":1,"status":1,"created":"2026-04-08T08:37:44.993827Z","modified":"2026-04-08T08:37:44.993827Z","name":"系统管理","icon":"SettingOutlined","path":"/main/system","type":0,"component":null,"pid":0,"identifier":null,"api":null,"method":null,"children":[{"id":2,"status":1,"created":"2026-04-08T08:37:44.993827Z","modified":"2026-04-08T08:37:44.993827Z","name":"用户管理","icon":"UserOutlined","path":"/main/system/user","type":1,"component":"user/user","pid":1,"identifier":null,"api":"/api/system/user","method":"GET","children":[{"id":101,"status":1,"created":"2026-04-08T10:22:33.358711Z","modified":"2026-04-08T10:22:33.358711Z","name":"新增用户","icon":null,"path":null,"type":2,"component":null,"pid":2,"identifier":"user:create","api":"/api/system/user","method":"POST"},{"id":102,"status":1,"created":"2026-04-08T10:22:33.358711Z","modified":"2026-04-08T10:22:33.358711Z","name":"编辑用户","icon":null,"path":null,"type":2,"component":null,"pid":2,"identifier":"user:update","api":"/api/system/user/{pk}","method":"PUT"},{"id":103,"status":1,"created":"2026-04-08T10:22:33.358711Z","modified":"2026-04-08T10:22:33.358711Z","name":"删除用户","icon":null,"path":null,"type":2,"component":null,"pid":2,"identifier":"user:delete","api":"/api/system/user/{pk}","method":"DELETE"}]},{"id":3,"status":1,"created":"2026-04-08T08:37:44.993827Z","modified":"2026-04-08T08:37:44.993827Z","name":"角色管理","icon":"TeamOutlined","path":"/main/system/role","type":1,"component":"role/role","pid":1,"identifier":null,"api":"/api/system/role","method":"GET","children":[{"id":111,"status":1,"created":"2026-04-08T10:22:33.358711Z","modified":"2026-04-08T10:22:33.358711Z","name":"新增角色","icon":null,"path":null,"type":2,"component":null,"pid":3,"identifier":"role:create","api":"/api/system/role","method":"POST"},{"id":112,"status":1,"created":"2026-04-08T10:22:33.358711Z","modified":"2026-04-08T10:22:33.358711Z","name":"编辑角色","icon":null,"path":null,"type":2,"component":null,"pid":3,"identifier":"role:update","api":"/api/system/role/{pk}","method":"PUT"},{"id":113,"status":1,"created":"2026-04-08T10:22:33.358711Z","modified":"2026-04-08T10:22:33.358711Z","name":"删除角色","icon":null,"path":null,"type":2,"component":null,"pid":3,"identifier":"role:delete","api":"/api/system/role/{pk}","method":"DELETE"}]},{"id":4,"status":1,"created":"2026-04-08T08:37:44.993827Z","modified":"2026-04-08T08:37:44.993827Z","name":"菜单管理","icon":"MenuOutlined","path":"/main/system/menu","type":1,"component":"menu/menu","pid":1,"identifier":null,"api":"/api/system/menu","method":"GET","children":[{"id":121,"status":1,"created":"2026-04-08T10:22:33.358711Z","modified":"2026-04-08T10:22:33.358711Z","name":"新增菜单","icon":null,"path":null,"type":2,"component":null,"pid":4,"identifier":"menu:create","api":"/api/system/menu","method":"POST"},{"id":122,"status":1,"created":"2026-04-08T10:22:33.358711Z","modified":"2026-04-08T10:22:33.358711Z","name":"编辑菜单","icon":null,"path":null,"type":2,"component":null,"pid":4,"identifier":"menu:update","api":"/api/system/menu/{pk}","method":"PUT"},{"id":123,"status":1,"created":"2026-04-08T10:22:33.358711Z","modified":"2026-04-08T10:22:33.358711Z","name":"删除菜单","icon":null,"path":null,"type":2,"component":null,"pid":4,"identifier":"menu:delete","api":"/api/system/menu/{pk}","method":"DELETE"}]}]},{"id":10,"status":1,"created":"2026-04-08T08:37:44.993827Z","modified":"2026-04-08T08:37:44.993827Z","name":"审核中心","icon":"AuditOutlined","path":"/main/audit","type":0,"component":null,"pid":0,"identifier":null,"api":null,"method":null,"children":[{"id":11,"status":1,"created":"2026-04-08T08:37:44.993827Z","modified":"2026-04-08T08:37:44.993827Z","name":"规则库","icon":"DatabaseOutlined","path":"/main/audit/rules","type":1,"component":"audit/rules","pid":10,"identifier":null,"api":"/api/audit/rules","method":"GET"},{"id":12,"status":1,"created":"2026-04-08T08:37:44.993827Z","modified":"2026-04-08T08:37:44.993827Z","name":"规则检索","icon":"SearchOutlined","path":"/main/audit/search","type":1,"component":"audit/search","pid":10,"identifier":null,"api":"/api/audit/search","method":"POST"},{"id":13,"status":1,"created":"2026-04-08T08:37:44.993827Z","modified":"2026-04-08T08:37:44.993827Z","name":"合规判定","icon":"CheckCircleOutlined","path":"/main/audit/judge","type":1,"component":"audit/judge","pid":10,"identifier":null,"api":"/api/audit/judge","method":"POST"}]}],"msg":"请求成功"}
[2026-04-09 18:01:24,520] INFO a2fcaeb3-03e8-44b2-966b-f2b910cd70fb Request Log Address(host='127.0.0.1', port=57123) GET http://localhost:8000/api/system/menu Headers({'accept-language': 'en-US,en;q=0.9,zh-CN;q=0.8,zh;q=0.7', 'accept-encoding': 'gzip, deflate, br, zstd', 'referer': 'http://localhost:5173/main/system/role', 'sec-fetch-dest': 'empty', 'sec-fetch-mode': 'cors', 'sec-fetch-site': 'same-origin', 'sec-ch-ua-mobile': '?0', 'sec-ch-ua': '"Chromium";v="146", "Not-A.Brand";v="24", "Google Chrome";v="146"', 'accept': 'application/json, text/plain, */*', 'user-agent': 'Mozilla/5.0 (Macintosh; Intel Mac OS X 10_15_7) AppleWebKit/537.36 (KHTML, like Gecko) Chrome/146.0.0.0 Safari/537.36', 'authorization': 'Bearer eyJhbGciOiJIUzI1NiIsInR5cCI6IkpXVCJ9.eyJzdWIiOiJsaWhhbyIsImV4cCI6MTc3NjMzMzY0NH0.p0IqVuQ8IZxK4Z2em8sASKbMpNMPf78F1WdSu81Htew', 'sec-ch-ua-platform': '"macOS"', 'connection': 'close', 'host': 'localhost:8000'})
 b''
[2026-04-09 18:01:24,520] INFO de658187-36bd-45e9-ad92-53cb8ef48d77 Request Log Address(host='127.0.0.1', port=57124) GET http://localhost:8000/api/system/role/5/menu Headers({'accept-language': 'en-US,en;q=0.9,zh-CN;q=0.8,zh;q=0.7', 'accept-encoding': 'gzip, deflate, br, zstd', 'referer': 'http://localhost:5173/main/system/role', 'sec-fetch-dest': 'empty', 'sec-fetch-mode': 'cors', 'sec-fetch-site': 'same-origin', 'sec-ch-ua-mobile': '?0', 'sec-ch-ua': '"Chromium";v="146", "Not-A.Brand";v="24", "Google Chrome";v="146"', 'accept': 'application/json, text/plain, */*', 'user-agent': 'Mozilla/5.0 (Macintosh; Intel Mac OS X 10_15_7) AppleWebKit/537.36 (KHTML, like Gecko) Chrome/146.0.0.0 Safari/537.36', 'authorization': 'Bearer eyJhbGciOiJIUzI1NiIsInR5cCI6IkpXVCJ9.eyJzdWIiOiJsaWhhbyIsImV4cCI6MTc3NjMzMzY0NH0.p0IqVuQ8IZxK4Z2em8sASKbMpNMPf78F1WdSu81Htew', 'sec-ch-ua-platform': '"macOS"', 'connection': 'close', 'host': 'localhost:8000'})
 b''
[2026-04-09 18:01:24,522] INFO a2fcaeb3-03e8-44b2-966b-f2b910cd70fb Response Log 0.0020241737365722656s MutableHeaders({'content-length': '4544', 'content-type': 'application/json', 'x-response-time': '0.0020241737365722656'})
 {"code":200,"data":[{"id":1,"status":1,"created":"2026-04-08T08:37:44.993827Z","modified":"2026-04-08T08:37:44.993827Z","name":"系统管理","icon":"SettingOutlined","path":"/main/system","type":0,"component":null,"pid":0,"identifier":null,"api":null,"method":null,"children":[{"id":2,"status":1,"created":"2026-04-08T08:37:44.993827Z","modified":"2026-04-08T08:37:44.993827Z","name":"用户管理","icon":"UserOutlined","path":"/main/system/user","type":1,"component":"user/user","pid":1,"identifier":null,"api":"/api/system/user","method":"GET","children":[{"id":101,"status":1,"created":"2026-04-08T10:22:33.358711Z","modified":"2026-04-08T10:22:33.358711Z","name":"新增用户","icon":null,"path":null,"type":2,"component":null,"pid":2,"identifier":"user:create","api":"/api/system/user","method":"POST"},{"id":102,"status":1,"created":"2026-04-08T10:22:33.358711Z","modified":"2026-04-08T10:22:33.358711Z","name":"编辑用户","icon":null,"path":null,"type":2,"component":null,"pid":2,"identifier":"user:update","api":"/api/system/user/{pk}","method":"PUT"},{"id":103,"status":1,"created":"2026-04-08T10:22:33.358711Z","modified":"2026-04-08T10:22:33.358711Z","name":"删除用户","icon":null,"path":null,"type":2,"component":null,"pid":2,"identifier":"user:delete","api":"/api/system/user/{pk}","method":"DELETE"}]},{"id":3,"status":1,"created":"2026-04-08T08:37:44.993827Z","modified":"2026-04-08T08:37:44.993827Z","name":"角色管理","icon":"TeamOutlined","path":"/main/system/role","type":1,"component":"role/role","pid":1,"identifier":null,"api":"/api/system/role","method":"GET","children":[{"id":111,"status":1,"created":"2026-04-08T10:22:33.358711Z","modified":"2026-04-08T10:22:33.358711Z","name":"新增角色","icon":null,"path":null,"type":2,"component":null,"pid":3,"identifier":"role:create","api":"/api/system/role","method":"POST"},{"id":112,"status":1,"created":"2026-04-08T10:22:33.358711Z","modified":"2026-04-08T10:22:33.358711Z","name":"编辑角色","icon":null,"path":null,"type":2,"component":null,"pid":3,"identifier":"role:update","api":"/api/system/role/{pk}","method":"PUT"},{"id":113,"status":1,"created":"2026-04-08T10:22:33.358711Z","modified":"2026-04-08T10:22:33.358711Z","name":"删除角色","icon":null,"path":null,"type":2,"component":null,"pid":3,"identifier":"role:delete","api":"/api/system/role/{pk}","method":"DELETE"}]},{"id":4,"status":1,"created":"2026-04-08T08:37:44.993827Z","modified":"2026-04-08T08:37:44.993827Z","name":"菜单管理","icon":"MenuOutlined","path":"/main/system/menu","type":1,"component":"menu/menu","pid":1,"identifier":null,"api":"/api/system/menu","method":"GET","children":[{"id":121,"status":1,"created":"2026-04-08T10:22:33.358711Z","modified":"2026-04-08T10:22:33.358711Z","name":"新增菜单","icon":null,"path":null,"type":2,"component":null,"pid":4,"identifier":"menu:create","api":"/api/system/menu","method":"POST"},{"id":122,"status":1,"created":"2026-04-08T10:22:33.358711Z","modified":"2026-04-08T10:22:33.358711Z","name":"编辑菜单","icon":null,"path":null,"type":2,"component":null,"pid":4,"identifier":"menu:update","api":"/api/system/menu/{pk}","method":"PUT"},{"id":123,"status":1,"created":"2026-04-08T10:22:33.358711Z","modified":"2026-04-08T10:22:33.358711Z","name":"删除菜单","icon":null,"path":null,"type":2,"component":null,"pid":4,"identifier":"menu:delete","api":"/api/system/menu/{pk}","method":"DELETE"}]}]},{"id":10,"status":1,"created":"2026-04-08T08:37:44.993827Z","modified":"2026-04-08T08:37:44.993827Z","name":"审核中心","icon":"AuditOutlined","path":"/main/audit","type":0,"component":null,"pid":0,"identifier":null,"api":null,"method":null,"children":[{"id":11,"status":1,"created":"2026-04-08T08:37:44.993827Z","modified":"2026-04-08T08:37:44.993827Z","name":"规则库","icon":"DatabaseOutlined","path":"/main/audit/rules","type":1,"component":"audit/rules","pid":10,"identifier":null,"api":"/api/audit/rules","method":"GET"},{"id":12,"status":1,"created":"2026-04-08T08:37:44.993827Z","modified":"2026-04-08T08:37:44.993827Z","name":"规则检索","icon":"SearchOutlined","path":"/main/audit/search","type":1,"component":"audit/search","pid":10,"identifier":null,"api":"/api/audit/search","method":"POST"},{"id":13,"status":1,"created":"2026-04-08T08:37:44.993827Z","modified":"2026-04-08T08:37:44.993827Z","name":"合规判定","icon":"CheckCircleOutlined","path":"/main/audit/judge","type":1,"component":"audit/judge","pid":10,"identifier":null,"api":"/api/audit/judge","method":"POST"}]}],"msg":"请求成功"}
[2026-04-09 18:01:26,967] INFO 34cd030e-dc17-4f69-bfa5-f5757e10d908 Request Log Address(host='127.0.0.1', port=57136) GET http://localhost:8000/api/system/user?offset=1&limit=5 Headers({'accept-language': 'en-US,en;q=0.9,zh-CN;q=0.8,zh;q=0.7', 'accept-encoding': 'gzip, deflate, br, zstd', 'referer': 'http://localhost:5173/main/system/user', 'sec-fetch-dest': 'empty', 'sec-fetch-mode': 'cors', 'sec-fetch-site': 'same-origin', 'sec-ch-ua-mobile': '?0', 'sec-ch-ua': '"Chromium";v="146", "Not-A.Brand";v="24", "Google Chrome";v="146"', 'accept': 'application/json, text/plain, */*', 'user-agent': 'Mozilla/5.0 (Macintosh; Intel Mac OS X 10_15_7) AppleWebKit/537.36 (KHTML, like Gecko) Chrome/146.0.0.0 Safari/537.36', 'authorization': 'Bearer eyJhbGciOiJIUzI1NiIsInR5cCI6IkpXVCJ9.eyJzdWIiOiJsaWhhbyIsImV4cCI6MTc3NjMzMzY0NH0.p0IqVuQ8IZxK4Z2em8sASKbMpNMPf78F1WdSu81Htew', 'sec-ch-ua-platform': '"macOS"', 'connection': 'close', 'host': 'localhost:8000'})
 b''
[2026-04-09 18:01:26,970] INFO 34cd030e-dc17-4f69-bfa5-f5757e10d908 Response Log 0.0034940242767333984s MutableHeaders({'content-length': '810', 'content-type': 'application/json', 'x-response-time': '0.0034940242767333984'})
 {"code":200,"data":{"total":5,"items":[{"id":5,"status":1,"created":"2026-04-09T09:59:46.951147Z","modified":"2026-04-09T09:59:46.951152Z","username":"lihao","nickname":"李好"},{"id":4,"status":1,"created":"2026-04-08T09:39:23.606547Z","modified":"2026-04-08T09:39:23.606547Z","username":"viewer_01","nickname":"查看员1"},{"id":2,"status":1,"created":"2026-04-08T09:38:01.587305Z","modified":"2026-04-08T09:38:01.587305Z","username":"system_admin","nickname":"系统管理员"},{"id":3,"status":1,"created":"2026-04-08T09:38:01.587305Z","modified":"2026-04-08T09:38:01.587305Z","username":"auditor_01","nickname":"审核员1"},{"id":1,"status":1,"created":"2026-04-08T08:37:44.993827Z","modified":"2026-04-08T09:37:25.117382Z","username":"super_admin","nickname":"超级管理员"}]},"msg":"请求成功"}
[2026-04-09 18:01:28,062] INFO 52a3493b-f2cc-490c-9736-daa689ec5106 Request Log Address(host='127.0.0.1', port=57148) GET http://localhost:8000/api/system/user/5 Headers({'accept-language': 'en-US,en;q=0.9,zh-CN;q=0.8,zh;q=0.7', 'accept-encoding': 'gzip, deflate, br, zstd', 'referer': 'http://localhost:5173/main/system/user', 'sec-fetch-dest': 'empty', 'sec-fetch-mode': 'cors', 'sec-fetch-site': 'same-origin', 'sec-ch-ua-mobile': '?0', 'sec-ch-ua': '"Chromium";v="146", "Not-A.Brand";v="24", "Google Chrome";v="146"', 'accept': 'application/json, text/plain, */*', 'user-agent': 'Mozilla/5.0 (Macintosh; Intel Mac OS X 10_15_7) AppleWebKit/537.36 (KHTML, like Gecko) Chrome/146.0.0.0 Safari/537.36', 'authorization': 'Bearer eyJhbGciOiJIUzI1NiIsInR5cCI6IkpXVCJ9.eyJzdWIiOiJsaWhhbyIsImV4cCI6MTc3NjMzMzY0NH0.p0IqVuQ8IZxK4Z2em8sASKbMpNMPf78F1WdSu81Htew', 'sec-ch-ua-platform': '"macOS"', 'connection': 'close', 'host': 'localhost:8000'})
 b''
[2026-04-09 18:01:28,062] INFO e400d62d-05f9-49d4-a518-a36a67209666 Request Log Address(host='127.0.0.1', port=57149) GET http://localhost:8000/api/system/role?limit=100 Headers({'accept-language': 'en-US,en;q=0.9,zh-CN;q=0.8,zh;q=0.7', 'accept-encoding': 'gzip, deflate, br, zstd', 'referer': 'http://localhost:5173/main/system/user', 'sec-fetch-dest': 'empty', 'sec-fetch-mode': 'cors', 'sec-fetch-site': 'same-origin', 'sec-ch-ua-mobile': '?0', 'sec-ch-ua': '"Chromium";v="146", "Not-A.Brand";v="24", "Google Chrome";v="146"', 'accept': 'application/json, text/plain, */*', 'user-agent': 'Mozilla/5.0 (Macintosh; Intel Mac OS X 10_15_7) AppleWebKit/537.36 (KHTML, like Gecko) Chrome/146.0.0.0 Safari/537.36', 'authorization': 'Bearer eyJhbGciOiJIUzI1NiIsInR5cCI6IkpXVCJ9.eyJzdWIiOiJsaWhhbyIsImV4cCI6MTc3NjMzMzY0NH0.p0IqVuQ8IZxK4Z2em8sASKbMpNMPf78F1WdSu81Htew', 'sec-ch-ua-platform': '"macOS"', 'connection': 'close', 'host': 'localhost:8000'})
 b''
[2026-04-09 18:01:28,064] INFO 52a3493b-f2cc-490c-9736-daa689ec5106 Response Log 0.0016608238220214844s MutableHeaders({'content-length': '346', 'content-type': 'application/json', 'x-response-time': '0.0016608238220214844'})
 {"code":200,"data":{"id":5,"status":1,"created":"2026-04-09T09:59:46.951147Z","modified":"2026-04-09T09:59:46.951152Z","username":"lihao","nickname":"李好","roles":[{"id":1,"name":"super_admin","status":5},{"id":4,"name":"viewer","status":1},{"id":2,"name":"system_admin","status":1},{"id":5,"name":"auditor","status":1}]},"msg":"请求成功"}
[2026-04-09 18:01:28,066] INFO e400d62d-05f9-49d4-a518-a36a67209666 Response Log 0.0036590099334716797s MutableHeaders({'content-length': '824', 'content-type': 'application/json', 'x-response-time': '0.0036590099334716797'})
 {"code":200,"data":{"total":4,"items":[{"id":5,"status":1,"created":"2026-04-09T09:34:15.218717Z","modified":"2026-04-09T09:34:15.218724Z","name":"auditor","remark":"审核员","user_count":2,"users":["auditor_01","lihao"]},{"id":4,"status":1,"created":"2026-04-08T09:06:09.299353Z","modified":"2026-04-08T09:06:09.299353Z","name":"viewer","remark":"查看员","user_count":2,"users":["viewer_01","lihao"]},{"id":2,"status":1,"created":"2026-04-08T09:06:09.299353Z","modified":"2026-04-08T09:27:14.388720Z","name":"system_admin","remark":"系统管理员","user_count":2,"users":["system_admin","lihao"]},{"id":1,"status":1,"created":"2026-04-08T08:37:44.993827Z","modified":"2026-04-08T09:23:42.398415Z","name":"super_admin","remark":"超级管理员","user_count":2,"users":["super_admin","lihao"]}]},"msg":"请求成功"}
[2026-04-09 18:01:30,841] INFO 8d6c98b1-6265-4cf1-bf44-360a785cedfd Request Log Address(host='127.0.0.1', port=57161) GET http://localhost:8000/api/system/user/2 Headers({'accept-language': 'en-US,en;q=0.9,zh-CN;q=0.8,zh;q=0.7', 'accept-encoding': 'gzip, deflate, br, zstd', 'referer': 'http://localhost:5173/main/system/user', 'sec-fetch-dest': 'empty', 'sec-fetch-mode': 'cors', 'sec-fetch-site': 'same-origin', 'sec-ch-ua-mobile': '?0', 'sec-ch-ua': '"Chromium";v="146", "Not-A.Brand";v="24", "Google Chrome";v="146"', 'accept': 'application/json, text/plain, */*', 'user-agent': 'Mozilla/5.0 (Macintosh; Intel Mac OS X 10_15_7) AppleWebKit/537.36 (KHTML, like Gecko) Chrome/146.0.0.0 Safari/537.36', 'authorization': 'Bearer eyJhbGciOiJIUzI1NiIsInR5cCI6IkpXVCJ9.eyJzdWIiOiJsaWhhbyIsImV4cCI6MTc3NjMzMzY0NH0.p0IqVuQ8IZxK4Z2em8sASKbMpNMPf78F1WdSu81Htew', 'sec-ch-ua-platform': '"macOS"', 'connection': 'close', 'host': 'localhost:8000'})
 b''
[2026-04-09 18:01:30,842] INFO 6530c0f4-e4ae-4423-8c0e-8f7348012683 Request Log Address(host='127.0.0.1', port=57163) GET http://localhost:8000/api/system/role?limit=100 Headers({'accept-language': 'en-US,en;q=0.9,zh-CN;q=0.8,zh;q=0.7', 'accept-encoding': 'gzip, deflate, br, zstd', 'referer': 'http://localhost:5173/main/system/user', 'sec-fetch-dest': 'empty', 'sec-fetch-mode': 'cors', 'sec-fetch-site': 'same-origin', 'sec-ch-ua-mobile': '?0', 'sec-ch-ua': '"Chromium";v="146", "Not-A.Brand";v="24", "Google Chrome";v="146"', 'accept': 'application/json, text/plain, */*', 'user-agent': 'Mozilla/5.0 (Macintosh; Intel Mac OS X 10_15_7) AppleWebKit/537.36 (KHTML, like Gecko) Chrome/146.0.0.0 Safari/537.36', 'authorization': 'Bearer eyJhbGciOiJIUzI1NiIsInR5cCI6IkpXVCJ9.eyJzdWIiOiJsaWhhbyIsImV4cCI6MTc3NjMzMzY0NH0.p0IqVuQ8IZxK4Z2em8sASKbMpNMPf78F1WdSu81Htew', 'sec-ch-ua-platform': '"macOS"', 'connection': 'close', 'host': 'localhost:8000'})
 b''
[2026-04-09 18:01:30,845] INFO 8d6c98b1-6265-4cf1-bf44-360a785cedfd Response Log 0.0030379295349121094s MutableHeaders({'content-length': '248', 'content-type': 'application/json', 'x-response-time': '0.0030379295349121094'})
 {"code":200,"data":{"id":2,"status":1,"created":"2026-04-08T09:38:01.587305Z","modified":"2026-04-08T09:38:01.587305Z","username":"system_admin","nickname":"系统管理员","roles":[{"id":2,"name":"system_admin","status":5}]},"msg":"请求成功"}
[2026-04-09 18:01:30,849] INFO 6530c0f4-e4ae-4423-8c0e-8f7348012683 Response Log 0.006381988525390625s MutableHeaders({'content-length': '824', 'content-type': 'application/json', 'x-response-time': '0.006381988525390625'})
 {"code":200,"data":{"total":4,"items":[{"id":5,"status":1,"created":"2026-04-09T09:34:15.218717Z","modified":"2026-04-09T09:34:15.218724Z","name":"auditor","remark":"审核员","user_count":2,"users":["auditor_01","lihao"]},{"id":4,"status":1,"created":"2026-04-08T09:06:09.299353Z","modified":"2026-04-08T09:06:09.299353Z","name":"viewer","remark":"查看员","user_count":2,"users":["viewer_01","lihao"]},{"id":2,"status":1,"created":"2026-04-08T09:06:09.299353Z","modified":"2026-04-08T09:27:14.388720Z","name":"system_admin","remark":"系统管理员","user_count":2,"users":["system_admin","lihao"]},{"id":1,"status":1,"created":"2026-04-08T08:37:44.993827Z","modified":"2026-04-08T09:23:42.398415Z","name":"super_admin","remark":"超级管理员","user_count":2,"users":["super_admin","lihao"]}]},"msg":"请求成功"}
[2026-04-09 18:01:46,146] INFO 257f70ef-cd2f-46fa-8e79-c01aac993805 Request Log Address(host='127.0.0.1', port=57220) GET http://localhost:8000/api/system/role?offset=1&limit=5 Headers({'accept-language': 'en-US,en;q=0.9,zh-CN;q=0.8,zh;q=0.7', 'accept-encoding': 'gzip, deflate, br, zstd', 'referer': 'http://localhost:5173/main/system/role', 'sec-fetch-dest': 'empty', 'sec-fetch-mode': 'cors', 'sec-fetch-site': 'same-origin', 'sec-ch-ua-mobile': '?0', 'sec-ch-ua': '"Chromium";v="146", "Not-A.Brand";v="24", "Google Chrome";v="146"', 'accept': 'application/json, text/plain, */*', 'user-agent': 'Mozilla/5.0 (Macintosh; Intel Mac OS X 10_15_7) AppleWebKit/537.36 (KHTML, like Gecko) Chrome/146.0.0.0 Safari/537.36', 'authorization': 'Bearer eyJhbGciOiJIUzI1NiIsInR5cCI6IkpXVCJ9.eyJzdWIiOiJsaWhhbyIsImV4cCI6MTc3NjMzMzY0NH0.p0IqVuQ8IZxK4Z2em8sASKbMpNMPf78F1WdSu81Htew', 'sec-ch-ua-platform': '"macOS"', 'connection': 'close', 'host': 'localhost:8000'})
 b''
[2026-04-09 18:01:46,151] INFO 257f70ef-cd2f-46fa-8e79-c01aac993805 Response Log 0.004338264465332031s MutableHeaders({'content-length': '824', 'content-type': 'application/json', 'x-response-time': '0.004338264465332031'})
 {"code":200,"data":{"total":4,"items":[{"id":5,"status":1,"created":"2026-04-09T09:34:15.218717Z","modified":"2026-04-09T09:34:15.218724Z","name":"auditor","remark":"审核员","user_count":2,"users":["auditor_01","lihao"]},{"id":4,"status":1,"created":"2026-04-08T09:06:09.299353Z","modified":"2026-04-08T09:06:09.299353Z","name":"viewer","remark":"查看员","user_count":2,"users":["viewer_01","lihao"]},{"id":2,"status":1,"created":"2026-04-08T09:06:09.299353Z","modified":"2026-04-08T09:27:14.388720Z","name":"system_admin","remark":"系统管理员","user_count":2,"users":["system_admin","lihao"]},{"id":1,"status":1,"created":"2026-04-08T08:37:44.993827Z","modified":"2026-04-08T09:23:42.398415Z","name":"super_admin","remark":"超级管理员","user_count":2,"users":["super_admin","lihao"]}]},"msg":"请求成功"}
[2026-04-09 18:01:47,014] INFO 6cb6a2e3-c238-4092-935d-24fa5b39e955 Request Log Address(host='127.0.0.1', port=57228) GET http://localhost:8000/api/system/role/5/menu Headers({'accept-language': 'en-US,en;q=0.9,zh-CN;q=0.8,zh;q=0.7', 'accept-encoding': 'gzip, deflate, br, zstd', 'referer': 'http://localhost:5173/main/system/role', 'sec-fetch-dest': 'empty', 'sec-fetch-mode': 'cors', 'sec-fetch-site': 'same-origin', 'sec-ch-ua-mobile': '?0', 'sec-ch-ua': '"Chromium";v="146", "Not-A.Brand";v="24", "Google Chrome";v="146"', 'accept': 'application/json, text/plain, */*', 'user-agent': 'Mozilla/5.0 (Macintosh; Intel Mac OS X 10_15_7) AppleWebKit/537.36 (KHTML, like Gecko) Chrome/146.0.0.0 Safari/537.36', 'authorization': 'Bearer eyJhbGciOiJIUzI1NiIsInR5cCI6IkpXVCJ9.eyJzdWIiOiJsaWhhbyIsImV4cCI6MTc3NjMzMzY0NH0.p0IqVuQ8IZxK4Z2em8sASKbMpNMPf78F1WdSu81Htew', 'sec-ch-ua-platform': '"macOS"', 'connection': 'close', 'host': 'localhost:8000'})
 b''
[2026-04-09 18:01:47,014] INFO 5faf05b3-b60f-44e4-a860-68c1be611053 Request Log Address(host='127.0.0.1', port=57229) GET http://localhost:8000/api/system/menu Headers({'accept-language': 'en-US,en;q=0.9,zh-CN;q=0.8,zh;q=0.7', 'accept-encoding': 'gzip, deflate, br, zstd', 'referer': 'http://localhost:5173/main/system/role', 'sec-fetch-dest': 'empty', 'sec-fetch-mode': 'cors', 'sec-fetch-site': 'same-origin', 'sec-ch-ua-mobile': '?0', 'sec-ch-ua': '"Chromium";v="146", "Not-A.Brand";v="24", "Google Chrome";v="146"', 'accept': 'application/json, text/plain, */*', 'user-agent': 'Mozilla/5.0 (Macintosh; Intel Mac OS X 10_15_7) AppleWebKit/537.36 (KHTML, like Gecko) Chrome/146.0.0.0 Safari/537.36', 'authorization': 'Bearer eyJhbGciOiJIUzI1NiIsInR5cCI6IkpXVCJ9.eyJzdWIiOiJsaWhhbyIsImV4cCI6MTc3NjMzMzY0NH0.p0IqVuQ8IZxK4Z2em8sASKbMpNMPf78F1WdSu81Htew', 'sec-ch-ua-platform': '"macOS"', 'connection': 'close', 'host': 'localhost:8000'})
 b''
[2026-04-09 18:01:47,018] INFO 5faf05b3-b60f-44e4-a860-68c1be611053 Response Log 0.003412008285522461s MutableHeaders({'content-length': '4544', 'content-type': 'application/json', 'x-response-time': '0.003412008285522461'})
 {"code":200,"data":[{"id":1,"status":1,"created":"2026-04-08T08:37:44.993827Z","modified":"2026-04-08T08:37:44.993827Z","name":"系统管理","icon":"SettingOutlined","path":"/main/system","type":0,"component":null,"pid":0,"identifier":null,"api":null,"method":null,"children":[{"id":2,"status":1,"created":"2026-04-08T08:37:44.993827Z","modified":"2026-04-08T08:37:44.993827Z","name":"用户管理","icon":"UserOutlined","path":"/main/system/user","type":1,"component":"user/user","pid":1,"identifier":null,"api":"/api/system/user","method":"GET","children":[{"id":101,"status":1,"created":"2026-04-08T10:22:33.358711Z","modified":"2026-04-08T10:22:33.358711Z","name":"新增用户","icon":null,"path":null,"type":2,"component":null,"pid":2,"identifier":"user:create","api":"/api/system/user","method":"POST"},{"id":102,"status":1,"created":"2026-04-08T10:22:33.358711Z","modified":"2026-04-08T10:22:33.358711Z","name":"编辑用户","icon":null,"path":null,"type":2,"component":null,"pid":2,"identifier":"user:update","api":"/api/system/user/{pk}","method":"PUT"},{"id":103,"status":1,"created":"2026-04-08T10:22:33.358711Z","modified":"2026-04-08T10:22:33.358711Z","name":"删除用户","icon":null,"path":null,"type":2,"component":null,"pid":2,"identifier":"user:delete","api":"/api/system/user/{pk}","method":"DELETE"}]},{"id":3,"status":1,"created":"2026-04-08T08:37:44.993827Z","modified":"2026-04-08T08:37:44.993827Z","name":"角色管理","icon":"TeamOutlined","path":"/main/system/role","type":1,"component":"role/role","pid":1,"identifier":null,"api":"/api/system/role","method":"GET","children":[{"id":111,"status":1,"created":"2026-04-08T10:22:33.358711Z","modified":"2026-04-08T10:22:33.358711Z","name":"新增角色","icon":null,"path":null,"type":2,"component":null,"pid":3,"identifier":"role:create","api":"/api/system/role","method":"POST"},{"id":112,"status":1,"created":"2026-04-08T10:22:33.358711Z","modified":"2026-04-08T10:22:33.358711Z","name":"编辑角色","icon":null,"path":null,"type":2,"component":null,"pid":3,"identifier":"role:update","api":"/api/system/role/{pk}","method":"PUT"},{"id":113,"status":1,"created":"2026-04-08T10:22:33.358711Z","modified":"2026-04-08T10:22:33.358711Z","name":"删除角色","icon":null,"path":null,"type":2,"component":null,"pid":3,"identifier":"role:delete","api":"/api/system/role/{pk}","method":"DELETE"}]},{"id":4,"status":1,"created":"2026-04-08T08:37:44.993827Z","modified":"2026-04-08T08:37:44.993827Z","name":"菜单管理","icon":"MenuOutlined","path":"/main/system/menu","type":1,"component":"menu/menu","pid":1,"identifier":null,"api":"/api/system/menu","method":"GET","children":[{"id":121,"status":1,"created":"2026-04-08T10:22:33.358711Z","modified":"2026-04-08T10:22:33.358711Z","name":"新增菜单","icon":null,"path":null,"type":2,"component":null,"pid":4,"identifier":"menu:create","api":"/api/system/menu","method":"POST"},{"id":122,"status":1,"created":"2026-04-08T10:22:33.358711Z","modified":"2026-04-08T10:22:33.358711Z","name":"编辑菜单","icon":null,"path":null,"type":2,"component":null,"pid":4,"identifier":"menu:update","api":"/api/system/menu/{pk}","method":"PUT"},{"id":123,"status":1,"created":"2026-04-08T10:22:33.358711Z","modified":"2026-04-08T10:22:33.358711Z","name":"删除菜单","icon":null,"path":null,"type":2,"component":null,"pid":4,"identifier":"menu:delete","api":"/api/system/menu/{pk}","method":"DELETE"}]}]},{"id":10,"status":1,"created":"2026-04-08T08:37:44.993827Z","modified":"2026-04-08T08:37:44.993827Z","name":"审核中心","icon":"AuditOutlined","path":"/main/audit","type":0,"component":null,"pid":0,"identifier":null,"api":null,"method":null,"children":[{"id":11,"status":1,"created":"2026-04-08T08:37:44.993827Z","modified":"2026-04-08T08:37:44.993827Z","name":"规则库","icon":"DatabaseOutlined","path":"/main/audit/rules","type":1,"component":"audit/rules","pid":10,"identifier":null,"api":"/api/audit/rules","method":"GET"},{"id":12,"status":1,"created":"2026-04-08T08:37:44.993827Z","modified":"2026-04-08T08:37:44.993827Z","name":"规则检索","icon":"SearchOutlined","path":"/main/audit/search","type":1,"component":"audit/search","pid":10,"identifier":null,"api":"/api/audit/search","method":"POST"},{"id":13,"status":1,"created":"2026-04-08T08:37:44.993827Z","modified":"2026-04-08T08:37:44.993827Z","name":"合规判定","icon":"CheckCircleOutlined","path":"/main/audit/judge","type":1,"component":"audit/judge","pid":10,"identifier":null,"api":"/api/audit/judge","method":"POST"}]}],"msg":"请求成功"}
[2026-04-09 18:03:01,682] INFO 28e57a0b-7baa-4be4-b200-508db4302def Request Log Address(host='127.0.0.1', port=57519) GET http://localhost:8000/api/system/menu Headers({'accept-language': 'en-US,en;q=0.9,zh-CN;q=0.8,zh;q=0.7', 'accept-encoding': 'gzip, deflate, br, zstd', 'referer': 'http://localhost:5173/main/system/menu', 'sec-fetch-dest': 'empty', 'sec-fetch-mode': 'cors', 'sec-fetch-site': 'same-origin', 'sec-ch-ua-mobile': '?0', 'sec-ch-ua': '"Chromium";v="146", "Not-A.Brand";v="24", "Google Chrome";v="146"', 'accept': 'application/json, text/plain, */*', 'user-agent': 'Mozilla/5.0 (Macintosh; Intel Mac OS X 10_15_7) AppleWebKit/537.36 (KHTML, like Gecko) Chrome/146.0.0.0 Safari/537.36', 'authorization': 'Bearer eyJhbGciOiJIUzI1NiIsInR5cCI6IkpXVCJ9.eyJzdWIiOiJsaWhhbyIsImV4cCI6MTc3NjMzMzY0NH0.p0IqVuQ8IZxK4Z2em8sASKbMpNMPf78F1WdSu81Htew', 'sec-ch-ua-platform': '"macOS"', 'connection': 'close', 'host': 'localhost:8000'})
 b''
[2026-04-09 18:03:01,685] INFO 28e57a0b-7baa-4be4-b200-508db4302def Response Log 0.0030481815338134766s MutableHeaders({'content-length': '4544', 'content-type': 'application/json', 'x-response-time': '0.0030481815338134766'})
 {"code":200,"data":[{"id":1,"status":1,"created":"2026-04-08T08:37:44.993827Z","modified":"2026-04-08T08:37:44.993827Z","name":"系统管理","icon":"SettingOutlined","path":"/main/system","type":0,"component":null,"pid":0,"identifier":null,"api":null,"method":null,"children":[{"id":2,"status":1,"created":"2026-04-08T08:37:44.993827Z","modified":"2026-04-08T08:37:44.993827Z","name":"用户管理","icon":"UserOutlined","path":"/main/system/user","type":1,"component":"user/user","pid":1,"identifier":null,"api":"/api/system/user","method":"GET","children":[{"id":101,"status":1,"created":"2026-04-08T10:22:33.358711Z","modified":"2026-04-08T10:22:33.358711Z","name":"新增用户","icon":null,"path":null,"type":2,"component":null,"pid":2,"identifier":"user:create","api":"/api/system/user","method":"POST"},{"id":102,"status":1,"created":"2026-04-08T10:22:33.358711Z","modified":"2026-04-08T10:22:33.358711Z","name":"编辑用户","icon":null,"path":null,"type":2,"component":null,"pid":2,"identifier":"user:update","api":"/api/system/user/{pk}","method":"PUT"},{"id":103,"status":1,"created":"2026-04-08T10:22:33.358711Z","modified":"2026-04-08T10:22:33.358711Z","name":"删除用户","icon":null,"path":null,"type":2,"component":null,"pid":2,"identifier":"user:delete","api":"/api/system/user/{pk}","method":"DELETE"}]},{"id":3,"status":1,"created":"2026-04-08T08:37:44.993827Z","modified":"2026-04-08T08:37:44.993827Z","name":"角色管理","icon":"TeamOutlined","path":"/main/system/role","type":1,"component":"role/role","pid":1,"identifier":null,"api":"/api/system/role","method":"GET","children":[{"id":111,"status":1,"created":"2026-04-08T10:22:33.358711Z","modified":"2026-04-08T10:22:33.358711Z","name":"新增角色","icon":null,"path":null,"type":2,"component":null,"pid":3,"identifier":"role:create","api":"/api/system/role","method":"POST"},{"id":112,"status":1,"created":"2026-04-08T10:22:33.358711Z","modified":"2026-04-08T10:22:33.358711Z","name":"编辑角色","icon":null,"path":null,"type":2,"component":null,"pid":3,"identifier":"role:update","api":"/api/system/role/{pk}","method":"PUT"},{"id":113,"status":1,"created":"2026-04-08T10:22:33.358711Z","modified":"2026-04-08T10:22:33.358711Z","name":"删除角色","icon":null,"path":null,"type":2,"component":null,"pid":3,"identifier":"role:delete","api":"/api/system/role/{pk}","method":"DELETE"}]},{"id":4,"status":1,"created":"2026-04-08T08:37:44.993827Z","modified":"2026-04-08T08:37:44.993827Z","name":"菜单管理","icon":"MenuOutlined","path":"/main/system/menu","type":1,"component":"menu/menu","pid":1,"identifier":null,"api":"/api/system/menu","method":"GET","children":[{"id":121,"status":1,"created":"2026-04-08T10:22:33.358711Z","modified":"2026-04-08T10:22:33.358711Z","name":"新增菜单","icon":null,"path":null,"type":2,"component":null,"pid":4,"identifier":"menu:create","api":"/api/system/menu","method":"POST"},{"id":122,"status":1,"created":"2026-04-08T10:22:33.358711Z","modified":"2026-04-08T10:22:33.358711Z","name":"编辑菜单","icon":null,"path":null,"type":2,"component":null,"pid":4,"identifier":"menu:update","api":"/api/system/menu/{pk}","method":"PUT"},{"id":123,"status":1,"created":"2026-04-08T10:22:33.358711Z","modified":"2026-04-08T10:22:33.358711Z","name":"删除菜单","icon":null,"path":null,"type":2,"component":null,"pid":4,"identifier":"menu:delete","api":"/api/system/menu/{pk}","method":"DELETE"}]}]},{"id":10,"status":1,"created":"2026-04-08T08:37:44.993827Z","modified":"2026-04-08T08:37:44.993827Z","name":"审核中心","icon":"AuditOutlined","path":"/main/audit","type":0,"component":null,"pid":0,"identifier":null,"api":null,"method":null,"children":[{"id":11,"status":1,"created":"2026-04-08T08:37:44.993827Z","modified":"2026-04-08T08:37:44.993827Z","name":"规则库","icon":"DatabaseOutlined","path":"/main/audit/rules","type":1,"component":"audit/rules","pid":10,"identifier":null,"api":"/api/audit/rules","method":"GET"},{"id":12,"status":1,"created":"2026-04-08T08:37:44.993827Z","modified":"2026-04-08T08:37:44.993827Z","name":"规则检索","icon":"SearchOutlined","path":"/main/audit/search","type":1,"component":"audit/search","pid":10,"identifier":null,"api":"/api/audit/search","method":"POST"},{"id":13,"status":1,"created":"2026-04-08T08:37:44.993827Z","modified":"2026-04-08T08:37:44.993827Z","name":"合规判定","icon":"CheckCircleOutlined","path":"/main/audit/judge","type":1,"component":"audit/judge","pid":10,"identifier":null,"api":"/api/audit/judge","method":"POST"}]}],"msg":"请求成功"}
[2026-04-09 18:03:02,284] INFO 8f5016e1-f6e3-497b-86a5-3244e3b94a33 Request Log Address(host='127.0.0.1', port=57526) GET http://localhost:8000/api/system/role?offset=1&limit=5 Headers({'accept-language': 'en-US,en;q=0.9,zh-CN;q=0.8,zh;q=0.7', 'accept-encoding': 'gzip, deflate, br, zstd', 'referer': 'http://localhost:5173/main/system/role', 'sec-fetch-dest': 'empty', 'sec-fetch-mode': 'cors', 'sec-fetch-site': 'same-origin', 'sec-ch-ua-mobile': '?0', 'sec-ch-ua': '"Chromium";v="146", "Not-A.Brand";v="24", "Google Chrome";v="146"', 'accept': 'application/json, text/plain, */*', 'user-agent': 'Mozilla/5.0 (Macintosh; Intel Mac OS X 10_15_7) AppleWebKit/537.36 (KHTML, like Gecko) Chrome/146.0.0.0 Safari/537.36', 'authorization': 'Bearer eyJhbGciOiJIUzI1NiIsInR5cCI6IkpXVCJ9.eyJzdWIiOiJsaWhhbyIsImV4cCI6MTc3NjMzMzY0NH0.p0IqVuQ8IZxK4Z2em8sASKbMpNMPf78F1WdSu81Htew', 'sec-ch-ua-platform': '"macOS"', 'connection': 'close', 'host': 'localhost:8000'})
 b''
[2026-04-09 18:03:02,290] INFO 8f5016e1-f6e3-497b-86a5-3244e3b94a33 Response Log 0.005280971527099609s MutableHeaders({'content-length': '824', 'content-type': 'application/json', 'x-response-time': '0.005280971527099609'})
 {"code":200,"data":{"total":4,"items":[{"id":5,"status":1,"created":"2026-04-09T09:34:15.218717Z","modified":"2026-04-09T09:34:15.218724Z","name":"auditor","remark":"审核员","user_count":2,"users":["auditor_01","lihao"]},{"id":4,"status":1,"created":"2026-04-08T09:06:09.299353Z","modified":"2026-04-08T09:06:09.299353Z","name":"viewer","remark":"查看员","user_count":2,"users":["viewer_01","lihao"]},{"id":2,"status":1,"created":"2026-04-08T09:06:09.299353Z","modified":"2026-04-08T09:27:14.388720Z","name":"system_admin","remark":"系统管理员","user_count":2,"users":["system_admin","lihao"]},{"id":1,"status":1,"created":"2026-04-08T08:37:44.993827Z","modified":"2026-04-08T09:23:42.398415Z","name":"super_admin","remark":"超级管理员","user_count":2,"users":["super_admin","lihao"]}]},"msg":"请求成功"}
[2026-04-09 18:03:02,836] INFO 1c1f9e22-490f-4eb3-b7a3-44d9019e876f Request Log Address(host='127.0.0.1', port=57529) GET http://localhost:8000/api/system/user?offset=1&limit=5 Headers({'accept-language': 'en-US,en;q=0.9,zh-CN;q=0.8,zh;q=0.7', 'accept-encoding': 'gzip, deflate, br, zstd', 'referer': 'http://localhost:5173/main/system/user', 'sec-fetch-dest': 'empty', 'sec-fetch-mode': 'cors', 'sec-fetch-site': 'same-origin', 'sec-ch-ua-mobile': '?0', 'sec-ch-ua': '"Chromium";v="146", "Not-A.Brand";v="24", "Google Chrome";v="146"', 'accept': 'application/json, text/plain, */*', 'user-agent': 'Mozilla/5.0 (Macintosh; Intel Mac OS X 10_15_7) AppleWebKit/537.36 (KHTML, like Gecko) Chrome/146.0.0.0 Safari/537.36', 'authorization': 'Bearer eyJhbGciOiJIUzI1NiIsInR5cCI6IkpXVCJ9.eyJzdWIiOiJsaWhhbyIsImV4cCI6MTc3NjMzMzY0NH0.p0IqVuQ8IZxK4Z2em8sASKbMpNMPf78F1WdSu81Htew', 'sec-ch-ua-platform': '"macOS"', 'connection': 'close', 'host': 'localhost:8000'})
 b''
[2026-04-09 18:03:02,839] INFO 1c1f9e22-490f-4eb3-b7a3-44d9019e876f Response Log 0.003000020980834961s MutableHeaders({'content-length': '810', 'content-type': 'application/json', 'x-response-time': '0.003000020980834961'})
 {"code":200,"data":{"total":5,"items":[{"id":5,"status":1,"created":"2026-04-09T09:59:46.951147Z","modified":"2026-04-09T09:59:46.951152Z","username":"lihao","nickname":"李好"},{"id":4,"status":1,"created":"2026-04-08T09:39:23.606547Z","modified":"2026-04-08T09:39:23.606547Z","username":"viewer_01","nickname":"查看员1"},{"id":2,"status":1,"created":"2026-04-08T09:38:01.587305Z","modified":"2026-04-08T09:38:01.587305Z","username":"system_admin","nickname":"系统管理员"},{"id":3,"status":1,"created":"2026-04-08T09:38:01.587305Z","modified":"2026-04-08T09:38:01.587305Z","username":"auditor_01","nickname":"审核员1"},{"id":1,"status":1,"created":"2026-04-08T08:37:44.993827Z","modified":"2026-04-08T09:37:25.117382Z","username":"super_admin","nickname":"超级管理员"}]},"msg":"请求成功"}
[2026-04-09 18:03:04,918] INFO f08cf18e-a908-4723-ad67-ebd89d0b6cd3 Request Log Address(host='127.0.0.1', port=57547) GET http://localhost:8000/api/system/role?offset=1&limit=5 Headers({'accept-language': 'en-US,en;q=0.9,zh-CN;q=0.8,zh;q=0.7', 'accept-encoding': 'gzip, deflate, br, zstd', 'referer': 'http://localhost:5173/main/system/role', 'sec-fetch-dest': 'empty', 'sec-fetch-mode': 'cors', 'sec-fetch-site': 'same-origin', 'sec-ch-ua-mobile': '?0', 'sec-ch-ua': '"Chromium";v="146", "Not-A.Brand";v="24", "Google Chrome";v="146"', 'accept': 'application/json, text/plain, */*', 'user-agent': 'Mozilla/5.0 (Macintosh; Intel Mac OS X 10_15_7) AppleWebKit/537.36 (KHTML, like Gecko) Chrome/146.0.0.0 Safari/537.36', 'authorization': 'Bearer eyJhbGciOiJIUzI1NiIsInR5cCI6IkpXVCJ9.eyJzdWIiOiJsaWhhbyIsImV4cCI6MTc3NjMzMzY0NH0.p0IqVuQ8IZxK4Z2em8sASKbMpNMPf78F1WdSu81Htew', 'sec-ch-ua-platform': '"macOS"', 'connection': 'close', 'host': 'localhost:8000'})
 b''
[2026-04-09 18:03:04,925] INFO f08cf18e-a908-4723-ad67-ebd89d0b6cd3 Response Log 0.006849765777587891s MutableHeaders({'content-length': '824', 'content-type': 'application/json', 'x-response-time': '0.006849765777587891'})
 {"code":200,"data":{"total":4,"items":[{"id":5,"status":1,"created":"2026-04-09T09:34:15.218717Z","modified":"2026-04-09T09:34:15.218724Z","name":"auditor","remark":"审核员","user_count":2,"users":["auditor_01","lihao"]},{"id":4,"status":1,"created":"2026-04-08T09:06:09.299353Z","modified":"2026-04-08T09:06:09.299353Z","name":"viewer","remark":"查看员","user_count":2,"users":["viewer_01","lihao"]},{"id":2,"status":1,"created":"2026-04-08T09:06:09.299353Z","modified":"2026-04-08T09:27:14.388720Z","name":"system_admin","remark":"系统管理员","user_count":2,"users":["system_admin","lihao"]},{"id":1,"status":1,"created":"2026-04-08T08:37:44.993827Z","modified":"2026-04-08T09:23:42.398415Z","name":"super_admin","remark":"超级管理员","user_count":2,"users":["super_admin","lihao"]}]},"msg":"请求成功"}
[2026-04-09 18:03:13,531] INFO 722c1f33-20e4-4cff-9644-f8064311fdeb Request Log Address(host='127.0.0.1', port=57590) GET http://localhost:8000/api/system/user?offset=1&limit=5 Headers({'accept-language': 'en-US,en;q=0.9,zh-CN;q=0.8,zh;q=0.7', 'accept-encoding': 'gzip, deflate, br, zstd', 'referer': 'http://localhost:5173/main/system/user', 'sec-fetch-dest': 'empty', 'sec-fetch-mode': 'cors', 'sec-fetch-site': 'same-origin', 'sec-ch-ua-mobile': '?0', 'sec-ch-ua': '"Chromium";v="146", "Not-A.Brand";v="24", "Google Chrome";v="146"', 'accept': 'application/json, text/plain, */*', 'user-agent': 'Mozilla/5.0 (Macintosh; Intel Mac OS X 10_15_7) AppleWebKit/537.36 (KHTML, like Gecko) Chrome/146.0.0.0 Safari/537.36', 'authorization': 'Bearer eyJhbGciOiJIUzI1NiIsInR5cCI6IkpXVCJ9.eyJzdWIiOiJsaWhhbyIsImV4cCI6MTc3NjMzMzY0NH0.p0IqVuQ8IZxK4Z2em8sASKbMpNMPf78F1WdSu81Htew', 'sec-ch-ua-platform': '"macOS"', 'connection': 'close', 'host': 'localhost:8000'})
 b''
[2026-04-09 18:03:13,536] INFO 722c1f33-20e4-4cff-9644-f8064311fdeb Response Log 0.0044291019439697266s MutableHeaders({'content-length': '810', 'content-type': 'application/json', 'x-response-time': '0.0044291019439697266'})
 {"code":200,"data":{"total":5,"items":[{"id":5,"status":1,"created":"2026-04-09T09:59:46.951147Z","modified":"2026-04-09T09:59:46.951152Z","username":"lihao","nickname":"李好"},{"id":4,"status":1,"created":"2026-04-08T09:39:23.606547Z","modified":"2026-04-08T09:39:23.606547Z","username":"viewer_01","nickname":"查看员1"},{"id":2,"status":1,"created":"2026-04-08T09:38:01.587305Z","modified":"2026-04-08T09:38:01.587305Z","username":"system_admin","nickname":"系统管理员"},{"id":3,"status":1,"created":"2026-04-08T09:38:01.587305Z","modified":"2026-04-08T09:38:01.587305Z","username":"auditor_01","nickname":"审核员1"},{"id":1,"status":1,"created":"2026-04-08T08:37:44.993827Z","modified":"2026-04-08T09:37:25.117382Z","username":"super_admin","nickname":"超级管理员"}]},"msg":"请求成功"}
[2026-04-09 18:05:01,890] INFO e17afdc5-4136-4b71-ba97-520a6bdc0385 Request Log Address(host='127.0.0.1', port=59220) GET http://localhost:8000/api/system/user?offset=1&limit=5 Headers({'accept-language': 'en-US,en;q=0.9,zh-CN;q=0.8,zh;q=0.7', 'accept-encoding': 'gzip, deflate, br, zstd', 'referer': 'http://localhost:5173/main/system/user', 'sec-fetch-dest': 'empty', 'sec-fetch-mode': 'cors', 'sec-fetch-site': 'same-origin', 'sec-ch-ua-mobile': '?0', 'sec-ch-ua': '"Chromium";v="146", "Not-A.Brand";v="24", "Google Chrome";v="146"', 'accept': 'application/json, text/plain, */*', 'user-agent': 'Mozilla/5.0 (Macintosh; Intel Mac OS X 10_15_7) AppleWebKit/537.36 (KHTML, like Gecko) Chrome/146.0.0.0 Safari/537.36', 'authorization': 'Bearer eyJhbGciOiJIUzI1NiIsInR5cCI6IkpXVCJ9.eyJzdWIiOiJsaWhhbyIsImV4cCI6MTc3NjMzMzY0NH0.p0IqVuQ8IZxK4Z2em8sASKbMpNMPf78F1WdSu81Htew', 'sec-ch-ua-platform': '"macOS"', 'connection': 'close', 'host': 'localhost:8000'})
 b''
[2026-04-09 18:05:01,903] INFO e17afdc5-4136-4b71-ba97-520a6bdc0385 Response Log 0.012790203094482422s MutableHeaders({'content-length': '810', 'content-type': 'application/json', 'x-response-time': '0.012790203094482422'})
 {"code":200,"data":{"total":5,"items":[{"id":5,"status":1,"created":"2026-04-09T09:59:46.951147Z","modified":"2026-04-09T09:59:46.951152Z","username":"lihao","nickname":"李好"},{"id":4,"status":1,"created":"2026-04-08T09:39:23.606547Z","modified":"2026-04-08T09:39:23.606547Z","username":"viewer_01","nickname":"查看员1"},{"id":2,"status":1,"created":"2026-04-08T09:38:01.587305Z","modified":"2026-04-08T09:38:01.587305Z","username":"system_admin","nickname":"系统管理员"},{"id":3,"status":1,"created":"2026-04-08T09:38:01.587305Z","modified":"2026-04-08T09:38:01.587305Z","username":"auditor_01","nickname":"审核员1"},{"id":1,"status":1,"created":"2026-04-08T08:37:44.993827Z","modified":"2026-04-08T09:37:25.117382Z","username":"super_admin","nickname":"超级管理员"}]},"msg":"请求成功"}
[2026-04-09 18:05:23,783] INFO 8a50147e-eaf4-4498-befc-d4c8d64e3e38 Request Log Address(host='127.0.0.1', port=59324) GET http://localhost:8000/api/system/user?offset=1&limit=5 Headers({'accept-language': 'en-US,en;q=0.9,zh-CN;q=0.8,zh;q=0.7', 'accept-encoding': 'gzip, deflate, br, zstd', 'referer': 'http://localhost:5173/main/system/user', 'sec-fetch-dest': 'empty', 'sec-fetch-mode': 'cors', 'sec-fetch-site': 'same-origin', 'sec-ch-ua-mobile': '?0', 'sec-ch-ua': '"Chromium";v="146", "Not-A.Brand";v="24", "Google Chrome";v="146"', 'accept': 'application/json, text/plain, */*', 'user-agent': 'Mozilla/5.0 (Macintosh; Intel Mac OS X 10_15_7) AppleWebKit/537.36 (KHTML, like Gecko) Chrome/146.0.0.0 Safari/537.36', 'authorization': 'Bearer eyJhbGciOiJIUzI1NiIsInR5cCI6IkpXVCJ9.eyJzdWIiOiJsaWhhbyIsImV4cCI6MTc3NjMzMzY0NH0.p0IqVuQ8IZxK4Z2em8sASKbMpNMPf78F1WdSu81Htew', 'sec-ch-ua-platform': '"macOS"', 'connection': 'close', 'host': 'localhost:8000'})
 b''
[2026-04-09 18:05:23,788] INFO 8a50147e-eaf4-4498-befc-d4c8d64e3e38 Response Log 0.004661083221435547s MutableHeaders({'content-length': '810', 'content-type': 'application/json', 'x-response-time': '0.004661083221435547'})
 {"code":200,"data":{"total":5,"items":[{"id":5,"status":1,"created":"2026-04-09T09:59:46.951147Z","modified":"2026-04-09T09:59:46.951152Z","username":"lihao","nickname":"李好"},{"id":4,"status":1,"created":"2026-04-08T09:39:23.606547Z","modified":"2026-04-08T09:39:23.606547Z","username":"viewer_01","nickname":"查看员1"},{"id":2,"status":1,"created":"2026-04-08T09:38:01.587305Z","modified":"2026-04-08T09:38:01.587305Z","username":"system_admin","nickname":"系统管理员"},{"id":3,"status":1,"created":"2026-04-08T09:38:01.587305Z","modified":"2026-04-08T09:38:01.587305Z","username":"auditor_01","nickname":"审核员1"},{"id":1,"status":1,"created":"2026-04-08T08:37:44.993827Z","modified":"2026-04-08T09:37:25.117382Z","username":"super_admin","nickname":"超级管理员"}]},"msg":"请求成功"}
[2026-04-09 18:05:31,560] INFO b93502c7-8f89-411a-9b86-ea05bb2487d6 Request Log Address(host='127.0.0.1', port=59392) GET http://localhost:8000/api/system/role?offset=1&limit=5 Headers({'accept-language': 'en-US,en;q=0.9,zh-CN;q=0.8,zh;q=0.7', 'accept-encoding': 'gzip, deflate, br, zstd', 'referer': 'http://localhost:5173/main/system/role', 'sec-fetch-dest': 'empty', 'sec-fetch-mode': 'cors', 'sec-fetch-site': 'same-origin', 'sec-ch-ua-mobile': '?0', 'sec-ch-ua': '"Chromium";v="146", "Not-A.Brand";v="24", "Google Chrome";v="146"', 'accept': 'application/json, text/plain, */*', 'user-agent': 'Mozilla/5.0 (Macintosh; Intel Mac OS X 10_15_7) AppleWebKit/537.36 (KHTML, like Gecko) Chrome/146.0.0.0 Safari/537.36', 'authorization': 'Bearer eyJhbGciOiJIUzI1NiIsInR5cCI6IkpXVCJ9.eyJzdWIiOiJsaWhhbyIsImV4cCI6MTc3NjMzMzY0NH0.p0IqVuQ8IZxK4Z2em8sASKbMpNMPf78F1WdSu81Htew', 'sec-ch-ua-platform': '"macOS"', 'connection': 'close', 'host': 'localhost:8000'})
 b''
[2026-04-09 18:05:31,566] INFO b93502c7-8f89-411a-9b86-ea05bb2487d6 Response Log 0.005933046340942383s MutableHeaders({'content-length': '824', 'content-type': 'application/json', 'x-response-time': '0.005933046340942383'})
 {"code":200,"data":{"total":4,"items":[{"id":5,"status":1,"created":"2026-04-09T09:34:15.218717Z","modified":"2026-04-09T09:34:15.218724Z","name":"auditor","remark":"审核员","user_count":2,"users":["auditor_01","lihao"]},{"id":4,"status":1,"created":"2026-04-08T09:06:09.299353Z","modified":"2026-04-08T09:06:09.299353Z","name":"viewer","remark":"查看员","user_count":2,"users":["viewer_01","lihao"]},{"id":2,"status":1,"created":"2026-04-08T09:06:09.299353Z","modified":"2026-04-08T09:27:14.388720Z","name":"system_admin","remark":"系统管理员","user_count":2,"users":["system_admin","lihao"]},{"id":1,"status":1,"created":"2026-04-08T08:37:44.993827Z","modified":"2026-04-08T09:23:42.398415Z","name":"super_admin","remark":"超级管理员","user_count":2,"users":["super_admin","lihao"]}]},"msg":"请求成功"}
[2026-04-09 18:05:34,565] INFO af76abbe-044d-4fc8-b403-87e147d00707 Request Log Address(host='127.0.0.1', port=59419) GET http://localhost:8000/api/system/role/5/menu Headers({'accept-language': 'en-US,en;q=0.9,zh-CN;q=0.8,zh;q=0.7', 'accept-encoding': 'gzip, deflate, br, zstd', 'referer': 'http://localhost:5173/main/system/role', 'sec-fetch-dest': 'empty', 'sec-fetch-mode': 'cors', 'sec-fetch-site': 'same-origin', 'sec-ch-ua-mobile': '?0', 'sec-ch-ua': '"Chromium";v="146", "Not-A.Brand";v="24", "Google Chrome";v="146"', 'accept': 'application/json, text/plain, */*', 'user-agent': 'Mozilla/5.0 (Macintosh; Intel Mac OS X 10_15_7) AppleWebKit/537.36 (KHTML, like Gecko) Chrome/146.0.0.0 Safari/537.36', 'authorization': 'Bearer eyJhbGciOiJIUzI1NiIsInR5cCI6IkpXVCJ9.eyJzdWIiOiJsaWhhbyIsImV4cCI6MTc3NjMzMzY0NH0.p0IqVuQ8IZxK4Z2em8sASKbMpNMPf78F1WdSu81Htew', 'sec-ch-ua-platform': '"macOS"', 'connection': 'close', 'host': 'localhost:8000'})
 b''
[2026-04-09 18:05:34,567] INFO 0d73dee5-a194-488b-8d7f-be7a467a7535 Request Log Address(host='127.0.0.1', port=59420) GET http://localhost:8000/api/system/menu Headers({'accept-language': 'en-US,en;q=0.9,zh-CN;q=0.8,zh;q=0.7', 'accept-encoding': 'gzip, deflate, br, zstd', 'referer': 'http://localhost:5173/main/system/role', 'sec-fetch-dest': 'empty', 'sec-fetch-mode': 'cors', 'sec-fetch-site': 'same-origin', 'sec-ch-ua-mobile': '?0', 'sec-ch-ua': '"Chromium";v="146", "Not-A.Brand";v="24", "Google Chrome";v="146"', 'accept': 'application/json, text/plain, */*', 'user-agent': 'Mozilla/5.0 (Macintosh; Intel Mac OS X 10_15_7) AppleWebKit/537.36 (KHTML, like Gecko) Chrome/146.0.0.0 Safari/537.36', 'authorization': 'Bearer eyJhbGciOiJIUzI1NiIsInR5cCI6IkpXVCJ9.eyJzdWIiOiJsaWhhbyIsImV4cCI6MTc3NjMzMzY0NH0.p0IqVuQ8IZxK4Z2em8sASKbMpNMPf78F1WdSu81Htew', 'sec-ch-ua-platform': '"macOS"', 'connection': 'close', 'host': 'localhost:8000'})
 b''
[2026-04-09 18:05:34,577] INFO 0d73dee5-a194-488b-8d7f-be7a467a7535 Response Log 0.009732246398925781s MutableHeaders({'content-length': '4544', 'content-type': 'application/json', 'x-response-time': '0.009732246398925781'})
 {"code":200,"data":[{"id":1,"status":1,"created":"2026-04-08T08:37:44.993827Z","modified":"2026-04-08T08:37:44.993827Z","name":"系统管理","icon":"SettingOutlined","path":"/main/system","type":0,"component":null,"pid":0,"identifier":null,"api":null,"method":null,"children":[{"id":2,"status":1,"created":"2026-04-08T08:37:44.993827Z","modified":"2026-04-08T08:37:44.993827Z","name":"用户管理","icon":"UserOutlined","path":"/main/system/user","type":1,"component":"user/user","pid":1,"identifier":null,"api":"/api/system/user","method":"GET","children":[{"id":101,"status":1,"created":"2026-04-08T10:22:33.358711Z","modified":"2026-04-08T10:22:33.358711Z","name":"新增用户","icon":null,"path":null,"type":2,"component":null,"pid":2,"identifier":"user:create","api":"/api/system/user","method":"POST"},{"id":102,"status":1,"created":"2026-04-08T10:22:33.358711Z","modified":"2026-04-08T10:22:33.358711Z","name":"编辑用户","icon":null,"path":null,"type":2,"component":null,"pid":2,"identifier":"user:update","api":"/api/system/user/{pk}","method":"PUT"},{"id":103,"status":1,"created":"2026-04-08T10:22:33.358711Z","modified":"2026-04-08T10:22:33.358711Z","name":"删除用户","icon":null,"path":null,"type":2,"component":null,"pid":2,"identifier":"user:delete","api":"/api/system/user/{pk}","method":"DELETE"}]},{"id":3,"status":1,"created":"2026-04-08T08:37:44.993827Z","modified":"2026-04-08T08:37:44.993827Z","name":"角色管理","icon":"TeamOutlined","path":"/main/system/role","type":1,"component":"role/role","pid":1,"identifier":null,"api":"/api/system/role","method":"GET","children":[{"id":111,"status":1,"created":"2026-04-08T10:22:33.358711Z","modified":"2026-04-08T10:22:33.358711Z","name":"新增角色","icon":null,"path":null,"type":2,"component":null,"pid":3,"identifier":"role:create","api":"/api/system/role","method":"POST"},{"id":112,"status":1,"created":"2026-04-08T10:22:33.358711Z","modified":"2026-04-08T10:22:33.358711Z","name":"编辑角色","icon":null,"path":null,"type":2,"component":null,"pid":3,"identifier":"role:update","api":"/api/system/role/{pk}","method":"PUT"},{"id":113,"status":1,"created":"2026-04-08T10:22:33.358711Z","modified":"2026-04-08T10:22:33.358711Z","name":"删除角色","icon":null,"path":null,"type":2,"component":null,"pid":3,"identifier":"role:delete","api":"/api/system/role/{pk}","method":"DELETE"}]},{"id":4,"status":1,"created":"2026-04-08T08:37:44.993827Z","modified":"2026-04-08T08:37:44.993827Z","name":"菜单管理","icon":"MenuOutlined","path":"/main/system/menu","type":1,"component":"menu/menu","pid":1,"identifier":null,"api":"/api/system/menu","method":"GET","children":[{"id":121,"status":1,"created":"2026-04-08T10:22:33.358711Z","modified":"2026-04-08T10:22:33.358711Z","name":"新增菜单","icon":null,"path":null,"type":2,"component":null,"pid":4,"identifier":"menu:create","api":"/api/system/menu","method":"POST"},{"id":122,"status":1,"created":"2026-04-08T10:22:33.358711Z","modified":"2026-04-08T10:22:33.358711Z","name":"编辑菜单","icon":null,"path":null,"type":2,"component":null,"pid":4,"identifier":"menu:update","api":"/api/system/menu/{pk}","method":"PUT"},{"id":123,"status":1,"created":"2026-04-08T10:22:33.358711Z","modified":"2026-04-08T10:22:33.358711Z","name":"删除菜单","icon":null,"path":null,"type":2,"component":null,"pid":4,"identifier":"menu:delete","api":"/api/system/menu/{pk}","method":"DELETE"}]}]},{"id":10,"status":1,"created":"2026-04-08T08:37:44.993827Z","modified":"2026-04-08T08:37:44.993827Z","name":"审核中心","icon":"AuditOutlined","path":"/main/audit","type":0,"component":null,"pid":0,"identifier":null,"api":null,"method":null,"children":[{"id":11,"status":1,"created":"2026-04-08T08:37:44.993827Z","modified":"2026-04-08T08:37:44.993827Z","name":"规则库","icon":"DatabaseOutlined","path":"/main/audit/rules","type":1,"component":"audit/rules","pid":10,"identifier":null,"api":"/api/audit/rules","method":"GET"},{"id":12,"status":1,"created":"2026-04-08T08:37:44.993827Z","modified":"2026-04-08T08:37:44.993827Z","name":"规则检索","icon":"SearchOutlined","path":"/main/audit/search","type":1,"component":"audit/search","pid":10,"identifier":null,"api":"/api/audit/search","method":"POST"},{"id":13,"status":1,"created":"2026-04-08T08:37:44.993827Z","modified":"2026-04-08T08:37:44.993827Z","name":"合规判定","icon":"CheckCircleOutlined","path":"/main/audit/judge","type":1,"component":"audit/judge","pid":10,"identifier":null,"api":"/api/audit/judge","method":"POST"}]}],"msg":"请求成功"}
[2026-04-09 18:15:12,779] INFO 70c7ee4d-4263-44eb-83e2-731798539f8c Request Log Address(host='127.0.0.1', port=50192) GET http://localhost:8000/api/system/role?offset=1&limit=5 Headers({'accept-language': 'en-US,en;q=0.9,zh-CN;q=0.8,zh;q=0.7', 'accept-encoding': 'gzip, deflate, br, zstd', 'referer': 'http://localhost:5173/main/system/role', 'sec-fetch-dest': 'empty', 'sec-fetch-mode': 'cors', 'sec-fetch-site': 'same-origin', 'sec-ch-ua-mobile': '?0', 'sec-ch-ua': '"Chromium";v="146", "Not-A.Brand";v="24", "Google Chrome";v="146"', 'accept': 'application/json, text/plain, */*', 'user-agent': 'Mozilla/5.0 (Macintosh; Intel Mac OS X 10_15_7) AppleWebKit/537.36 (KHTML, like Gecko) Chrome/146.0.0.0 Safari/537.36', 'authorization': 'Bearer eyJhbGciOiJIUzI1NiIsInR5cCI6IkpXVCJ9.eyJzdWIiOiJsaWhhbyIsImV4cCI6MTc3NjMzMzY0NH0.p0IqVuQ8IZxK4Z2em8sASKbMpNMPf78F1WdSu81Htew', 'sec-ch-ua-platform': '"macOS"', 'connection': 'close', 'host': 'localhost:8000'})
 b''
[2026-04-09 18:15:12,795] INFO 70c7ee4d-4263-44eb-83e2-731798539f8c Response Log 0.0157930850982666s MutableHeaders({'content-length': '824', 'content-type': 'application/json', 'x-response-time': '0.0157930850982666'})
 {"code":200,"data":{"total":4,"items":[{"id":5,"status":1,"created":"2026-04-09T09:34:15.218717Z","modified":"2026-04-09T09:34:15.218724Z","name":"auditor","remark":"审核员","user_count":2,"users":["auditor_01","lihao"]},{"id":4,"status":1,"created":"2026-04-08T09:06:09.299353Z","modified":"2026-04-08T09:06:09.299353Z","name":"viewer","remark":"查看员","user_count":2,"users":["viewer_01","lihao"]},{"id":2,"status":1,"created":"2026-04-08T09:06:09.299353Z","modified":"2026-04-08T09:27:14.388720Z","name":"system_admin","remark":"系统管理员","user_count":2,"users":["system_admin","lihao"]},{"id":1,"status":1,"created":"2026-04-08T08:37:44.993827Z","modified":"2026-04-08T09:23:42.398415Z","name":"super_admin","remark":"超级管理员","user_count":2,"users":["super_admin","lihao"]}]},"msg":"请求成功"}
[2026-04-09 18:17:35,996] INFO 8de00538-231e-4a44-ba6d-f723934d1244 Request Log Address(host='127.0.0.1', port=51364) GET http://localhost:8000/api/system/role/4/menu Headers({'accept-language': 'en-US,en;q=0.9,zh-CN;q=0.8,zh;q=0.7', 'accept-encoding': 'gzip, deflate, br, zstd', 'referer': 'http://localhost:5173/main/system/role', 'sec-fetch-dest': 'empty', 'sec-fetch-mode': 'cors', 'sec-fetch-site': 'same-origin', 'sec-ch-ua-mobile': '?0', 'sec-ch-ua': '"Chromium";v="146", "Not-A.Brand";v="24", "Google Chrome";v="146"', 'accept': 'application/json, text/plain, */*', 'user-agent': 'Mozilla/5.0 (Macintosh; Intel Mac OS X 10_15_7) AppleWebKit/537.36 (KHTML, like Gecko) Chrome/146.0.0.0 Safari/537.36', 'authorization': 'Bearer eyJhbGciOiJIUzI1NiIsInR5cCI6IkpXVCJ9.eyJzdWIiOiJsaWhhbyIsImV4cCI6MTc3NjMzMzY0NH0.p0IqVuQ8IZxK4Z2em8sASKbMpNMPf78F1WdSu81Htew', 'sec-ch-ua-platform': '"macOS"', 'connection': 'close', 'host': 'localhost:8000'})
 b''
[2026-04-09 18:17:35,997] INFO 3dad656b-6ca4-4335-8e28-5be45ef991a3 Request Log Address(host='127.0.0.1', port=51365) GET http://localhost:8000/api/system/menu Headers({'accept-language': 'en-US,en;q=0.9,zh-CN;q=0.8,zh;q=0.7', 'accept-encoding': 'gzip, deflate, br, zstd', 'referer': 'http://localhost:5173/main/system/role', 'sec-fetch-dest': 'empty', 'sec-fetch-mode': 'cors', 'sec-fetch-site': 'same-origin', 'sec-ch-ua-mobile': '?0', 'sec-ch-ua': '"Chromium";v="146", "Not-A.Brand";v="24", "Google Chrome";v="146"', 'accept': 'application/json, text/plain, */*', 'user-agent': 'Mozilla/5.0 (Macintosh; Intel Mac OS X 10_15_7) AppleWebKit/537.36 (KHTML, like Gecko) Chrome/146.0.0.0 Safari/537.36', 'authorization': 'Bearer eyJhbGciOiJIUzI1NiIsInR5cCI6IkpXVCJ9.eyJzdWIiOiJsaWhhbyIsImV4cCI6MTc3NjMzMzY0NH0.p0IqVuQ8IZxK4Z2em8sASKbMpNMPf78F1WdSu81Htew', 'sec-ch-ua-platform': '"macOS"', 'connection': 'close', 'host': 'localhost:8000'})
 b''
[2026-04-09 18:17:36,008] INFO 3dad656b-6ca4-4335-8e28-5be45ef991a3 Response Log 0.010263681411743164s MutableHeaders({'content-length': '4544', 'content-type': 'application/json', 'x-response-time': '0.010263681411743164'})
 {"code":200,"data":[{"id":1,"status":1,"created":"2026-04-08T08:37:44.993827Z","modified":"2026-04-08T08:37:44.993827Z","name":"系统管理","icon":"SettingOutlined","path":"/main/system","type":0,"component":null,"pid":0,"identifier":null,"api":null,"method":null,"children":[{"id":2,"status":1,"created":"2026-04-08T08:37:44.993827Z","modified":"2026-04-08T08:37:44.993827Z","name":"用户管理","icon":"UserOutlined","path":"/main/system/user","type":1,"component":"user/user","pid":1,"identifier":null,"api":"/api/system/user","method":"GET","children":[{"id":101,"status":1,"created":"2026-04-08T10:22:33.358711Z","modified":"2026-04-08T10:22:33.358711Z","name":"新增用户","icon":null,"path":null,"type":2,"component":null,"pid":2,"identifier":"user:create","api":"/api/system/user","method":"POST"},{"id":102,"status":1,"created":"2026-04-08T10:22:33.358711Z","modified":"2026-04-08T10:22:33.358711Z","name":"编辑用户","icon":null,"path":null,"type":2,"component":null,"pid":2,"identifier":"user:update","api":"/api/system/user/{pk}","method":"PUT"},{"id":103,"status":1,"created":"2026-04-08T10:22:33.358711Z","modified":"2026-04-08T10:22:33.358711Z","name":"删除用户","icon":null,"path":null,"type":2,"component":null,"pid":2,"identifier":"user:delete","api":"/api/system/user/{pk}","method":"DELETE"}]},{"id":3,"status":1,"created":"2026-04-08T08:37:44.993827Z","modified":"2026-04-08T08:37:44.993827Z","name":"角色管理","icon":"TeamOutlined","path":"/main/system/role","type":1,"component":"role/role","pid":1,"identifier":null,"api":"/api/system/role","method":"GET","children":[{"id":111,"status":1,"created":"2026-04-08T10:22:33.358711Z","modified":"2026-04-08T10:22:33.358711Z","name":"新增角色","icon":null,"path":null,"type":2,"component":null,"pid":3,"identifier":"role:create","api":"/api/system/role","method":"POST"},{"id":112,"status":1,"created":"2026-04-08T10:22:33.358711Z","modified":"2026-04-08T10:22:33.358711Z","name":"编辑角色","icon":null,"path":null,"type":2,"component":null,"pid":3,"identifier":"role:update","api":"/api/system/role/{pk}","method":"PUT"},{"id":113,"status":1,"created":"2026-04-08T10:22:33.358711Z","modified":"2026-04-08T10:22:33.358711Z","name":"删除角色","icon":null,"path":null,"type":2,"component":null,"pid":3,"identifier":"role:delete","api":"/api/system/role/{pk}","method":"DELETE"}]},{"id":4,"status":1,"created":"2026-04-08T08:37:44.993827Z","modified":"2026-04-08T08:37:44.993827Z","name":"菜单管理","icon":"MenuOutlined","path":"/main/system/menu","type":1,"component":"menu/menu","pid":1,"identifier":null,"api":"/api/system/menu","method":"GET","children":[{"id":121,"status":1,"created":"2026-04-08T10:22:33.358711Z","modified":"2026-04-08T10:22:33.358711Z","name":"新增菜单","icon":null,"path":null,"type":2,"component":null,"pid":4,"identifier":"menu:create","api":"/api/system/menu","method":"POST"},{"id":122,"status":1,"created":"2026-04-08T10:22:33.358711Z","modified":"2026-04-08T10:22:33.358711Z","name":"编辑菜单","icon":null,"path":null,"type":2,"component":null,"pid":4,"identifier":"menu:update","api":"/api/system/menu/{pk}","method":"PUT"},{"id":123,"status":1,"created":"2026-04-08T10:22:33.358711Z","modified":"2026-04-08T10:22:33.358711Z","name":"删除菜单","icon":null,"path":null,"type":2,"component":null,"pid":4,"identifier":"menu:delete","api":"/api/system/menu/{pk}","method":"DELETE"}]}]},{"id":10,"status":1,"created":"2026-04-08T08:37:44.993827Z","modified":"2026-04-08T08:37:44.993827Z","name":"审核中心","icon":"AuditOutlined","path":"/main/audit","type":0,"component":null,"pid":0,"identifier":null,"api":null,"method":null,"children":[{"id":11,"status":1,"created":"2026-04-08T08:37:44.993827Z","modified":"2026-04-08T08:37:44.993827Z","name":"规则库","icon":"DatabaseOutlined","path":"/main/audit/rules","type":1,"component":"audit/rules","pid":10,"identifier":null,"api":"/api/audit/rules","method":"GET"},{"id":12,"status":1,"created":"2026-04-08T08:37:44.993827Z","modified":"2026-04-08T08:37:44.993827Z","name":"规则检索","icon":"SearchOutlined","path":"/main/audit/search","type":1,"component":"audit/search","pid":10,"identifier":null,"api":"/api/audit/search","method":"POST"},{"id":13,"status":1,"created":"2026-04-08T08:37:44.993827Z","modified":"2026-04-08T08:37:44.993827Z","name":"合规判定","icon":"CheckCircleOutlined","path":"/main/audit/judge","type":1,"component":"audit/judge","pid":10,"identifier":null,"api":"/api/audit/judge","method":"POST"}]}],"msg":"请求成功"}
[2026-04-09 18:20:23,249] INFO 390abec1-d196-44dc-8a4e-a46b3e1d9588 Request Log Address(host='127.0.0.1', port=52674) GET http://localhost:8000/api/system/role/5/menu Headers({'accept-language': 'en-US,en;q=0.9,zh-CN;q=0.8,zh;q=0.7', 'accept-encoding': 'gzip, deflate, br, zstd', 'referer': 'http://localhost:5173/main/system/role', 'sec-fetch-dest': 'empty', 'sec-fetch-mode': 'cors', 'sec-fetch-site': 'same-origin', 'sec-ch-ua-mobile': '?0', 'sec-ch-ua': '"Chromium";v="146", "Not-A.Brand";v="24", "Google Chrome";v="146"', 'accept': 'application/json, text/plain, */*', 'user-agent': 'Mozilla/5.0 (Macintosh; Intel Mac OS X 10_15_7) AppleWebKit/537.36 (KHTML, like Gecko) Chrome/146.0.0.0 Safari/537.36', 'authorization': 'Bearer eyJhbGciOiJIUzI1NiIsInR5cCI6IkpXVCJ9.eyJzdWIiOiJsaWhhbyIsImV4cCI6MTc3NjMzMzY0NH0.p0IqVuQ8IZxK4Z2em8sASKbMpNMPf78F1WdSu81Htew', 'sec-ch-ua-platform': '"macOS"', 'connection': 'close', 'host': 'localhost:8000'})
 b''
[2026-04-09 18:20:23,254] INFO 4939ede1-7dd5-40a6-a6b8-9342c651d96e Request Log Address(host='127.0.0.1', port=52675) GET http://localhost:8000/api/system/menu Headers({'accept-language': 'en-US,en;q=0.9,zh-CN;q=0.8,zh;q=0.7', 'accept-encoding': 'gzip, deflate, br, zstd', 'referer': 'http://localhost:5173/main/system/role', 'sec-fetch-dest': 'empty', 'sec-fetch-mode': 'cors', 'sec-fetch-site': 'same-origin', 'sec-ch-ua-mobile': '?0', 'sec-ch-ua': '"Chromium";v="146", "Not-A.Brand";v="24", "Google Chrome";v="146"', 'accept': 'application/json, text/plain, */*', 'user-agent': 'Mozilla/5.0 (Macintosh; Intel Mac OS X 10_15_7) AppleWebKit/537.36 (KHTML, like Gecko) Chrome/146.0.0.0 Safari/537.36', 'authorization': 'Bearer eyJhbGciOiJIUzI1NiIsInR5cCI6IkpXVCJ9.eyJzdWIiOiJsaWhhbyIsImV4cCI6MTc3NjMzMzY0NH0.p0IqVuQ8IZxK4Z2em8sASKbMpNMPf78F1WdSu81Htew', 'sec-ch-ua-platform': '"macOS"', 'connection': 'close', 'host': 'localhost:8000'})
 b''
[2026-04-09 18:20:23,259] INFO 390abec1-d196-44dc-8a4e-a46b3e1d9588 Response Log 0.009753227233886719s MutableHeaders({'content-length': '772', 'content-type': 'application/json', 'x-response-time': '0.009753227233886719'})
 {"code":200,"data":[{"id":10,"name":"审核中心","icon":"AuditOutlined","path":"/main/audit","type":0,"component":null,"pid":0,"identifier":null,"api":null,"method":null,"children":[{"id":11,"name":"规则库","icon":"DatabaseOutlined","path":"/main/audit/rules","type":1,"component":"audit/rules","pid":10,"identifier":null,"api":"/api/audit/rules","method":"GET"},{"id":12,"name":"规则检索","icon":"SearchOutlined","path":"/main/audit/search","type":1,"component":"audit/search","pid":10,"identifier":null,"api":"/api/audit/search","method":"POST"},{"id":13,"name":"合规判定","icon":"CheckCircleOutlined","path":"/main/audit/judge","type":1,"component":"audit/judge","pid":10,"identifier":null,"api":"/api/audit/judge","method":"POST"}]}],"msg":"请求成功"}
[2026-04-09 18:20:23,263] INFO 4939ede1-7dd5-40a6-a6b8-9342c651d96e Response Log 0.009180307388305664s MutableHeaders({'content-length': '4544', 'content-type': 'application/json', 'x-response-time': '0.009180307388305664'})
 {"code":200,"data":[{"id":1,"status":1,"created":"2026-04-08T08:37:44.993827Z","modified":"2026-04-08T08:37:44.993827Z","name":"系统管理","icon":"SettingOutlined","path":"/main/system","type":0,"component":null,"pid":0,"identifier":null,"api":null,"method":null,"children":[{"id":2,"status":1,"created":"2026-04-08T08:37:44.993827Z","modified":"2026-04-08T08:37:44.993827Z","name":"用户管理","icon":"UserOutlined","path":"/main/system/user","type":1,"component":"user/user","pid":1,"identifier":null,"api":"/api/system/user","method":"GET","children":[{"id":101,"status":1,"created":"2026-04-08T10:22:33.358711Z","modified":"2026-04-08T10:22:33.358711Z","name":"新增用户","icon":null,"path":null,"type":2,"component":null,"pid":2,"identifier":"user:create","api":"/api/system/user","method":"POST"},{"id":102,"status":1,"created":"2026-04-08T10:22:33.358711Z","modified":"2026-04-08T10:22:33.358711Z","name":"编辑用户","icon":null,"path":null,"type":2,"component":null,"pid":2,"identifier":"user:update","api":"/api/system/user/{pk}","method":"PUT"},{"id":103,"status":1,"created":"2026-04-08T10:22:33.358711Z","modified":"2026-04-08T10:22:33.358711Z","name":"删除用户","icon":null,"path":null,"type":2,"component":null,"pid":2,"identifier":"user:delete","api":"/api/system/user/{pk}","method":"DELETE"}]},{"id":3,"status":1,"created":"2026-04-08T08:37:44.993827Z","modified":"2026-04-08T08:37:44.993827Z","name":"角色管理","icon":"TeamOutlined","path":"/main/system/role","type":1,"component":"role/role","pid":1,"identifier":null,"api":"/api/system/role","method":"GET","children":[{"id":111,"status":1,"created":"2026-04-08T10:22:33.358711Z","modified":"2026-04-08T10:22:33.358711Z","name":"新增角色","icon":null,"path":null,"type":2,"component":null,"pid":3,"identifier":"role:create","api":"/api/system/role","method":"POST"},{"id":112,"status":1,"created":"2026-04-08T10:22:33.358711Z","modified":"2026-04-08T10:22:33.358711Z","name":"编辑角色","icon":null,"path":null,"type":2,"component":null,"pid":3,"identifier":"role:update","api":"/api/system/role/{pk}","method":"PUT"},{"id":113,"status":1,"created":"2026-04-08T10:22:33.358711Z","modified":"2026-04-08T10:22:33.358711Z","name":"删除角色","icon":null,"path":null,"type":2,"component":null,"pid":3,"identifier":"role:delete","api":"/api/system/role/{pk}","method":"DELETE"}]},{"id":4,"status":1,"created":"2026-04-08T08:37:44.993827Z","modified":"2026-04-08T08:37:44.993827Z","name":"菜单管理","icon":"MenuOutlined","path":"/main/system/menu","type":1,"component":"menu/menu","pid":1,"identifier":null,"api":"/api/system/menu","method":"GET","children":[{"id":121,"status":1,"created":"2026-04-08T10:22:33.358711Z","modified":"2026-04-08T10:22:33.358711Z","name":"新增菜单","icon":null,"path":null,"type":2,"component":null,"pid":4,"identifier":"menu:create","api":"/api/system/menu","method":"POST"},{"id":122,"status":1,"created":"2026-04-08T10:22:33.358711Z","modified":"2026-04-08T10:22:33.358711Z","name":"编辑菜单","icon":null,"path":null,"type":2,"component":null,"pid":4,"identifier":"menu:update","api":"/api/system/menu/{pk}","method":"PUT"},{"id":123,"status":1,"created":"2026-04-08T10:22:33.358711Z","modified":"2026-04-08T10:22:33.358711Z","name":"删除菜单","icon":null,"path":null,"type":2,"component":null,"pid":4,"identifier":"menu:delete","api":"/api/system/menu/{pk}","method":"DELETE"}]}]},{"id":10,"status":1,"created":"2026-04-08T08:37:44.993827Z","modified":"2026-04-08T08:37:44.993827Z","name":"审核中心","icon":"AuditOutlined","path":"/main/audit","type":0,"component":null,"pid":0,"identifier":null,"api":null,"method":null,"children":[{"id":11,"status":1,"created":"2026-04-08T08:37:44.993827Z","modified":"2026-04-08T08:37:44.993827Z","name":"规则库","icon":"DatabaseOutlined","path":"/main/audit/rules","type":1,"component":"audit/rules","pid":10,"identifier":null,"api":"/api/audit/rules","method":"GET"},{"id":12,"status":1,"created":"2026-04-08T08:37:44.993827Z","modified":"2026-04-08T08:37:44.993827Z","name":"规则检索","icon":"SearchOutlined","path":"/main/audit/search","type":1,"component":"audit/search","pid":10,"identifier":null,"api":"/api/audit/search","method":"POST"},{"id":13,"status":1,"created":"2026-04-08T08:37:44.993827Z","modified":"2026-04-08T08:37:44.993827Z","name":"合规判定","icon":"CheckCircleOutlined","path":"/main/audit/judge","type":1,"component":"audit/judge","pid":10,"identifier":null,"api":"/api/audit/judge","method":"POST"}]}],"msg":"请求成功"}
[2026-04-09 18:20:27,658] INFO e95defe4-2a34-44a9-95dd-811789b729fb Request Log Address(host='127.0.0.1', port=52692) GET http://localhost:8000/api/system/role/2/menu Headers({'accept-language': 'en-US,en;q=0.9,zh-CN;q=0.8,zh;q=0.7', 'accept-encoding': 'gzip, deflate, br, zstd', 'referer': 'http://localhost:5173/main/system/role', 'sec-fetch-dest': 'empty', 'sec-fetch-mode': 'cors', 'sec-fetch-site': 'same-origin', 'sec-ch-ua-mobile': '?0', 'sec-ch-ua': '"Chromium";v="146", "Not-A.Brand";v="24", "Google Chrome";v="146"', 'accept': 'application/json, text/plain, */*', 'user-agent': 'Mozilla/5.0 (Macintosh; Intel Mac OS X 10_15_7) AppleWebKit/537.36 (KHTML, like Gecko) Chrome/146.0.0.0 Safari/537.36', 'authorization': 'Bearer eyJhbGciOiJIUzI1NiIsInR5cCI6IkpXVCJ9.eyJzdWIiOiJsaWhhbyIsImV4cCI6MTc3NjMzMzY0NH0.p0IqVuQ8IZxK4Z2em8sASKbMpNMPf78F1WdSu81Htew', 'sec-ch-ua-platform': '"macOS"', 'connection': 'close', 'host': 'localhost:8000'})
 b''
[2026-04-09 18:20:27,659] INFO c6725382-ec7a-47df-8a57-2603cb07f06b Request Log Address(host='127.0.0.1', port=52693) GET http://localhost:8000/api/system/menu Headers({'accept-language': 'en-US,en;q=0.9,zh-CN;q=0.8,zh;q=0.7', 'accept-encoding': 'gzip, deflate, br, zstd', 'referer': 'http://localhost:5173/main/system/role', 'sec-fetch-dest': 'empty', 'sec-fetch-mode': 'cors', 'sec-fetch-site': 'same-origin', 'sec-ch-ua-mobile': '?0', 'sec-ch-ua': '"Chromium";v="146", "Not-A.Brand";v="24", "Google Chrome";v="146"', 'accept': 'application/json, text/plain, */*', 'user-agent': 'Mozilla/5.0 (Macintosh; Intel Mac OS X 10_15_7) AppleWebKit/537.36 (KHTML, like Gecko) Chrome/146.0.0.0 Safari/537.36', 'authorization': 'Bearer eyJhbGciOiJIUzI1NiIsInR5cCI6IkpXVCJ9.eyJzdWIiOiJsaWhhbyIsImV4cCI6MTc3NjMzMzY0NH0.p0IqVuQ8IZxK4Z2em8sASKbMpNMPf78F1WdSu81Htew', 'sec-ch-ua-platform': '"macOS"', 'connection': 'close', 'host': 'localhost:8000'})
 b''
[2026-04-09 18:20:27,664] INFO c6725382-ec7a-47df-8a57-2603cb07f06b Response Log 0.004750728607177734s MutableHeaders({'content-length': '4544', 'content-type': 'application/json', 'x-response-time': '0.004750728607177734'})
 {"code":200,"data":[{"id":1,"status":1,"created":"2026-04-08T08:37:44.993827Z","modified":"2026-04-08T08:37:44.993827Z","name":"系统管理","icon":"SettingOutlined","path":"/main/system","type":0,"component":null,"pid":0,"identifier":null,"api":null,"method":null,"children":[{"id":2,"status":1,"created":"2026-04-08T08:37:44.993827Z","modified":"2026-04-08T08:37:44.993827Z","name":"用户管理","icon":"UserOutlined","path":"/main/system/user","type":1,"component":"user/user","pid":1,"identifier":null,"api":"/api/system/user","method":"GET","children":[{"id":101,"status":1,"created":"2026-04-08T10:22:33.358711Z","modified":"2026-04-08T10:22:33.358711Z","name":"新增用户","icon":null,"path":null,"type":2,"component":null,"pid":2,"identifier":"user:create","api":"/api/system/user","method":"POST"},{"id":102,"status":1,"created":"2026-04-08T10:22:33.358711Z","modified":"2026-04-08T10:22:33.358711Z","name":"编辑用户","icon":null,"path":null,"type":2,"component":null,"pid":2,"identifier":"user:update","api":"/api/system/user/{pk}","method":"PUT"},{"id":103,"status":1,"created":"2026-04-08T10:22:33.358711Z","modified":"2026-04-08T10:22:33.358711Z","name":"删除用户","icon":null,"path":null,"type":2,"component":null,"pid":2,"identifier":"user:delete","api":"/api/system/user/{pk}","method":"DELETE"}]},{"id":3,"status":1,"created":"2026-04-08T08:37:44.993827Z","modified":"2026-04-08T08:37:44.993827Z","name":"角色管理","icon":"TeamOutlined","path":"/main/system/role","type":1,"component":"role/role","pid":1,"identifier":null,"api":"/api/system/role","method":"GET","children":[{"id":111,"status":1,"created":"2026-04-08T10:22:33.358711Z","modified":"2026-04-08T10:22:33.358711Z","name":"新增角色","icon":null,"path":null,"type":2,"component":null,"pid":3,"identifier":"role:create","api":"/api/system/role","method":"POST"},{"id":112,"status":1,"created":"2026-04-08T10:22:33.358711Z","modified":"2026-04-08T10:22:33.358711Z","name":"编辑角色","icon":null,"path":null,"type":2,"component":null,"pid":3,"identifier":"role:update","api":"/api/system/role/{pk}","method":"PUT"},{"id":113,"status":1,"created":"2026-04-08T10:22:33.358711Z","modified":"2026-04-08T10:22:33.358711Z","name":"删除角色","icon":null,"path":null,"type":2,"component":null,"pid":3,"identifier":"role:delete","api":"/api/system/role/{pk}","method":"DELETE"}]},{"id":4,"status":1,"created":"2026-04-08T08:37:44.993827Z","modified":"2026-04-08T08:37:44.993827Z","name":"菜单管理","icon":"MenuOutlined","path":"/main/system/menu","type":1,"component":"menu/menu","pid":1,"identifier":null,"api":"/api/system/menu","method":"GET","children":[{"id":121,"status":1,"created":"2026-04-08T10:22:33.358711Z","modified":"2026-04-08T10:22:33.358711Z","name":"新增菜单","icon":null,"path":null,"type":2,"component":null,"pid":4,"identifier":"menu:create","api":"/api/system/menu","method":"POST"},{"id":122,"status":1,"created":"2026-04-08T10:22:33.358711Z","modified":"2026-04-08T10:22:33.358711Z","name":"编辑菜单","icon":null,"path":null,"type":2,"component":null,"pid":4,"identifier":"menu:update","api":"/api/system/menu/{pk}","method":"PUT"},{"id":123,"status":1,"created":"2026-04-08T10:22:33.358711Z","modified":"2026-04-08T10:22:33.358711Z","name":"删除菜单","icon":null,"path":null,"type":2,"component":null,"pid":4,"identifier":"menu:delete","api":"/api/system/menu/{pk}","method":"DELETE"}]}]},{"id":10,"status":1,"created":"2026-04-08T08:37:44.993827Z","modified":"2026-04-08T08:37:44.993827Z","name":"审核中心","icon":"AuditOutlined","path":"/main/audit","type":0,"component":null,"pid":0,"identifier":null,"api":null,"method":null,"children":[{"id":11,"status":1,"created":"2026-04-08T08:37:44.993827Z","modified":"2026-04-08T08:37:44.993827Z","name":"规则库","icon":"DatabaseOutlined","path":"/main/audit/rules","type":1,"component":"audit/rules","pid":10,"identifier":null,"api":"/api/audit/rules","method":"GET"},{"id":12,"status":1,"created":"2026-04-08T08:37:44.993827Z","modified":"2026-04-08T08:37:44.993827Z","name":"规则检索","icon":"SearchOutlined","path":"/main/audit/search","type":1,"component":"audit/search","pid":10,"identifier":null,"api":"/api/audit/search","method":"POST"},{"id":13,"status":1,"created":"2026-04-08T08:37:44.993827Z","modified":"2026-04-08T08:37:44.993827Z","name":"合规判定","icon":"CheckCircleOutlined","path":"/main/audit/judge","type":1,"component":"audit/judge","pid":10,"identifier":null,"api":"/api/audit/judge","method":"POST"}]}],"msg":"请求成功"}
[2026-04-09 18:20:27,665] INFO e95defe4-2a34-44a9-95dd-811789b729fb Response Log 0.006794929504394531s MutableHeaders({'content-length': '747', 'content-type': 'application/json', 'x-response-time': '0.006794929504394531'})
 {"code":200,"data":[{"id":1,"name":"系统管理","icon":"SettingOutlined","path":"/main/system","type":0,"component":null,"pid":0,"identifier":null,"api":null,"method":null,"children":[{"id":2,"name":"用户管理","icon":"UserOutlined","path":"/main/system/user","type":1,"component":"user/user","pid":1,"identifier":null,"api":"/api/system/user","method":"GET"},{"id":3,"name":"角色管理","icon":"TeamOutlined","path":"/main/system/role","type":1,"component":"role/role","pid":1,"identifier":null,"api":"/api/system/role","method":"GET"},{"id":4,"name":"菜单管理","icon":"MenuOutlined","path":"/main/system/menu","type":1,"component":"menu/menu","pid":1,"identifier":null,"api":"/api/system/menu","method":"GET"}]}],"msg":"请求成功"}
[2026-04-09 18:20:33,374] INFO 76a57e35-c3d7-40d5-ac86-5ce1eed5d1cc Request Log Address(host='127.0.0.1', port=52718) GET http://localhost:8000/api/system/user?offset=1&limit=5 Headers({'accept-language': 'en-US,en;q=0.9,zh-CN;q=0.8,zh;q=0.7', 'accept-encoding': 'gzip, deflate, br, zstd', 'referer': 'http://localhost:5173/main/system/user', 'sec-fetch-dest': 'empty', 'sec-fetch-mode': 'cors', 'sec-fetch-site': 'same-origin', 'sec-ch-ua-mobile': '?0', 'sec-ch-ua': '"Chromium";v="146", "Not-A.Brand";v="24", "Google Chrome";v="146"', 'accept': 'application/json, text/plain, */*', 'user-agent': 'Mozilla/5.0 (Macintosh; Intel Mac OS X 10_15_7) AppleWebKit/537.36 (KHTML, like Gecko) Chrome/146.0.0.0 Safari/537.36', 'authorization': 'Bearer eyJhbGciOiJIUzI1NiIsInR5cCI6IkpXVCJ9.eyJzdWIiOiJsaWhhbyIsImV4cCI6MTc3NjMzMzY0NH0.p0IqVuQ8IZxK4Z2em8sASKbMpNMPf78F1WdSu81Htew', 'sec-ch-ua-platform': '"macOS"', 'connection': 'close', 'host': 'localhost:8000'})
 b''
[2026-04-09 18:20:33,381] INFO 76a57e35-c3d7-40d5-ac86-5ce1eed5d1cc Response Log 0.007036924362182617s MutableHeaders({'content-length': '810', 'content-type': 'application/json', 'x-response-time': '0.007036924362182617'})
 {"code":200,"data":{"total":5,"items":[{"id":5,"status":1,"created":"2026-04-09T09:59:46.951147Z","modified":"2026-04-09T09:59:46.951152Z","username":"lihao","nickname":"李好"},{"id":4,"status":1,"created":"2026-04-08T09:39:23.606547Z","modified":"2026-04-08T09:39:23.606547Z","username":"viewer_01","nickname":"查看员1"},{"id":2,"status":1,"created":"2026-04-08T09:38:01.587305Z","modified":"2026-04-08T09:38:01.587305Z","username":"system_admin","nickname":"系统管理员"},{"id":3,"status":1,"created":"2026-04-08T09:38:01.587305Z","modified":"2026-04-08T09:38:01.587305Z","username":"auditor_01","nickname":"审核员1"},{"id":1,"status":1,"created":"2026-04-08T08:37:44.993827Z","modified":"2026-04-08T09:37:25.117382Z","username":"super_admin","nickname":"超级管理员"}]},"msg":"请求成功"}
[2026-04-09 18:20:34,658] INFO 1885c58f-4043-4bb7-8ace-f9d070acbaa0 Request Log Address(host='127.0.0.1', port=52731) GET http://localhost:8000/api/system/menu Headers({'accept-language': 'en-US,en;q=0.9,zh-CN;q=0.8,zh;q=0.7', 'accept-encoding': 'gzip, deflate, br, zstd', 'referer': 'http://localhost:5173/main/system/menu', 'sec-fetch-dest': 'empty', 'sec-fetch-mode': 'cors', 'sec-fetch-site': 'same-origin', 'sec-ch-ua-mobile': '?0', 'sec-ch-ua': '"Chromium";v="146", "Not-A.Brand";v="24", "Google Chrome";v="146"', 'accept': 'application/json, text/plain, */*', 'user-agent': 'Mozilla/5.0 (Macintosh; Intel Mac OS X 10_15_7) AppleWebKit/537.36 (KHTML, like Gecko) Chrome/146.0.0.0 Safari/537.36', 'authorization': 'Bearer eyJhbGciOiJIUzI1NiIsInR5cCI6IkpXVCJ9.eyJzdWIiOiJsaWhhbyIsImV4cCI6MTc3NjMzMzY0NH0.p0IqVuQ8IZxK4Z2em8sASKbMpNMPf78F1WdSu81Htew', 'sec-ch-ua-platform': '"macOS"', 'connection': 'close', 'host': 'localhost:8000'})
 b''
[2026-04-09 18:20:34,660] INFO 1885c58f-4043-4bb7-8ace-f9d070acbaa0 Response Log 0.002218008041381836s MutableHeaders({'content-length': '4544', 'content-type': 'application/json', 'x-response-time': '0.002218008041381836'})
 {"code":200,"data":[{"id":1,"status":1,"created":"2026-04-08T08:37:44.993827Z","modified":"2026-04-08T08:37:44.993827Z","name":"系统管理","icon":"SettingOutlined","path":"/main/system","type":0,"component":null,"pid":0,"identifier":null,"api":null,"method":null,"children":[{"id":2,"status":1,"created":"2026-04-08T08:37:44.993827Z","modified":"2026-04-08T08:37:44.993827Z","name":"用户管理","icon":"UserOutlined","path":"/main/system/user","type":1,"component":"user/user","pid":1,"identifier":null,"api":"/api/system/user","method":"GET","children":[{"id":101,"status":1,"created":"2026-04-08T10:22:33.358711Z","modified":"2026-04-08T10:22:33.358711Z","name":"新增用户","icon":null,"path":null,"type":2,"component":null,"pid":2,"identifier":"user:create","api":"/api/system/user","method":"POST"},{"id":102,"status":1,"created":"2026-04-08T10:22:33.358711Z","modified":"2026-04-08T10:22:33.358711Z","name":"编辑用户","icon":null,"path":null,"type":2,"component":null,"pid":2,"identifier":"user:update","api":"/api/system/user/{pk}","method":"PUT"},{"id":103,"status":1,"created":"2026-04-08T10:22:33.358711Z","modified":"2026-04-08T10:22:33.358711Z","name":"删除用户","icon":null,"path":null,"type":2,"component":null,"pid":2,"identifier":"user:delete","api":"/api/system/user/{pk}","method":"DELETE"}]},{"id":3,"status":1,"created":"2026-04-08T08:37:44.993827Z","modified":"2026-04-08T08:37:44.993827Z","name":"角色管理","icon":"TeamOutlined","path":"/main/system/role","type":1,"component":"role/role","pid":1,"identifier":null,"api":"/api/system/role","method":"GET","children":[{"id":111,"status":1,"created":"2026-04-08T10:22:33.358711Z","modified":"2026-04-08T10:22:33.358711Z","name":"新增角色","icon":null,"path":null,"type":2,"component":null,"pid":3,"identifier":"role:create","api":"/api/system/role","method":"POST"},{"id":112,"status":1,"created":"2026-04-08T10:22:33.358711Z","modified":"2026-04-08T10:22:33.358711Z","name":"编辑角色","icon":null,"path":null,"type":2,"component":null,"pid":3,"identifier":"role:update","api":"/api/system/role/{pk}","method":"PUT"},{"id":113,"status":1,"created":"2026-04-08T10:22:33.358711Z","modified":"2026-04-08T10:22:33.358711Z","name":"删除角色","icon":null,"path":null,"type":2,"component":null,"pid":3,"identifier":"role:delete","api":"/api/system/role/{pk}","method":"DELETE"}]},{"id":4,"status":1,"created":"2026-04-08T08:37:44.993827Z","modified":"2026-04-08T08:37:44.993827Z","name":"菜单管理","icon":"MenuOutlined","path":"/main/system/menu","type":1,"component":"menu/menu","pid":1,"identifier":null,"api":"/api/system/menu","method":"GET","children":[{"id":121,"status":1,"created":"2026-04-08T10:22:33.358711Z","modified":"2026-04-08T10:22:33.358711Z","name":"新增菜单","icon":null,"path":null,"type":2,"component":null,"pid":4,"identifier":"menu:create","api":"/api/system/menu","method":"POST"},{"id":122,"status":1,"created":"2026-04-08T10:22:33.358711Z","modified":"2026-04-08T10:22:33.358711Z","name":"编辑菜单","icon":null,"path":null,"type":2,"component":null,"pid":4,"identifier":"menu:update","api":"/api/system/menu/{pk}","method":"PUT"},{"id":123,"status":1,"created":"2026-04-08T10:22:33.358711Z","modified":"2026-04-08T10:22:33.358711Z","name":"删除菜单","icon":null,"path":null,"type":2,"component":null,"pid":4,"identifier":"menu:delete","api":"/api/system/menu/{pk}","method":"DELETE"}]}]},{"id":10,"status":1,"created":"2026-04-08T08:37:44.993827Z","modified":"2026-04-08T08:37:44.993827Z","name":"审核中心","icon":"AuditOutlined","path":"/main/audit","type":0,"component":null,"pid":0,"identifier":null,"api":null,"method":null,"children":[{"id":11,"status":1,"created":"2026-04-08T08:37:44.993827Z","modified":"2026-04-08T08:37:44.993827Z","name":"规则库","icon":"DatabaseOutlined","path":"/main/audit/rules","type":1,"component":"audit/rules","pid":10,"identifier":null,"api":"/api/audit/rules","method":"GET"},{"id":12,"status":1,"created":"2026-04-08T08:37:44.993827Z","modified":"2026-04-08T08:37:44.993827Z","name":"规则检索","icon":"SearchOutlined","path":"/main/audit/search","type":1,"component":"audit/search","pid":10,"identifier":null,"api":"/api/audit/search","method":"POST"},{"id":13,"status":1,"created":"2026-04-08T08:37:44.993827Z","modified":"2026-04-08T08:37:44.993827Z","name":"合规判定","icon":"CheckCircleOutlined","path":"/main/audit/judge","type":1,"component":"audit/judge","pid":10,"identifier":null,"api":"/api/audit/judge","method":"POST"}]}],"msg":"请求成功"}
[2026-04-09 18:20:35,812] INFO 08c675ce-d55a-443b-a146-151932de38a1 Request Log Address(host='127.0.0.1', port=52742) GET http://localhost:8000/api/system/role?offset=1&limit=5 Headers({'accept-language': 'en-US,en;q=0.9,zh-CN;q=0.8,zh;q=0.7', 'accept-encoding': 'gzip, deflate, br, zstd', 'referer': 'http://localhost:5173/main/system/role', 'sec-fetch-dest': 'empty', 'sec-fetch-mode': 'cors', 'sec-fetch-site': 'same-origin', 'sec-ch-ua-mobile': '?0', 'sec-ch-ua': '"Chromium";v="146", "Not-A.Brand";v="24", "Google Chrome";v="146"', 'accept': 'application/json, text/plain, */*', 'user-agent': 'Mozilla/5.0 (Macintosh; Intel Mac OS X 10_15_7) AppleWebKit/537.36 (KHTML, like Gecko) Chrome/146.0.0.0 Safari/537.36', 'authorization': 'Bearer eyJhbGciOiJIUzI1NiIsInR5cCI6IkpXVCJ9.eyJzdWIiOiJsaWhhbyIsImV4cCI6MTc3NjMzMzY0NH0.p0IqVuQ8IZxK4Z2em8sASKbMpNMPf78F1WdSu81Htew', 'sec-ch-ua-platform': '"macOS"', 'connection': 'close', 'host': 'localhost:8000'})
 b''
[2026-04-09 18:20:35,822] INFO 08c675ce-d55a-443b-a146-151932de38a1 Response Log 0.009428024291992188s MutableHeaders({'content-length': '824', 'content-type': 'application/json', 'x-response-time': '0.009428024291992188'})
 {"code":200,"data":{"total":4,"items":[{"id":5,"status":1,"created":"2026-04-09T09:34:15.218717Z","modified":"2026-04-09T09:34:15.218724Z","name":"auditor","remark":"审核员","user_count":2,"users":["auditor_01","lihao"]},{"id":4,"status":1,"created":"2026-04-08T09:06:09.299353Z","modified":"2026-04-08T09:06:09.299353Z","name":"viewer","remark":"查看员","user_count":2,"users":["viewer_01","lihao"]},{"id":2,"status":1,"created":"2026-04-08T09:06:09.299353Z","modified":"2026-04-08T09:27:14.388720Z","name":"system_admin","remark":"系统管理员","user_count":2,"users":["system_admin","lihao"]},{"id":1,"status":1,"created":"2026-04-08T08:37:44.993827Z","modified":"2026-04-08T09:23:42.398415Z","name":"super_admin","remark":"超级管理员","user_count":2,"users":["super_admin","lihao"]}]},"msg":"请求成功"}
[2026-04-09 18:20:36,517] INFO cb1b5fe9-b2e1-4154-abb9-0939d8460480 Request Log Address(host='127.0.0.1', port=52746) GET http://localhost:8000/api/system/user?offset=1&limit=5 Headers({'accept-language': 'en-US,en;q=0.9,zh-CN;q=0.8,zh;q=0.7', 'accept-encoding': 'gzip, deflate, br, zstd', 'referer': 'http://localhost:5173/main/system/user', 'sec-fetch-dest': 'empty', 'sec-fetch-mode': 'cors', 'sec-fetch-site': 'same-origin', 'sec-ch-ua-mobile': '?0', 'sec-ch-ua': '"Chromium";v="146", "Not-A.Brand";v="24", "Google Chrome";v="146"', 'accept': 'application/json, text/plain, */*', 'user-agent': 'Mozilla/5.0 (Macintosh; Intel Mac OS X 10_15_7) AppleWebKit/537.36 (KHTML, like Gecko) Chrome/146.0.0.0 Safari/537.36', 'authorization': 'Bearer eyJhbGciOiJIUzI1NiIsInR5cCI6IkpXVCJ9.eyJzdWIiOiJsaWhhbyIsImV4cCI6MTc3NjMzMzY0NH0.p0IqVuQ8IZxK4Z2em8sASKbMpNMPf78F1WdSu81Htew', 'sec-ch-ua-platform': '"macOS"', 'connection': 'close', 'host': 'localhost:8000'})
 b''
[2026-04-09 18:20:36,523] INFO cb1b5fe9-b2e1-4154-abb9-0939d8460480 Response Log 0.005557060241699219s MutableHeaders({'content-length': '810', 'content-type': 'application/json', 'x-response-time': '0.005557060241699219'})
 {"code":200,"data":{"total":5,"items":[{"id":5,"status":1,"created":"2026-04-09T09:59:46.951147Z","modified":"2026-04-09T09:59:46.951152Z","username":"lihao","nickname":"李好"},{"id":4,"status":1,"created":"2026-04-08T09:39:23.606547Z","modified":"2026-04-08T09:39:23.606547Z","username":"viewer_01","nickname":"查看员1"},{"id":2,"status":1,"created":"2026-04-08T09:38:01.587305Z","modified":"2026-04-08T09:38:01.587305Z","username":"system_admin","nickname":"系统管理员"},{"id":3,"status":1,"created":"2026-04-08T09:38:01.587305Z","modified":"2026-04-08T09:38:01.587305Z","username":"auditor_01","nickname":"审核员1"},{"id":1,"status":1,"created":"2026-04-08T08:37:44.993827Z","modified":"2026-04-08T09:37:25.117382Z","username":"super_admin","nickname":"超级管理员"}]},"msg":"请求成功"}
[2026-04-09 18:20:37,927] INFO 94b1b8d7-34d2-4d3a-80d2-2a493bbd79b6 Request Log Address(host='127.0.0.1', port=52762) GET http://localhost:8000/api/system/user/2 Headers({'accept-language': 'en-US,en;q=0.9,zh-CN;q=0.8,zh;q=0.7', 'accept-encoding': 'gzip, deflate, br, zstd', 'referer': 'http://localhost:5173/main/system/user', 'sec-fetch-dest': 'empty', 'sec-fetch-mode': 'cors', 'sec-fetch-site': 'same-origin', 'sec-ch-ua-mobile': '?0', 'sec-ch-ua': '"Chromium";v="146", "Not-A.Brand";v="24", "Google Chrome";v="146"', 'accept': 'application/json, text/plain, */*', 'user-agent': 'Mozilla/5.0 (Macintosh; Intel Mac OS X 10_15_7) AppleWebKit/537.36 (KHTML, like Gecko) Chrome/146.0.0.0 Safari/537.36', 'authorization': 'Bearer eyJhbGciOiJIUzI1NiIsInR5cCI6IkpXVCJ9.eyJzdWIiOiJsaWhhbyIsImV4cCI6MTc3NjMzMzY0NH0.p0IqVuQ8IZxK4Z2em8sASKbMpNMPf78F1WdSu81Htew', 'sec-ch-ua-platform': '"macOS"', 'connection': 'close', 'host': 'localhost:8000'})
 b''
[2026-04-09 18:20:37,928] INFO 49c12115-936b-476e-9a22-f0fa04e08668 Request Log Address(host='127.0.0.1', port=52764) GET http://localhost:8000/api/system/role?limit=100 Headers({'accept-language': 'en-US,en;q=0.9,zh-CN;q=0.8,zh;q=0.7', 'accept-encoding': 'gzip, deflate, br, zstd', 'referer': 'http://localhost:5173/main/system/user', 'sec-fetch-dest': 'empty', 'sec-fetch-mode': 'cors', 'sec-fetch-site': 'same-origin', 'sec-ch-ua-mobile': '?0', 'sec-ch-ua': '"Chromium";v="146", "Not-A.Brand";v="24", "Google Chrome";v="146"', 'accept': 'application/json, text/plain, */*', 'user-agent': 'Mozilla/5.0 (Macintosh; Intel Mac OS X 10_15_7) AppleWebKit/537.36 (KHTML, like Gecko) Chrome/146.0.0.0 Safari/537.36', 'authorization': 'Bearer eyJhbGciOiJIUzI1NiIsInR5cCI6IkpXVCJ9.eyJzdWIiOiJsaWhhbyIsImV4cCI6MTc3NjMzMzY0NH0.p0IqVuQ8IZxK4Z2em8sASKbMpNMPf78F1WdSu81Htew', 'sec-ch-ua-platform': '"macOS"', 'connection': 'close', 'host': 'localhost:8000'})
 b''
[2026-04-09 18:20:37,931] INFO 94b1b8d7-34d2-4d3a-80d2-2a493bbd79b6 Response Log 0.0037899017333984375s MutableHeaders({'content-length': '248', 'content-type': 'application/json', 'x-response-time': '0.0037899017333984375'})
 {"code":200,"data":{"id":2,"status":1,"created":"2026-04-08T09:38:01.587305Z","modified":"2026-04-08T09:38:01.587305Z","username":"system_admin","nickname":"系统管理员","roles":[{"id":2,"name":"system_admin","status":5}]},"msg":"请求成功"}
[2026-04-09 18:20:37,935] INFO 49c12115-936b-476e-9a22-f0fa04e08668 Response Log 0.006400108337402344s MutableHeaders({'content-length': '824', 'content-type': 'application/json', 'x-response-time': '0.006400108337402344'})
 {"code":200,"data":{"total":4,"items":[{"id":5,"status":1,"created":"2026-04-09T09:34:15.218717Z","modified":"2026-04-09T09:34:15.218724Z","name":"auditor","remark":"审核员","user_count":2,"users":["auditor_01","lihao"]},{"id":4,"status":1,"created":"2026-04-08T09:06:09.299353Z","modified":"2026-04-08T09:06:09.299353Z","name":"viewer","remark":"查看员","user_count":2,"users":["viewer_01","lihao"]},{"id":2,"status":1,"created":"2026-04-08T09:06:09.299353Z","modified":"2026-04-08T09:27:14.388720Z","name":"system_admin","remark":"系统管理员","user_count":2,"users":["system_admin","lihao"]},{"id":1,"status":1,"created":"2026-04-08T08:37:44.993827Z","modified":"2026-04-08T09:23:42.398415Z","name":"super_admin","remark":"超级管理员","user_count":2,"users":["super_admin","lihao"]}]},"msg":"请求成功"}
[2026-04-09 18:20:55,731] INFO fcdb89a3-7f41-4176-ad77-105889c1ca06 Request Log Address(host='127.0.0.1', port=52830) GET http://localhost:8000/api/system/role?offset=1&limit=5 Headers({'accept-language': 'en-US,en;q=0.9,zh-CN;q=0.8,zh;q=0.7', 'accept-encoding': 'gzip, deflate, br, zstd', 'referer': 'http://localhost:5173/main/system/role', 'sec-fetch-dest': 'empty', 'sec-fetch-mode': 'cors', 'sec-fetch-site': 'same-origin', 'sec-ch-ua-mobile': '?0', 'sec-ch-ua': '"Chromium";v="146", "Not-A.Brand";v="24", "Google Chrome";v="146"', 'accept': 'application/json, text/plain, */*', 'user-agent': 'Mozilla/5.0 (Macintosh; Intel Mac OS X 10_15_7) AppleWebKit/537.36 (KHTML, like Gecko) Chrome/146.0.0.0 Safari/537.36', 'authorization': 'Bearer eyJhbGciOiJIUzI1NiIsInR5cCI6IkpXVCJ9.eyJzdWIiOiJsaWhhbyIsImV4cCI6MTc3NjMzMzY0NH0.p0IqVuQ8IZxK4Z2em8sASKbMpNMPf78F1WdSu81Htew', 'sec-ch-ua-platform': '"macOS"', 'connection': 'close', 'host': 'localhost:8000'})
 b''
[2026-04-09 18:20:55,741] INFO fcdb89a3-7f41-4176-ad77-105889c1ca06 Response Log 0.009408950805664062s MutableHeaders({'content-length': '824', 'content-type': 'application/json', 'x-response-time': '0.009408950805664062'})
 {"code":200,"data":{"total":4,"items":[{"id":5,"status":1,"created":"2026-04-09T09:34:15.218717Z","modified":"2026-04-09T09:34:15.218724Z","name":"auditor","remark":"审核员","user_count":2,"users":["auditor_01","lihao"]},{"id":4,"status":1,"created":"2026-04-08T09:06:09.299353Z","modified":"2026-04-08T09:06:09.299353Z","name":"viewer","remark":"查看员","user_count":2,"users":["viewer_01","lihao"]},{"id":2,"status":1,"created":"2026-04-08T09:06:09.299353Z","modified":"2026-04-08T09:27:14.388720Z","name":"system_admin","remark":"系统管理员","user_count":2,"users":["system_admin","lihao"]},{"id":1,"status":1,"created":"2026-04-08T08:37:44.993827Z","modified":"2026-04-08T09:23:42.398415Z","name":"super_admin","remark":"超级管理员","user_count":2,"users":["super_admin","lihao"]}]},"msg":"请求成功"}
